TransactionID,AccountNumber,Timestamp,Amount,MerchantName,City,Category,Channel,CustomerAge,CustomerOccupation,IsFraud
TXN-000000,ACCT-1128,2025-03-04 09:37:39,17.5,DoorDash,Denver,Education,Online,21,Engineer,0
TXN-000001,ACCT-1117,2025-05-13 12:00:19,232.99,Zara,Houston,Groceries,Online,56,Teacher,0
TXN-000002,ACCT-1185,2025-10-20 13:34:16,115.74,CVS Pharmacy,New York,Education,In-Store,58,Lawyer,0
TXN-000003,ACCT-1049,2025-06-10 08:49:51,246.31,Trader Joes,Los Angeles,Education,Mobile App,48,Accountant,0
TXN-000004,ACCT-1194,2025-04-25 12:17:51,178.07,Zara,Seattle,Education,Online,84,Lawyer,0
TXN-000005,ACCT-1109,2025-10-21 09:13:49,86.05,Shell Gas,Nashville,Education,In-Store,42,Student,0
TXN-000006,ACCT-1020,2025-04-30 12:47:53,111.94,Walgreens,Detroit,Transportation,Online,36,Engineer,0
TXN-000007,ACCT-1071,2025-05-25 10:13:15,29.84,Costco,Nashville,Shopping,Mobile App,42,Analyst,0
TXN-000008,ACCT-1069,2025-12-02 12:37:36,42.44,Kroger,Dallas,Entertainment,In-Store,32,Manager,0
TXN-000009,ACCT-1100,2025-08-19 17:07:52,125.91,Marriott,Phoenix,Personal Care,ATM,80,Manager,0
TXN-000010,ACCT-1127,2025-09-01 11:18:11,88.14,Spotify,Philadelphia,Dining,Mobile App,32,Nurse,0
TXN-000011,ACCT-1120,2025-01-23 20:52:23,309.09,Nike,Philadelphia,Gas,Phone,54,Teacher,0
TXN-000012,ACCT-1160,2025-06-04 12:56:34,84.08,Grubhub,San Francisco,Gas,In-Store,40,Nurse,0
TXN-000013,ACCT-1194,2025-06-27 12:27:58,301.39,Walgreens,San Antonio,Utilities,Phone,84,Lawyer,0
TXN-000014,ACCT-1169,2025-08-03 08:05:14,48.01,Nike,Chicago,Utilities,Online,36,Designer,0
TXN-000015,ACCT-1072,2025-03-26 12:26:47,165.36,Whole Foods,San Francisco,Subscriptions,ATM,53,Analyst,0
TXN-000016,ACCT-1037,2025-07-20 10:50:34,29.69,Costco,Atlanta,Entertainment,Mobile App,18,Designer,0
TXN-000017,ACCT-1164,2025-02-27 17:31:20,239.65,Apple Store,Seattle,Education,ATM,36,Freelancer,0
TXN-000018,ACCT-1079,2025-09-28 19:51:25,171.88,United Airlines,Phoenix,Entertainment,Online,52,Retired,0
TXN-000019,ACCT-1085,2025-06-10 15:24:17,139.02,Hilton,Dallas,Healthcare,Online,38,Student,0
TXN-000020,ACCT-1113,2025-06-13 18:25:11,39.91,Netflix,Houston,Subscriptions,In-Store,41,Designer,0
TXN-000021,ACCT-1015,2025-05-17 21:08:46,116.4,Airbnb,Minneapolis,Gas,Online,43,Lawyer,0
TXN-000022,ACCT-1093,2025-12-29 08:07:41,43.15,Whole Foods,Boston,Gas,Online,41,Chef,0
TXN-000023,ACCT-1149,2025-02-06 17:09:00,771.7,Trader Joes,Los Angeles,Shopping,In-Store,41,Sales Rep,1
TXN-000024,ACCT-1080,2025-01-03 14:06:49,102.1,Lyft,Seattle,Healthcare,In-Store,79,Freelancer,0
TXN-000025,ACCT-1116,2025-09-23 11:01:25,93.24,Costco,San Francisco,Travel,Mobile App,19,Lawyer,0
TXN-000026,ACCT-1091,2025-08-01 17:54:22,259.57,Zara,Miami,Travel,Mobile App,36,Manager,0
TXN-000027,ACCT-1031,2025-06-03 07:19:17,52.18,DoorDash,San Antonio,Shopping,Online,71,Doctor,0
TXN-000028,ACCT-1131,2025-05-19 09:24:22,154.75,Home Depot,Dallas,Dining,In-Store,34,Lawyer,0
TXN-000029,ACCT-1152,2025-01-15 15:09:23,390.84,McDonalds,San Francisco,Transportation,Online,58,Chef,0
TXN-000030,ACCT-1086,2025-10-28 13:01:08,27.36,DoorDash,Philadelphia,Personal Care,Online,20,Manager,0
TXN-000031,ACCT-1027,2025-03-26 15:12:01,250.52,Best Buy,Houston,Travel,Online,28,Sales Rep,0
TXN-000032,ACCT-1028,2025-04-22 17:03:59,17.59,Kroger,Seattle,Shopping,In-Store,23,Freelancer,0
TXN-000033,ACCT-1119,2025-06-21 09:41:42,101.04,Home Depot,Boston,Healthcare,ATM,41,Designer,0
TXN-000034,ACCT-1155,2025-03-28 16:30:06,223.62,Lyft,Los Angeles,Personal Care,Online,35,Accountant,0
TXN-000035,ACCT-1166,2025-12-09 08:13:31,65.79,Netflix,Boston,Transportation,In-Store,21,Designer,0
TXN-000036,ACCT-1191,2025-05-12 02:06:00,190.13,Amazon,San Francisco,Entertainment,Online,61,Designer,1
TXN-000037,ACCT-1048,2025-10-06 13:14:42,41.84,Walmart,San Antonio,Transportation,In-Store,25,Lawyer,0
TXN-000038,ACCT-1159,2025-01-12 11:15:13,191.0,Airbnb,San Diego,Healthcare,Online,39,Student,0
TXN-000039,ACCT-1176,2025-03-25 16:07:21,121.54,Amazon,Boston,Personal Care,Online,62,Designer,0
TXN-000040,ACCT-1114,2025-04-09 19:04:13,46.75,Zara,Boston,Transportation,In-Store,65,Teacher,0
TXN-000041,ACCT-1127,2025-06-08 21:35:05,72.91,Target,Seattle,Transportation,In-Store,32,Nurse,0
TXN-000042,ACCT-1100,2025-07-07 11:30:33,182.12,Marriott,Phoenix,Healthcare,Online,80,Manager,0
TXN-000043,ACCT-1172,2025-02-06 08:01:42,42.67,Amazon,Austin,Shopping,Mobile App,25,Nurse,0
TXN-000044,ACCT-1055,2025-09-13 12:25:40,352.66,Netflix,Denver,Gas,In-Store,46,Nurse,0
TXN-000045,ACCT-1051,2025-09-04 11:08:57,376.94,Amazon,Atlanta,Healthcare,In-Store,45,Chef,0
TXN-000046,ACCT-1181,2025-04-11 07:15:50,203.18,Trader Joes,Detroit,Groceries,ATM,48,Manager,0
TXN-000047,ACCT-1098,2025-03-24 18:27:45,693.02,Amazon,Houston,Subscriptions,Online,37,Sales Rep,0
TXN-000048,ACCT-1087,2025-12-14 13:14:41,490.04,McDonalds,Seattle,Healthcare,ATM,61,Manager,0
TXN-000049,ACCT-1001,2025-02-07 10:22:05,235.26,Nike,Minneapolis,Gas,Online,64,Nurse,0
TXN-000050,ACCT-1058,2025-03-06 09:44:23,259.92,Amazon,San Diego,Healthcare,In-Store,36,Designer,0
TXN-000051,ACCT-1072,2025-05-31 14:21:04,221.58,Shell Gas,San Diego,Dining,Online,53,Analyst,0
TXN-000052,ACCT-1030,2025-06-10 16:46:37,96.41,Home Depot,Seattle,Utilities,Online,48,Manager,0
TXN-000053,ACCT-1074,2025-10-26 17:46:13,189.75,Delta Airlines,Miami,Personal Care,Mobile App,42,Freelancer,0
TXN-000054,ACCT-1187,2025-02-23 09:43:58,271.57,Walgreens,San Antonio,Healthcare,Online,28,Freelancer,0
TXN-000055,ACCT-1186,2025-02-07 12:27:33,26.32,Delta Airlines,Dallas,Transportation,ATM,19,Freelancer,0
TXN-000056,ACCT-1195,2025-01-21 12:16:50,80.93,Walmart,Houston,Personal Care,In-Store,46,Retired,0
TXN-000057,ACCT-1009,2025-07-13 11:51:49,63.74,DoorDash,Austin,Personal Care,Mobile App,69,Analyst,0
TXN-000058,ACCT-1053,2025-08-18 09:22:42,27.39,Hilton,Philadelphia,Education,Online,20,Student,0
TXN-000059,ACCT-1009,2025-04-30 14:23:53,56.86,Nike,Austin,Subscriptions,Online,69,Analyst,0
TXN-000060,ACCT-1038,2025-11-02 16:56:20,97.85,Spotify,Chicago,Gas,Mobile App,42,Nurse,0
TXN-000061,ACCT-1173,2025-03-21 15:54:27,174.46,Spotify,Chicago,Subscriptions,In-Store,44,Retired,0
TXN-000062,ACCT-1011,2025-04-23 13:41:49,397.73,Costco,Atlanta,Subscriptions,Online,47,Doctor,0
TXN-000063,ACCT-1182,2025-02-06 07:20:11,385.82,United Airlines,Denver,Education,In-Store,55,Lawyer,0
TXN-000064,ACCT-1063,2025-02-13 11:24:26,109.58,Walmart,Austin,Groceries,Online,70,Driver,0
TXN-000065,ACCT-1058,2025-09-29 12:17:57,272.56,Marriott,Miami,Healthcare,Online,36,Designer,0
TXN-000066,ACCT-1132,2025-12-29 07:13:56,459.16,Grubhub,Miami,Utilities,In-Store,54,Manager,0
TXN-000067,ACCT-1183,2025-05-01 14:58:11,203.14,Uber,Portland,Travel,Online,60,Retired,0
TXN-000068,ACCT-1081,2025-05-06 11:06:46,68.02,Apple Store,Denver,Dining,Phone,77,Accountant,0
TXN-000069,ACCT-1129,2025-07-09 15:36:27,55.92,United Airlines,Chicago,Shopping,In-Store,32,Sales Rep,0
TXN-000070,ACCT-1117,2025-04-22 17:02:58,312.66,Uber,Houston,Education,Mobile App,56,Teacher,0
TXN-000071,ACCT-1101,2025-08-19 15:56:04,31.2,Whole Foods,Minneapolis,Healthcare,In-Store,24,Doctor,0
TXN-000072,ACCT-1151,2025-03-24 15:22:19,159.74,Amazon,Seattle,Education,Online,36,Retired,0
TXN-000073,ACCT-1000,2025-02-28 20:02:40,106.09,Target,Detroit,Gas,In-Store,59,Freelancer,0
TXN-000074,ACCT-1016,2025-04-28 13:44:47,186.27,Walmart,Miami,Groceries,Online,26,Driver,0
TXN-000075,ACCT-1195,2025-07-20 12:15:15,575.04,DoorDash,Houston,Healthcare,In-Store,46,Retired,0
TXN-000076,ACCT-1136,2025-07-18 16:53:19,280.24,Uber,Boston,Healthcare,ATM,60,Sales Rep,0
TXN-000077,ACCT-1053,2025-07-30 13:43:28,19.56,Spotify,Philadelphia,Transportation,In-Store,20,Student,0
TXN-000078,ACCT-1119,2025-10-21 12:16:11,125.25,Walmart,Boston,Education,In-Store,41,Designer,0
TXN-000079,ACCT-1017,2025-08-14 14:15:39,135.47,Airbnb,San Diego,Gas,Mobile App,76,Nurse,0
TXN-000080,ACCT-1001,2025-01-14 20:53:57,499.84,Grubhub,Minneapolis,Shopping,In-Store,64,Nurse,0
TXN-000081,ACCT-1089,2025-09-24 23:50:22,79.56,Whole Foods,Dallas,Utilities,In-Store,18,Driver,0
TXN-000082,ACCT-1004,2025-05-17 10:37:39,217.02,CVS Pharmacy,Denver,Groceries,Mobile App,28,Designer,0
TXN-000083,ACCT-1057,2025-01-28 23:42:04,608.7,Zara,Seattle,Subscriptions,Phone,55,Analyst,0
TXN-000084,ACCT-1117,2025-05-22 22:33:34,241.9,Nike,Portland,Personal Care,Mobile App,56,Teacher,0
TXN-000085,ACCT-1027,2025-10-12 15:19:34,147.4,Uber,Houston,Education,Online,28,Sales Rep,0
TXN-000086,ACCT-1064,2025-08-21 12:04:44,85.63,Trader Joes,Austin,Entertainment,Phone,19,Driver,0
TXN-000087,ACCT-1138,2025-06-26 22:27:21,117.86,Grubhub,Chicago,Healthcare,In-Store,29,Accountant,0
TXN-000088,ACCT-1009,2025-11-11 11:41:22,29.37,Nike,Austin,Utilities,In-Store,69,Analyst,0
TXN-000089,ACCT-1192,2025-12-23 21:03:41,399.48,Apple Store,San Antonio,Groceries,Online,56,Designer,0
TXN-000090,ACCT-1047,2025-05-10 09:03:35,71.68,Kroger,Dallas,Utilities,In-Store,75,Sales Rep,0
TXN-000091,ACCT-1191,2025-01-21 22:23:29,203.07,Delta Airlines,San Francisco,Education,Online,61,Designer,0
TXN-000092,ACCT-1152,2025-02-05 09:56:08,392.36,Chevron,Atlanta,Dining,Online,58,Chef,0
TXN-000093,ACCT-1103,2025-05-05 14:24:13,46.54,Hilton,Houston,Healthcare,Mobile App,23,Sales Rep,0
TXN-000094,ACCT-1033,2025-12-27 16:39:57,69.03,Best Buy,Miami,Subscriptions,In-Store,43,Teacher,0
TXN-000095,ACCT-1033,2025-10-24 12:30:34,131.21,Zara,Miami,Shopping,In-Store,43,Teacher,0
TXN-000096,ACCT-1004,2025-01-07 18:27:20,364.78,DoorDash,Denver,Travel,Online,28,Designer,0
TXN-000097,ACCT-1139,2025-09-21 10:24:34,125.24,McDonalds,Los Angeles,Education,Online,40,Driver,0
TXN-000098,ACCT-1046,2025-12-21 15:02:22,88.21,Nike,Atlanta,Healthcare,In-Store,27,Driver,0
TXN-000099,ACCT-1172,2025-09-21 11:08:45,34.59,Whole Foods,Austin,Subscriptions,Online,25,Nurse,0
TXN-000100,ACCT-1115,2025-02-06 11:43:20,84.92,Hilton,San Francisco,Personal Care,Mobile App,40,Sales Rep,0
TXN-000101,ACCT-1022,2025-03-13 09:22:00,374.31,QuickWire Transfers,Lagos,Travel,Online,34,Analyst,1
TXN-000102,ACCT-1069,2025-11-10 20:47:50,44.45,Nike,Minneapolis,Dining,Online,32,Manager,0
TXN-000103,ACCT-1082,2025-10-03 17:11:47,78.98,DoorDash,Philadelphia,Entertainment,Phone,26,Driver,0
TXN-000104,ACCT-1000,2025-08-26 09:38:43,617.94,Best Buy,Portland,Education,Phone,59,Freelancer,0
TXN-000105,ACCT-1135,2025-05-23 16:24:15,97.88,Costco,Los Angeles,Dining,In-Store,37,Driver,0
TXN-000106,ACCT-1106,2025-05-13 20:37:31,34.46,Zara,Seattle,Personal Care,Online,23,Retired,0
TXN-000107,ACCT-1147,2025-09-19 09:55:09,97.16,Walmart,Atlanta,Healthcare,Mobile App,75,Doctor,0
TXN-000108,ACCT-1179,2025-01-27 10:40:00,72.39,Apple Store,San Diego,Shopping,Online,41,Engineer,0
TXN-000109,ACCT-1020,2025-02-24 07:22:00,1500.0,Grubhub,Austin,Travel,ATM,36,Engineer,1
TXN-000110,ACCT-1080,2025-11-07 12:37:30,139.56,Delta Airlines,Seattle,Education,Phone,79,Freelancer,0
TXN-000111,ACCT-1071,2025-03-06 21:16:15,112.12,Amazon,Nashville,Travel,In-Store,42,Analyst,0
TXN-000112,ACCT-1081,2025-03-25 13:47:33,174.82,Spotify,Denver,Personal Care,Phone,77,Accountant,0
TXN-000113,ACCT-1084,2025-05-05 19:56:00,500.0,Nike,Nashville,Shopping,Online,24,Engineer,1
TXN-000114,ACCT-1142,2025-04-27 10:03:00,114.57,Delta Airlines,Los Angeles,Personal Care,Mobile App,36,Analyst,0
TXN-000115,ACCT-1082,2025-02-17 13:55:48,45.48,Shell Gas,Philadelphia,Travel,In-Store,26,Driver,0
TXN-000116,ACCT-1081,2025-03-13 12:31:04,369.21,Best Buy,Denver,Healthcare,In-Store,77,Accountant,0
TXN-000117,ACCT-1121,2025-09-17 11:52:59,128.05,Home Depot,Houston,Groceries,Online,35,Accountant,0
TXN-000118,ACCT-1010,2025-12-27 12:35:01,25.78,Airbnb,Philadelphia,Groceries,Mobile App,19,Sales Rep,0
TXN-000119,ACCT-1085,2025-05-17 09:08:49,143.65,Hilton,Dallas,Shopping,Online,38,Student,0
TXN-000120,ACCT-1057,2025-08-23 12:39:15,413.94,Home Depot,Seattle,Subscriptions,In-Store,55,Analyst,0
TXN-000121,ACCT-1082,2025-01-13 15:03:24,40.3,Apple Store,Philadelphia,Healthcare,Mobile App,26,Driver,0
TXN-000122,ACCT-1027,2025-10-06 18:50:43,127.22,Uber,Houston,Healthcare,Online,28,Sales Rep,0
TXN-000123,ACCT-1024,2025-12-07 09:46:15,271.32,CVS Pharmacy,Portland,Travel,Online,44,Lawyer,0
TXN-000124,ACCT-1092,2025-12-07 15:36:19,196.62,Shell Gas,Minneapolis,Dining,In-Store,32,Accountant,0
TXN-000125,ACCT-1109,2025-01-24 14:50:38,63.31,Shell Gas,Nashville,Shopping,Phone,42,Student,0
TXN-000126,ACCT-1110,2025-08-26 10:15:52,99.27,Home Depot,San Francisco,Shopping,Online,34,Analyst,0
TXN-000127,ACCT-1033,2025-08-04 09:12:08,43.95,CVS Pharmacy,Miami,Gas,In-Store,43,Teacher,0
TXN-000128,ACCT-1091,2025-03-12 10:17:46,135.07,Apple Store,Miami,Travel,ATM,36,Manager,0
TXN-000129,ACCT-1194,2025-12-04 15:12:00,81.75,Walgreens,San Diego,Subscriptions,Mobile App,84,Lawyer,0
TXN-000130,ACCT-1020,2025-03-21 17:06:01,157.15,Kroger,Detroit,Healthcare,Online,36,Engineer,0
TXN-000131,ACCT-1030,2025-07-14 15:24:47,212.38,Nike,Seattle,Dining,In-Store,48,Manager,0
TXN-000132,ACCT-1004,2025-06-26 07:28:54,345.15,DoorDash,Denver,Personal Care,In-Store,28,Designer,0
TXN-000133,ACCT-1128,2025-05-14 16:35:07,62.86,Lyft,Denver,Travel,In-Store,21,Engineer,0
TXN-000134,ACCT-1028,2025-07-06 08:53:27,41.86,Kroger,Seattle,Healthcare,ATM,23,Freelancer,0
TXN-000135,ACCT-1024,2025-07-11 19:02:28,216.58,Home Depot,Philadelphia,Entertainment,Mobile App,44,Lawyer,1
TXN-000136,ACCT-1029,2025-04-26 16:41:25,107.59,Shell Gas,New York,Gas,In-Store,32,Freelancer,0
TXN-000137,ACCT-1093,2025-04-12 15:18:10,41.48,McDonalds,Boston,Travel,Mobile App,41,Chef,0
TXN-000138,ACCT-1190,2025-03-28 13:11:56,260.96,Grubhub,Nashville,Entertainment,In-Store,40,Teacher,0
TXN-000139,ACCT-1069,2025-04-28 17:25:13,134.19,Marriott,Minneapolis,Travel,ATM,32,Manager,0
TXN-000140,ACCT-1119,2025-01-18 11:38:53,170.9,Apple Store,Boston,Shopping,In-Store,41,Designer,0
TXN-000141,ACCT-1043,2025-10-18 13:47:42,327.4,McDonalds,Atlanta,Utilities,ATM,34,Manager,0
TXN-000142,ACCT-1028,2025-01-01 14:36:57,35.87,Safeway,Seattle,Groceries,In-Store,23,Freelancer,0
TXN-000143,ACCT-1085,2025-05-13 07:16:33,168.59,CVS Pharmacy,Dallas,Entertainment,Mobile App,38,Student,0
TXN-000144,ACCT-1193,2025-06-17 16:50:19,70.51,Whole Foods,Nashville,Travel,In-Store,42,Sales Rep,0
TXN-000145,ACCT-1018,2025-01-01 11:46:22,112.07,Airbnb,Seattle,Travel,In-Store,28,Retired,0
TXN-000146,ACCT-1044,2025-06-17 04:18:09,49.87,Shell Gas,Portland,Subscriptions,ATM,73,Doctor,0
TXN-000147,ACCT-1100,2025-02-15 17:07:23,60.0,Marriott,Phoenix,Subscriptions,Mobile App,80,Manager,0
TXN-000148,ACCT-1076,2025-03-29 21:12:12,8.97,United Airlines,Portland,Utilities,Online,18,Teacher,0
TXN-000149,ACCT-1046,2025-04-26 09:21:15,55.65,Netflix,Atlanta,Dining,Online,27,Driver,0
TXN-000150,ACCT-1073,2025-03-18 10:16:47,146.25,Starbucks,Miami,Utilities,Online,34,Analyst,0
TXN-000151,ACCT-1126,2025-05-30 21:11:44,134.43,Trader Joes,Portland,Education,Online,30,Driver,0
TXN-000152,ACCT-1075,2025-06-18 01:53:23,99.28,United Airlines,Denver,Gas,Online,81,Accountant,0
TXN-000153,ACCT-1086,2025-12-13 14:06:54,42.7,Zara,Philadelphia,Personal Care,Online,20,Manager,0
TXN-000154,ACCT-1173,2025-07-29 09:09:00,2594.45,Target,Chicago,Entertainment,Online,44,Retired,1
TXN-000155,ACCT-1184,2025-07-27 11:58:27,81.5,Trader Joes,Seattle,Gas,In-Store,30,Analyst,0
TXN-000156,ACCT-1182,2025-11-19 07:13:55,409.6,United Airlines,Denver,Gas,ATM,55,Lawyer,0
TXN-000157,ACCT-1040,2025-11-30 13:57:50,155.76,Safeway,Miami,Shopping,In-Store,29,Driver,0
TXN-000158,ACCT-1133,2025-09-16 15:01:31,29.96,Grubhub,Nashville,Groceries,Online,19,Student,0
TXN-000159,ACCT-1126,2025-02-14 16:45:00,180.42,Trader Joes,Portland,Shopping,Mobile App,30,Driver,0
TXN-000160,ACCT-1009,2025-04-12 09:40:49,94.27,Nike,Austin,Shopping,In-Store,69,Analyst,0
TXN-000161,ACCT-1000,2025-03-23 08:44:20,436.09,Best Buy,Portland,Dining,Online,59,Freelancer,0
TXN-000162,ACCT-1126,2025-12-27 16:26:47,300.78,United Airlines,Portland,Entertainment,ATM,30,Driver,0
TXN-000163,ACCT-1138,2025-05-16 12:57:22,193.6,Grubhub,Seattle,Gas,Online,29,Accountant,0
TXN-000164,ACCT-1022,2025-04-18 18:53:15,103.5,Marriott,Los Angeles,Healthcare,In-Store,34,Analyst,0
TXN-000165,ACCT-1151,2025-12-21 09:30:27,389.2,Amazon,Denver,Gas,In-Store,36,Retired,0
TXN-000166,ACCT-1173,2025-11-14 11:54:01,77.73,Best Buy,Chicago,Education,Online,44,Retired,0
TXN-000167,ACCT-1069,2025-05-07 12:03:14,72.87,Shell Gas,Dallas,Travel,In-Store,32,Manager,0
TXN-000168,ACCT-1175,2025-11-13 13:21:00,820.69,GoldBullion Direct,Minsk,Shopping,Online,59,Student,1
TXN-000169,ACCT-1056,2025-03-22 11:49:36,169.31,Hilton,Philadelphia,Entertainment,ATM,39,Freelancer,0
TXN-000170,ACCT-1074,2025-10-21 15:18:42,130.4,CVS Pharmacy,Miami,Travel,In-Store,42,Freelancer,0
TXN-000171,ACCT-1107,2025-09-29 10:27:15,233.26,Trader Joes,New York,Healthcare,Mobile App,63,Student,1
TXN-000172,ACCT-1146,2025-03-02 09:44:20,58.21,CVS Pharmacy,Atlanta,Personal Care,In-Store,39,Accountant,0
TXN-000173,ACCT-1075,2025-08-25 22:25:46,66.43,Safeway,Denver,Utilities,Mobile App,81,Accountant,0
TXN-000174,ACCT-1012,2025-01-15 14:20:41,55.33,McDonalds,Nashville,Dining,Mobile App,22,Teacher,0
TXN-000175,ACCT-1125,2025-06-22 15:20:33,183.19,United Airlines,Atlanta,Gas,In-Store,61,Teacher,0
TXN-000176,ACCT-1048,2025-08-06 16:44:25,126.04,Lyft,San Antonio,Shopping,Online,25,Lawyer,0
TXN-000177,ACCT-1165,2025-04-26 22:57:25,22.24,Best Buy,Los Angeles,Transportation,Online,22,Accountant,0
TXN-000178,ACCT-1186,2025-10-29 17:05:06,34.3,Apple Store,Dallas,Transportation,In-Store,19,Freelancer,0
TXN-000179,ACCT-1059,2025-02-17 16:41:17,352.4,Chevron,Los Angeles,Education,Mobile App,48,Doctor,0
TXN-000180,ACCT-1105,2025-08-01 20:19:18,675.7,United Airlines,New York,Travel,Online,51,Teacher,0
TXN-000181,ACCT-1139,2025-11-04 14:40:21,197.56,Walgreens,Seattle,Utilities,ATM,40,Driver,0
TXN-000182,ACCT-1121,2025-10-02 10:39:55,122.87,Zara,Houston,Personal Care,Online,35,Accountant,0
TXN-000183,ACCT-1050,2025-05-11 06:48:12,91.8,Netflix,Atlanta,Dining,In-Store,43,Designer,0
TXN-000184,ACCT-1042,2025-03-11 11:40:07,197.07,Starbucks,Seattle,Shopping,ATM,50,Sales Rep,0
TXN-000185,ACCT-1175,2025-07-26 14:22:11,339.25,Home Depot,Los Angeles,Subscriptions,Phone,59,Student,0
TXN-000186,ACCT-1112,2025-09-11 11:57:33,30.27,Lyft,San Antonio,Groceries,Online,23,Sales Rep,0
TXN-000187,ACCT-1038,2025-04-10 14:45:35,210.85,Grubhub,Chicago,Groceries,ATM,42,Nurse,0
TXN-000188,ACCT-1088,2025-03-30 12:46:51,86.62,Kroger,Phoenix,Gas,In-Store,33,Designer,0
TXN-000189,ACCT-1198,2025-02-20 08:38:16,310.08,Kroger,Houston,Transportation,In-Store,53,Engineer,0
TXN-000190,ACCT-1027,2025-08-08 08:59:03,210.04,Uber,Houston,Personal Care,Online,28,Sales Rep,0
TXN-000191,ACCT-1067,2025-10-04 13:33:36,246.44,Costco,Boston,Utilities,Online,62,Doctor,0
TXN-000192,ACCT-1070,2025-08-13 16:10:53,537.06,Spotify,Portland,Entertainment,Mobile App,56,Student,0
TXN-000193,ACCT-1195,2025-11-11 09:50:59,253.89,Marriott,Houston,Utilities,Online,46,Retired,0
TXN-000194,ACCT-1016,2025-08-02 11:17:01,87.75,Marriott,Miami,Entertainment,In-Store,26,Driver,0
TXN-000195,ACCT-1123,2025-09-14 13:20:00,51.73,Hilton,Seattle,Utilities,In-Store,37,Lawyer,0
TXN-000196,ACCT-1120,2025-07-11 16:47:52,239.06,McDonalds,Minneapolis,Gas,In-Store,54,Teacher,0
TXN-000197,ACCT-1028,2025-03-03 12:17:08,29.99,Shell Gas,Seattle,Dining,In-Store,23,Freelancer,0
TXN-000198,ACCT-1121,2025-04-08 15:56:21,94.35,Zara,Houston,Transportation,Mobile App,35,Accountant,0
TXN-000199,ACCT-1067,2025-01-02 08:40:38,358.33,Walmart,Boston,Healthcare,Online,62,Doctor,0
TXN-000200,ACCT-1068,2025-03-25 19:12:40,10.57,Hilton,Atlanta,Travel,In-Store,22,Accountant,0
TXN-000201,ACCT-1159,2025-11-18 12:28:48,295.74,Amazon,Atlanta,Personal Care,Mobile App,39,Student,0
TXN-000202,ACCT-1164,2025-10-26 15:10:24,101.22,Target,Seattle,Shopping,Online,36,Freelancer,0
TXN-000203,ACCT-1019,2025-09-30 16:49:32,187.9,Marriott,Chicago,Entertainment,Mobile App,41,Lawyer,0
TXN-000204,ACCT-1195,2025-09-16 19:01:31,137.97,DoorDash,Houston,Entertainment,In-Store,46,Retired,0
TXN-000205,ACCT-1155,2025-02-15 12:48:38,191.87,DoorDash,Los Angeles,Entertainment,Online,35,Accountant,0
TXN-000206,ACCT-1199,2025-07-11 09:59:27,103.29,Home Depot,Houston,Shopping,Online,33,Chef,0
TXN-000207,ACCT-1149,2025-08-03 18:13:19,181.13,Apple Store,Los Angeles,Utilities,Online,41,Sales Rep,0
TXN-000208,ACCT-1004,2025-06-15 13:59:33,109.57,DoorDash,Denver,Personal Care,Online,28,Designer,0
TXN-000209,ACCT-1069,2025-10-05 06:48:21,60.42,Shell Gas,Minneapolis,Subscriptions,In-Store,32,Manager,0
TXN-000210,ACCT-1185,2025-05-04 12:11:40,191.83,McDonalds,New York,Subscriptions,Online,58,Lawyer,0
TXN-000211,ACCT-1136,2025-11-07 15:27:45,404.53,Uber,Boston,Transportation,In-Store,60,Sales Rep,0
TXN-000212,ACCT-1180,2025-09-30 09:29:00,1894.94,Spotify,Detroit,Shopping,Online,45,Freelancer,1
TXN-000213,ACCT-1137,2025-09-03 07:56:53,230.64,Walmart,San Antonio,Healthcare,Mobile App,41,Lawyer,0
TXN-000214,ACCT-1085,2025-12-27 10:36:10,213.52,Hilton,Dallas,Shopping,Online,38,Student,0
TXN-000215,ACCT-1196,2025-03-18 09:41:43,331.47,Target,Los Angeles,Gas,In-Store,48,Freelancer,0
TXN-000216,ACCT-1185,2025-03-13 13:10:13,207.94,Amazon,New York,Gas,Online,58,Lawyer,0
TXN-000217,ACCT-1070,2025-04-12 12:58:16,213.64,Hilton,Portland,Personal Care,In-Store,56,Student,0
TXN-000218,ACCT-1012,2025-05-31 10:42:22,48.48,Walgreens,Denver,Gas,Mobile App,22,Teacher,0
TXN-000219,ACCT-1150,2025-09-09 13:35:56,14.43,Costco,Atlanta,Groceries,Mobile App,24,Manager,0
TXN-000220,ACCT-1041,2025-07-18 11:35:26,113.77,Nike,Los Angeles,Gas,In-Store,44,Designer,0
TXN-000221,ACCT-1021,2025-06-07 13:59:40,49.7,Walmart,Portland,Healthcare,Online,28,Teacher,0
TXN-000222,ACCT-1157,2025-09-23 16:51:40,398.91,Trader Joes,Atlanta,Dining,Mobile App,57,Lawyer,0
TXN-000223,ACCT-1165,2025-11-19 14:04:10,49.0,Amazon,San Antonio,Shopping,ATM,22,Accountant,0
TXN-000224,ACCT-1083,2025-11-17 19:02:36,262.38,Starbucks,Detroit,Shopping,In-Store,52,Freelancer,0
TXN-000225,ACCT-1198,2025-02-04 11:46:15,137.89,Kroger,Houston,Utilities,In-Store,53,Engineer,0
TXN-000226,ACCT-1115,2025-12-15 12:45:32,58.47,Shell Gas,San Francisco,Travel,Mobile App,40,Sales Rep,0
TXN-000227,ACCT-1177,2025-07-01 12:02:19,17.06,Grubhub,Portland,Subscriptions,ATM,24,Teacher,0
TXN-000228,ACCT-1178,2025-07-07 13:40:59,601.27,Amazon,Chicago,Dining,Online,59,Retired,0
TXN-000229,ACCT-1042,2025-04-01 08:59:29,123.27,Best Buy,Seattle,Utilities,Online,50,Sales Rep,0
TXN-000230,ACCT-1198,2025-05-27 06:01:02,284.89,Delta Airlines,Houston,Groceries,Mobile App,53,Engineer,0
TXN-000231,ACCT-1190,2025-07-30 14:37:18,145.1,CVS Pharmacy,Nashville,Utilities,Mobile App,40,Teacher,0
TXN-000232,ACCT-1055,2025-12-02 14:31:23,233.34,DoorDash,Denver,Education,ATM,46,Nurse,0
TXN-000233,ACCT-1151,2025-05-17 15:39:57,77.95,Home Depot,Denver,Transportation,Online,36,Retired,0
TXN-000234,ACCT-1197,2025-05-22 08:48:49,406.75,DoorDash,Los Angeles,Transportation,Online,37,Student,0
TXN-000235,ACCT-1025,2025-05-10 21:29:26,81.26,Nike,New York,Groceries,Online,43,Chef,0
TXN-000236,ACCT-1088,2025-08-17 10:35:45,113.64,Kroger,Phoenix,Gas,ATM,33,Designer,0
TXN-000237,ACCT-1098,2025-06-28 13:54:20,305.77,Amazon,Houston,Travel,In-Store,37,Sales Rep,0
TXN-000238,ACCT-1140,2025-06-11 13:32:04,66.19,Apple Store,San Antonio,Shopping,Mobile App,24,Teacher,0
TXN-000239,ACCT-1134,2025-05-13 17:35:03,290.41,Whole Foods,New York,Entertainment,Phone,56,Student,0
TXN-000240,ACCT-1179,2025-01-12 16:54:37,57.8,Best Buy,Nashville,Dining,Phone,41,Engineer,0
TXN-000241,ACCT-1033,2025-05-23 19:52:24,41.34,United Airlines,Miami,Healthcare,Mobile App,43,Teacher,0
TXN-000242,ACCT-1079,2025-06-01 17:51:18,244.94,Whole Foods,Phoenix,Dining,In-Store,52,Retired,0
TXN-000243,ACCT-1165,2025-08-05 10:31:48,12.92,United Airlines,San Antonio,Education,Mobile App,22,Accountant,0
TXN-000244,ACCT-1090,2025-09-10 20:34:08,121.84,Nike,Dallas,Shopping,ATM,24,Retired,0
TXN-000245,ACCT-1124,2025-10-03 22:09:25,136.58,McDonalds,Miami,Dining,Online,33,Analyst,0
TXN-000246,ACCT-1055,2025-11-22 11:08:55,208.0,Hilton,Denver,Shopping,Mobile App,46,Nurse,0
TXN-000247,ACCT-1121,2025-09-01 19:44:47,43.65,Amazon,Miami,Travel,Mobile App,35,Accountant,0
TXN-000248,ACCT-1066,2025-09-23 14:13:14,139.96,Whole Foods,Houston,Dining,In-Store,38,Teacher,0
TXN-000249,ACCT-1030,2025-02-16 21:17:12,611.38,Delta Airlines,Seattle,Gas,ATM,48,Manager,0
TXN-000250,ACCT-1116,2025-05-21 11:41:02,35.85,Spotify,San Francisco,Entertainment,ATM,19,Lawyer,0
TXN-000251,ACCT-1110,2025-10-01 18:35:00,40.93,Home Depot,San Francisco,Utilities,Online,34,Analyst,0
TXN-000252,ACCT-1165,2025-12-14 19:06:21,8.26,Best Buy,San Antonio,Subscriptions,ATM,22,Accountant,0
TXN-000253,ACCT-1032,2025-11-18 11:38:06,439.89,Hilton,New York,Gas,Mobile App,34,Analyst,0
TXN-000254,ACCT-1058,2025-08-24 07:46:58,156.01,Shell Gas,San Diego,Gas,Mobile App,36,Designer,0
TXN-000255,ACCT-1071,2025-09-01 14:27:37,121.22,Airbnb,Nashville,Dining,Mobile App,42,Analyst,0
TXN-000256,ACCT-1031,2025-12-19 14:36:18,42.97,Costco,San Antonio,Travel,In-Store,71,Doctor,0
TXN-000257,ACCT-1128,2025-05-19 06:36:11,42.81,Spotify,Denver,Personal Care,Mobile App,21,Engineer,0
TXN-000258,ACCT-1191,2025-08-06 17:07:32,221.9,Apple Store,San Francisco,Dining,Online,61,Designer,0
TXN-000259,ACCT-1089,2025-12-30 11:19:07,54.5,Kroger,Dallas,Healthcare,Online,18,Driver,0
TXN-000260,ACCT-1047,2025-03-24 13:39:58,40.68,Nike,Dallas,Personal Care,In-Store,75,Sales Rep,0
TXN-000261,ACCT-1007,2025-09-15 11:04:02,63.25,Walgreens,Atlanta,Utilities,Mobile App,66,Sales Rep,0
TXN-000262,ACCT-1150,2025-06-24 09:30:32,36.79,Delta Airlines,Atlanta,Shopping,In-Store,24,Manager,0
TXN-000263,ACCT-1196,2025-02-10 11:26:15,366.19,Safeway,Los Angeles,Shopping,In-Store,48,Freelancer,0
TXN-000264,ACCT-1056,2025-06-06 17:04:34,75.47,Walmart,Nashville,Utilities,In-Store,39,Freelancer,0
TXN-000265,ACCT-1021,2025-08-26 18:02:06,75.77,Costco,Phoenix,Gas,Online,28,Teacher,0
TXN-000266,ACCT-1111,2025-03-14 11:57:03,27.16,Marriott,Houston,Subscriptions,Online,22,Analyst,0
TXN-000267,ACCT-1195,2025-06-02 09:33:10,225.53,United Airlines,Houston,Education,In-Store,46,Retired,0
TXN-000268,ACCT-1112,2025-05-15 09:28:09,11.53,Kroger,San Antonio,Healthcare,Mobile App,23,Sales Rep,0
TXN-000269,ACCT-1016,2025-06-07 14:50:51,111.17,Uber,Miami,Gas,Online,26,Driver,0
TXN-000270,ACCT-1046,2025-05-05 07:36:26,91.59,Nike,New York,Shopping,In-Store,27,Driver,0
TXN-000271,ACCT-1151,2025-08-07 08:18:17,293.22,Airbnb,Seattle,Groceries,Online,36,Retired,1
TXN-000272,ACCT-1030,2025-12-19 15:42:42,106.43,Kroger,Seattle,Healthcare,ATM,48,Manager,0
TXN-000273,ACCT-1016,2025-01-11 21:13:38,132.66,Marriott,Miami,Utilities,Online,26,Driver,0
TXN-000274,ACCT-1187,2025-03-31 13:56:07,76.6,Delta Airlines,San Antonio,Shopping,Mobile App,28,Freelancer,0
TXN-000275,ACCT-1009,2025-05-20 09:43:22,83.06,DoorDash,Austin,Shopping,Online,69,Analyst,0
TXN-000276,ACCT-1193,2025-09-10 13:06:42,100.39,United Airlines,San Diego,Transportation,In-Store,42,Sales Rep,0
TXN-000277,ACCT-1041,2025-04-02 14:24:02,114.9,Walgreens,Los Angeles,Healthcare,ATM,44,Designer,0
TXN-000278,ACCT-1009,2025-12-25 20:11:37,44.19,CVS Pharmacy,Austin,Travel,In-Store,69,Analyst,0
TXN-000279,ACCT-1007,2025-12-19 20:21:59,239.48,Whole Foods,Atlanta,Education,ATM,66,Sales Rep,0
TXN-000280,ACCT-1146,2025-02-15 12:35:45,188.14,Walgreens,Atlanta,Education,Online,39,Accountant,0
TXN-000281,ACCT-1009,2025-09-11 19:56:07,103.8,Starbucks,Austin,Utilities,In-Store,69,Analyst,0
TXN-000282,ACCT-1044,2025-03-12 23:52:16,79.07,Target,Portland,Dining,In-Store,73,Doctor,0
TXN-000283,ACCT-1052,2025-10-04 21:56:57,70.28,Shell Gas,San Diego,Shopping,In-Store,68,Accountant,0
TXN-000284,ACCT-1106,2025-12-20 07:58:49,17.5,Hilton,Seattle,Travel,In-Store,23,Retired,0
TXN-000285,ACCT-1103,2025-04-27 10:42:42,212.13,Kroger,Houston,Subscriptions,In-Store,23,Sales Rep,0
TXN-000286,ACCT-1161,2025-03-15 07:44:21,193.54,CVS Pharmacy,Detroit,Gas,Online,75,Engineer,0
TXN-000287,ACCT-1071,2025-07-20 09:32:44,107.83,Airbnb,Nashville,Shopping,Mobile App,42,Analyst,0
TXN-000288,ACCT-1181,2025-09-28 17:14:56,451.15,Target,Detroit,Entertainment,Online,48,Manager,0
TXN-000289,ACCT-1071,2025-12-10 21:36:52,105.7,Best Buy,Nashville,Education,Mobile App,42,Analyst,0
TXN-000290,ACCT-1171,2025-05-31 09:43:15,246.65,Trader Joes,Boston,Entertainment,ATM,57,Doctor,0
TXN-000291,ACCT-1199,2025-06-03 17:02:56,402.45,Spotify,Houston,Healthcare,Mobile App,33,Chef,0
TXN-000292,ACCT-1137,2025-08-19 18:53:19,146.21,Walmart,Miami,Groceries,Online,41,Lawyer,0
TXN-000293,ACCT-1187,2025-01-13 09:09:07,224.45,McDonalds,San Antonio,Personal Care,In-Store,28,Freelancer,0
TXN-000294,ACCT-1092,2025-03-19 14:10:52,151.02,Walmart,Minneapolis,Personal Care,Online,32,Accountant,0
TXN-000295,ACCT-1085,2025-01-08 17:37:23,844.67,Apple Store,Dallas,Personal Care,Mobile App,38,Student,0
TXN-000296,ACCT-1034,2025-08-10 16:20:47,112.17,Costco,Philadelphia,Transportation,In-Store,41,Lawyer,0
TXN-000297,ACCT-1169,2025-04-30 05:17:09,75.71,DoorDash,Chicago,Utilities,Mobile App,36,Designer,0
TXN-000298,ACCT-1118,2025-08-16 04:21:09,292.55,Walgreens,Denver,Subscriptions,In-Store,37,Designer,0
TXN-000299,ACCT-1015,2025-09-27 19:37:56,77.71,Airbnb,Minneapolis,Shopping,Mobile App,43,Lawyer,0
TXN-000300,ACCT-1196,2025-12-14 13:05:47,268.38,Netflix,Los Angeles,Gas,ATM,48,Freelancer,0
TXN-000301,ACCT-1192,2025-02-17 15:08:43,412.77,Uber,San Antonio,Travel,ATM,56,Designer,0
TXN-000302,ACCT-1092,2025-12-22 13:36:34,244.2,Walmart,Minneapolis,Personal Care,Online,32,Accountant,0
TXN-000303,ACCT-1027,2025-09-16 13:20:56,198.93,Uber,Houston,Subscriptions,In-Store,28,Sales Rep,0
TXN-000304,ACCT-1119,2025-09-06 14:59:26,74.39,Shell Gas,Boston,Dining,In-Store,41,Designer,0
TXN-000305,ACCT-1092,2025-03-23 09:53:00,417.01,GoldBullion Direct,Tirana,Travel,Online,32,Accountant,1
TXN-000306,ACCT-1046,2025-07-21 19:27:00,278.96,Nike,Boston,Education,Online,27,Driver,0
TXN-000307,ACCT-1089,2025-01-14 20:56:44,26.26,Kroger,Dallas,Personal Care,Online,18,Driver,0
TXN-000308,ACCT-1141,2025-05-20 16:19:53,163.07,Airbnb,San Diego,Personal Care,In-Store,32,Engineer,0
TXN-000309,ACCT-1041,2025-10-27 21:22:00,691.7,UnknownVendor_X9,Minsk,Shopping,Online,44,Designer,1
TXN-000310,ACCT-1116,2025-05-15 15:00:01,37.89,Walgreens,San Francisco,Travel,Online,19,Lawyer,0
TXN-000311,ACCT-1069,2025-12-30 17:28:41,135.46,Marriott,Minneapolis,Entertainment,ATM,32,Manager,0
TXN-000312,ACCT-1190,2025-01-11 08:53:03,433.25,Grubhub,Nashville,Travel,ATM,40,Teacher,0
TXN-000313,ACCT-1100,2025-02-24 14:36:09,116.72,Marriott,Phoenix,Gas,ATM,80,Manager,0
TXN-000314,ACCT-1052,2025-11-01 22:14:50,183.71,Grubhub,Philadelphia,Education,Mobile App,68,Accountant,0
TXN-000315,ACCT-1069,2025-01-29 22:32:10,191.99,Shell Gas,Minneapolis,Dining,Phone,32,Manager,0
TXN-000316,ACCT-1053,2025-06-21 12:55:09,43.74,Delta Airlines,Houston,Transportation,Online,20,Student,0
TXN-000317,ACCT-1087,2025-07-14 13:28:44,119.01,Chevron,Seattle,Subscriptions,ATM,61,Manager,0
TXN-000318,ACCT-1185,2025-11-01 18:42:10,203.84,Whole Foods,New York,Transportation,Mobile App,58,Lawyer,0
TXN-000319,ACCT-1009,2025-09-01 21:10:33,96.52,Nike,Austin,Dining,Online,69,Analyst,0
TXN-000320,ACCT-1085,2025-05-04 16:45:55,171.66,Apple Store,Dallas,Shopping,In-Store,38,Student,0
TXN-000321,ACCT-1172,2025-07-09 14:43:46,45.78,Whole Foods,Austin,Gas,Mobile App,25,Nurse,0
TXN-000322,ACCT-1183,2025-06-28 19:03:15,143.05,Uber,Portland,Dining,Mobile App,60,Retired,0
TXN-000323,ACCT-1174,2025-05-09 11:03:23,83.38,Costco,San Francisco,Shopping,In-Store,34,Retired,0
TXN-000324,ACCT-1157,2025-02-14 10:35:35,209.5,Grubhub,San Diego,Healthcare,Online,57,Lawyer,0
TXN-000325,ACCT-1022,2025-03-04 21:05:05,142.95,Airbnb,Detroit,Travel,Mobile App,34,Analyst,0
TXN-000326,ACCT-1141,2025-01-12 09:41:00,109.11,Netflix,San Diego,Personal Care,Online,32,Engineer,0
TXN-000327,ACCT-1065,2025-02-26 11:56:42,97.93,Spotify,Chicago,Education,Online,79,Analyst,0
TXN-000328,ACCT-1175,2025-08-26 13:32:34,504.1,Hilton,Los Angeles,Entertainment,Online,59,Student,0
TXN-000329,ACCT-1133,2025-04-18 15:39:32,70.32,Safeway,Nashville,Transportation,Online,19,Student,0
TXN-000330,ACCT-1001,2025-05-26 14:54:33,489.54,Nike,Minneapolis,Gas,Online,64,Nurse,0
TXN-000331,ACCT-1022,2025-02-28 18:10:27,46.98,Marriott,Detroit,Education,Mobile App,34,Analyst,0
TXN-000332,ACCT-1113,2025-06-01 18:00:07,51.24,Starbucks,Houston,Gas,In-Store,41,Designer,0
TXN-000333,ACCT-1107,2025-08-02 07:57:27,406.45,Home Depot,Austin,Entertainment,Online,63,Student,0
TXN-000334,ACCT-1058,2025-02-05 22:32:32,115.11,Nike,San Diego,Gas,ATM,36,Designer,0
TXN-000335,ACCT-1107,2025-04-04 16:57:36,411.29,Home Depot,Austin,Subscriptions,In-Store,63,Student,0
TXN-000336,ACCT-1043,2025-06-19 14:41:06,269.95,Amazon,Atlanta,Dining,Mobile App,34,Manager,0
TXN-000337,ACCT-1039,2025-07-06 13:34:27,161.45,McDonalds,Houston,Utilities,Online,82,Accountant,0
TXN-000338,ACCT-1171,2025-11-07 21:53:15,374.31,Netflix,Boston,Gas,In-Store,57,Doctor,0
TXN-000339,ACCT-1132,2025-12-04 10:10:20,426.2,Whole Foods,Chicago,Personal Care,Online,54,Manager,0
TXN-000340,ACCT-1102,2025-12-09 10:15:12,334.6,Apple Store,Miami,Education,Mobile App,30,Accountant,0
TXN-000341,ACCT-1136,2025-10-14 13:46:13,342.72,Walmart,Boston,Gas,ATM,60,Sales Rep,0
TXN-000342,ACCT-1003,2025-10-30 15:37:45,164.78,Hilton,San Antonio,Healthcare,Online,73,Engineer,0
TXN-000343,ACCT-1017,2025-10-31 12:47:13,295.79,Walmart,Boston,Gas,Online,76,Nurse,1
TXN-000344,ACCT-1033,2025-01-01 13:26:49,170.81,Best Buy,Miami,Personal Care,In-Store,43,Teacher,0
TXN-000345,ACCT-1011,2025-12-30 08:18:12,614.7,Costco,Atlanta,Gas,In-Store,47,Doctor,0
TXN-000346,ACCT-1045,2025-04-02 13:08:08,171.25,Netflix,Philadelphia,Travel,Phone,66,Chef,0
TXN-000347,ACCT-1001,2025-03-16 21:02:58,163.24,Nike,Minneapolis,Groceries,In-Store,64,Nurse,0
TXN-000348,ACCT-1129,2025-11-03 10:56:01,65.8,Starbucks,Chicago,Groceries,In-Store,32,Sales Rep,0
TXN-000349,ACCT-1023,2025-11-25 20:45:35,208.06,CVS Pharmacy,Dallas,Entertainment,Online,39,Retired,0
TXN-000350,ACCT-1082,2025-04-07 14:20:06,87.05,Safeway,Philadelphia,Personal Care,ATM,26,Driver,0
TXN-000351,ACCT-1085,2025-03-03 14:14:49,177.93,Hilton,Phoenix,Personal Care,Phone,38,Student,0
TXN-000352,ACCT-1000,2025-03-24 07:00:04,293.21,Hilton,San Antonio,Dining,Mobile App,59,Freelancer,0
TXN-000353,ACCT-1111,2025-11-25 17:47:08,218.52,Hilton,Houston,Subscriptions,Mobile App,22,Analyst,0
TXN-000354,ACCT-1039,2025-01-13 09:45:48,136.17,McDonalds,Houston,Education,Mobile App,82,Accountant,0
TXN-000355,ACCT-1053,2025-06-20 21:18:07,82.0,Delta Airlines,San Diego,Subscriptions,In-Store,20,Student,0
TXN-000356,ACCT-1024,2025-03-05 14:05:52,103.3,Spotify,Portland,Dining,In-Store,44,Lawyer,0
TXN-000357,ACCT-1161,2025-10-26 12:29:50,98.09,Kroger,Detroit,Education,Online,75,Engineer,0
TXN-000358,ACCT-1090,2025-03-02 22:11:00,1785.05,GoldBullion Direct,Minsk,Travel,Online,24,Retired,1
TXN-000359,ACCT-1191,2025-08-23 09:30:22,132.2,Delta Airlines,San Francisco,Entertainment,Mobile App,61,Designer,0
TXN-000360,ACCT-1193,2025-12-13 22:03:07,54.25,United Airlines,San Diego,Education,Online,42,Sales Rep,0
TXN-000361,ACCT-1115,2025-12-30 19:06:37,153.01,Grubhub,San Francisco,Education,In-Store,40,Sales Rep,0
TXN-000362,ACCT-1093,2025-06-23 11:05:37,45.08,Target,Boston,Shopping,In-Store,41,Chef,0
TXN-000363,ACCT-1025,2025-12-10 11:50:09,187.71,Kroger,New York,Utilities,Mobile App,43,Chef,0
TXN-000364,ACCT-1104,2025-01-01 13:28:39,45.16,CVS Pharmacy,Dallas,Travel,ATM,24,Engineer,0
TXN-000365,ACCT-1199,2025-12-14 10:19:32,225.38,Shell Gas,Houston,Gas,Mobile App,33,Chef,0
TXN-000366,ACCT-1190,2025-02-08 15:52:26,283.32,Best Buy,Boston,Travel,In-Store,40,Teacher,0
TXN-000367,ACCT-1115,2025-10-28 19:03:23,193.22,Uber,San Francisco,Shopping,Online,40,Sales Rep,0
TXN-000368,ACCT-1186,2025-05-05 21:53:00,133.55,OffshorePay Inc,Phnom Penh,Shopping,Online,19,Freelancer,1
TXN-000369,ACCT-1061,2025-08-20 12:41:59,377.84,Grubhub,Boston,Subscriptions,Mobile App,50,Analyst,0
TXN-000370,ACCT-1180,2025-10-04 09:26:24,150.6,Safeway,Detroit,Healthcare,Online,45,Freelancer,0
TXN-000371,ACCT-1104,2025-02-07 18:20:57,73.26,Walmart,Dallas,Dining,Online,24,Engineer,0
TXN-000372,ACCT-1005,2025-06-10 09:22:36,28.11,Apple Store,Houston,Gas,Phone,24,Student,0
TXN-000373,ACCT-1164,2025-03-26 13:12:10,97.26,Apple Store,Seattle,Gas,In-Store,36,Freelancer,0
TXN-000374,ACCT-1032,2025-10-09 15:23:47,614.76,Airbnb,New York,Gas,Phone,34,Analyst,0
TXN-000375,ACCT-1108,2025-04-23 12:20:49,160.51,Marriott,San Francisco,Dining,Online,34,Retired,0
TXN-000376,ACCT-1022,2025-04-23 13:03:53,62.47,Trader Joes,Detroit,Personal Care,Online,34,Analyst,0
TXN-000377,ACCT-1031,2025-09-18 19:42:06,70.37,Nike,San Antonio,Dining,Online,71,Doctor,0
TXN-000378,ACCT-1091,2025-07-05 10:12:42,141.64,Grubhub,Miami,Gas,Online,36,Manager,0
TXN-000379,ACCT-1152,2025-10-16 14:31:42,794.85,Walmart,San Francisco,Utilities,Online,58,Chef,0
TXN-000380,ACCT-1002,2025-11-28 10:51:36,179.64,Kroger,New York,Shopping,In-Store,26,Lawyer,0
TXN-000381,ACCT-1178,2025-09-30 16:34:37,479.81,Amazon,Chicago,Healthcare,Online,59,Retired,0
TXN-000382,ACCT-1047,2025-03-27 13:51:43,29.41,Nike,Dallas,Entertainment,Online,75,Sales Rep,0
TXN-000383,ACCT-1009,2025-03-23 13:55:09,91.79,Costco,Austin,Travel,ATM,69,Analyst,0
TXN-000384,ACCT-1093,2025-06-30 13:29:04,37.48,Delta Airlines,Denver,Transportation,In-Store,41,Chef,0
TXN-000385,ACCT-1099,2025-01-27 14:07:47,134.38,Costco,Detroit,Healthcare,ATM,32,Sales Rep,0
TXN-000386,ACCT-1099,2025-07-15 11:57:34,161.72,Nike,Detroit,Shopping,ATM,32,Sales Rep,0
TXN-000387,ACCT-1112,2025-07-11 07:49:28,86.53,CVS Pharmacy,San Antonio,Education,Online,23,Sales Rep,0
TXN-000388,ACCT-1113,2025-08-28 11:24:54,56.08,CVS Pharmacy,Houston,Subscriptions,Mobile App,41,Designer,0
TXN-000389,ACCT-1183,2025-11-16 17:13:33,116.91,Uber,Portland,Dining,In-Store,60,Retired,0
TXN-000390,ACCT-1171,2025-07-17 11:12:48,207.8,Zara,Boston,Transportation,Mobile App,57,Doctor,0
TXN-000391,ACCT-1153,2025-06-11 09:07:50,161.58,Kroger,Los Angeles,Entertainment,Phone,33,Lawyer,0
TXN-000392,ACCT-1102,2025-04-26 11:11:55,96.27,Grubhub,Miami,Groceries,Mobile App,30,Accountant,0
TXN-000393,ACCT-1165,2025-08-19 08:24:35,9.32,Safeway,San Antonio,Personal Care,Phone,22,Accountant,0
TXN-000394,ACCT-1170,2025-02-01 09:41:04,414.61,Hilton,San Francisco,Utilities,Online,60,Lawyer,0
TXN-000395,ACCT-1062,2025-03-13 16:08:12,911.82,Grubhub,Chicago,Healthcare,In-Store,52,Student,0
TXN-000396,ACCT-1170,2025-12-17 08:36:07,124.89,McDonalds,San Francisco,Travel,ATM,60,Lawyer,0
TXN-000397,ACCT-1076,2025-08-03 18:10:15,13.22,Shell Gas,Portland,Travel,Online,18,Teacher,0
TXN-000398,ACCT-1166,2025-03-03 22:25:00,1020.52,OffshorePay Inc,Phnom Penh,Shopping,Online,21,Designer,1
TXN-000399,ACCT-1182,2025-03-10 20:55:30,235.42,Hilton,Denver,Gas,Mobile App,55,Lawyer,0
TXN-000400,ACCT-1167,2025-02-17 06:05:10,167.03,Apple Store,Seattle,Healthcare,Mobile App,57,Manager,0
TXN-000401,ACCT-1192,2025-05-30 17:24:57,254.44,Apple Store,Phoenix,Dining,In-Store,56,Designer,0
TXN-000402,ACCT-1084,2025-05-30 20:56:12,38.87,Trader Joes,Dallas,Travel,Mobile App,24,Engineer,0
TXN-000403,ACCT-1064,2025-10-23 19:46:49,17.09,Trader Joes,Austin,Entertainment,Phone,19,Driver,0
TXN-000404,ACCT-1050,2025-06-02 14:34:21,158.15,CVS Pharmacy,Minneapolis,Gas,Mobile App,43,Designer,0
TXN-000405,ACCT-1097,2025-06-03 13:35:01,135.27,Starbucks,Los Angeles,Personal Care,In-Store,52,Teacher,0
TXN-000406,ACCT-1038,2025-01-27 18:18:01,175.67,Lyft,Chicago,Utilities,Online,42,Nurse,0
TXN-000407,ACCT-1196,2025-06-10 15:06:46,246.6,Walmart,Denver,Healthcare,Mobile App,48,Freelancer,0
TXN-000408,ACCT-1006,2025-08-20 18:34:35,97.29,Airbnb,Atlanta,Subscriptions,Phone,55,Nurse,0
TXN-000409,ACCT-1006,2025-08-08 21:35:15,125.59,Nike,Atlanta,Healthcare,Online,55,Nurse,0
TXN-000410,ACCT-1053,2025-07-22 11:13:15,97.34,Nike,Philadelphia,Personal Care,ATM,20,Student,0
TXN-000411,ACCT-1104,2025-03-19 14:57:37,51.82,Walmart,Dallas,Healthcare,Online,24,Engineer,0
TXN-000412,ACCT-1121,2025-06-02 15:27:00,1027.06,Chevron,Houston,Entertainment,Online,35,Accountant,1
TXN-000413,ACCT-1161,2025-04-26 15:08:51,80.73,CVS Pharmacy,Detroit,Groceries,In-Store,75,Engineer,0
TXN-000414,ACCT-1133,2025-06-27 21:35:11,23.95,Grubhub,Nashville,Groceries,Phone,19,Student,0
TXN-000415,ACCT-1014,2025-08-15 14:58:58,102.85,United Airlines,Nashville,Travel,In-Store,54,Chef,0
TXN-000416,ACCT-1102,2025-09-20 11:03:08,78.13,Home Depot,Miami,Utilities,Mobile App,30,Accountant,0
TXN-000417,ACCT-1149,2025-12-03 10:10:35,76.98,Delta Airlines,Los Angeles,Healthcare,Mobile App,41,Sales Rep,0
TXN-000418,ACCT-1022,2025-08-04 12:54:47,88.28,Grubhub,Detroit,Utilities,In-Store,34,Analyst,0
TXN-000419,ACCT-1090,2025-09-09 15:37:48,68.6,Nike,Dallas,Shopping,Online,24,Retired,0
TXN-000420,ACCT-1036,2025-07-21 13:29:59,31.8,DoorDash,Miami,Gas,In-Store,21,Sales Rep,0
TXN-000421,ACCT-1075,2025-06-16 03:51:35,325.96,Airbnb,Minneapolis,Healthcare,Mobile App,81,Accountant,0
TXN-000422,ACCT-1052,2025-02-05 20:13:58,88.98,Target,Philadelphia,Shopping,Mobile App,68,Accountant,0
TXN-000423,ACCT-1134,2025-11-12 16:26:22,422.66,Delta Airlines,Miami,Transportation,Online,56,Student,0
TXN-000424,ACCT-1009,2025-12-10 06:55:24,120.15,Lyft,Austin,Travel,Online,69,Analyst,0
TXN-000425,ACCT-1047,2025-12-15 21:19:01,46.67,Amazon,Dallas,Groceries,In-Store,75,Sales Rep,0
TXN-000426,ACCT-1067,2025-07-25 17:19:44,296.96,Safeway,Boston,Transportation,In-Store,62,Doctor,0
TXN-000427,ACCT-1040,2025-02-14 07:25:06,348.06,Lyft,Miami,Groceries,Online,29,Driver,0
TXN-000428,ACCT-1109,2025-02-17 11:45:48,55.33,Safeway,Nashville,Healthcare,ATM,42,Student,0
TXN-000429,ACCT-1084,2025-08-12 13:11:28,24.25,Chevron,Dallas,Healthcare,Online,24,Engineer,0
TXN-000430,ACCT-1199,2025-04-06 17:23:40,290.59,Safeway,Houston,Utilities,In-Store,33,Chef,0
TXN-000431,ACCT-1041,2025-04-28 08:45:26,113.07,Hilton,Los Angeles,Utilities,Online,44,Designer,1
TXN-000432,ACCT-1182,2025-03-15 05:55:57,328.74,Home Depot,Denver,Healthcare,Online,55,Lawyer,0
TXN-000433,ACCT-1043,2025-05-23 04:10:08,502.21,McDonalds,San Diego,Shopping,ATM,34,Manager,0
TXN-000434,ACCT-1127,2025-05-20 09:02:18,164.65,Spotify,Denver,Subscriptions,ATM,32,Nurse,0
TXN-000435,ACCT-1007,2025-02-11 11:04:59,266.73,Whole Foods,Atlanta,Utilities,In-Store,66,Sales Rep,0
TXN-000436,ACCT-1110,2025-07-09 17:08:45,87.2,Home Depot,San Francisco,Entertainment,Online,34,Analyst,0
TXN-000437,ACCT-1140,2025-05-17 17:15:58,55.0,Costco,Detroit,Shopping,Online,24,Teacher,0
TXN-000438,ACCT-1116,2025-12-23 10:15:19,38.97,Costco,San Francisco,Gas,Online,19,Lawyer,0
TXN-000439,ACCT-1113,2025-01-15 19:40:35,49.58,Home Depot,Houston,Personal Care,Online,41,Designer,0
TXN-000440,ACCT-1011,2025-08-13 21:06:17,510.12,Netflix,Atlanta,Utilities,Online,47,Doctor,0
TXN-000441,ACCT-1019,2025-10-04 14:55:26,225.1,Spotify,Chicago,Gas,In-Store,41,Lawyer,0
TXN-000442,ACCT-1055,2025-09-17 11:29:36,247.16,Lyft,Dallas,Shopping,Mobile App,46,Nurse,0
TXN-000443,ACCT-1037,2025-08-29 22:30:17,39.69,Costco,Atlanta,Travel,Online,18,Designer,0
TXN-000444,ACCT-1012,2025-10-09 14:59:14,92.2,Walgreens,Denver,Personal Care,Online,22,Teacher,0
TXN-000445,ACCT-1096,2025-07-04 19:32:22,156.22,Starbucks,New York,Gas,In-Store,30,Chef,0
TXN-000446,ACCT-1014,2025-04-11 09:14:55,472.41,Walmart,Nashville,Groceries,In-Store,54,Chef,0
TXN-000447,ACCT-1064,2025-01-02 21:11:27,73.87,Starbucks,Austin,Transportation,Online,19,Driver,0
TXN-000448,ACCT-1008,2025-06-29 10:38:53,350.88,Chevron,Phoenix,Subscriptions,Online,28,Retired,0
TXN-000449,ACCT-1159,2025-03-15 09:11:28,142.3,Spotify,San Diego,Dining,Online,39,Student,0
TXN-000450,ACCT-1012,2025-12-22 14:59:29,51.46,McDonalds,Denver,Personal Care,Phone,22,Teacher,0
TXN-000451,ACCT-1028,2025-06-29 10:59:47,45.97,Hilton,Seattle,Education,Mobile App,23,Freelancer,0
TXN-000452,ACCT-1013,2025-02-22 12:07:03,143.58,McDonalds,Houston,Personal Care,Phone,45,Driver,0
TXN-000453,ACCT-1108,2025-06-26 07:20:01,152.5,Trader Joes,San Francisco,Transportation,ATM,34,Retired,0
TXN-000454,ACCT-1110,2025-03-30 18:49:21,80.11,Safeway,San Francisco,Entertainment,Mobile App,34,Analyst,0
TXN-000455,ACCT-1162,2025-03-13 18:29:38,616.91,CVS Pharmacy,Denver,Education,ATM,58,Retired,0
TXN-000456,ACCT-1181,2025-06-05 10:17:12,158.54,Safeway,Detroit,Utilities,In-Store,48,Manager,0
TXN-000457,ACCT-1063,2025-06-05 14:50:27,56.85,Safeway,Austin,Dining,In-Store,70,Driver,0
TXN-000458,ACCT-1020,2025-10-10 14:33:22,338.46,DoorDash,Detroit,Subscriptions,Online,36,Engineer,0
TXN-000459,ACCT-1154,2025-11-19 21:24:49,70.43,Whole Foods,San Diego,Utilities,ATM,34,Teacher,0
TXN-000460,ACCT-1116,2025-09-23 08:43:30,67.55,Costco,San Francisco,Entertainment,Online,19,Lawyer,0
TXN-000461,ACCT-1174,2025-04-21 20:17:34,91.8,McDonalds,San Francisco,Travel,Mobile App,34,Retired,0
TXN-000462,ACCT-1168,2025-01-07 17:07:02,36.88,Zara,Boston,Travel,Mobile App,82,Teacher,0
TXN-000463,ACCT-1122,2025-03-27 18:53:22,83.9,Lyft,Portland,Shopping,In-Store,34,Retired,0
TXN-000464,ACCT-1198,2025-09-26 21:20:59,118.67,Kroger,Houston,Entertainment,Mobile App,53,Engineer,0
TXN-000465,ACCT-1174,2025-01-13 09:11:22,406.69,Costco,San Francisco,Personal Care,Online,34,Retired,0
TXN-000466,ACCT-1179,2025-01-09 16:15:33,51.53,DoorDash,Nashville,Personal Care,In-Store,41,Engineer,0
TXN-000467,ACCT-1018,2025-12-16 17:20:48,93.97,Uber,Seattle,Personal Care,Online,28,Retired,0
TXN-000468,ACCT-1168,2025-05-25 13:37:20,32.92,Chevron,Boston,Personal Care,Mobile App,82,Teacher,0
TXN-000469,ACCT-1161,2025-10-04 09:04:52,55.68,Whole Foods,Detroit,Healthcare,Online,75,Engineer,0
TXN-000470,ACCT-1055,2025-05-31 14:48:26,124.27,Lyft,Denver,Groceries,Online,46,Nurse,0
TXN-000471,ACCT-1119,2025-07-20 15:15:03,106.42,Best Buy,San Francisco,Transportation,Online,41,Designer,0
TXN-000472,ACCT-1169,2025-03-15 12:15:41,73.89,Target,Chicago,Entertainment,In-Store,36,Designer,0
TXN-000473,ACCT-1010,2025-02-07 13:32:14,13.01,Airbnb,Philadelphia,Subscriptions,Online,19,Sales Rep,0
TXN-000474,ACCT-1150,2025-09-22 17:18:34,26.05,Delta Airlines,Atlanta,Transportation,In-Store,24,Manager,0
TXN-000475,ACCT-1131,2025-09-05 21:51:16,153.08,Home Depot,Dallas,Personal Care,In-Store,34,Lawyer,0
TXN-000476,ACCT-1194,2025-11-27 15:47:07,154.53,Chevron,San Diego,Personal Care,Phone,84,Lawyer,0
TXN-000477,ACCT-1179,2025-04-26 13:03:04,56.3,Best Buy,Nashville,Shopping,Online,41,Engineer,0
TXN-000478,ACCT-1189,2025-01-27 16:58:38,17.23,Spotify,Los Angeles,Healthcare,In-Store,23,Designer,0
TXN-000479,ACCT-1196,2025-12-10 07:28:51,190.75,Safeway,Portland,Shopping,Online,48,Freelancer,0
TXN-000480,ACCT-1000,2025-06-13 10:08:29,246.08,Spotify,Portland,Entertainment,In-Store,59,Freelancer,0
TXN-000481,ACCT-1054,2025-08-02 20:38:35,102.57,Shell Gas,Nashville,Subscriptions,Mobile App,80,Retired,0
TXN-000482,ACCT-1100,2025-05-13 10:40:46,175.93,Marriott,Phoenix,Healthcare,Online,80,Manager,0
TXN-000483,ACCT-1175,2025-12-23 06:31:48,198.49,DoorDash,Los Angeles,Groceries,ATM,59,Student,0
TXN-000484,ACCT-1080,2025-04-06 12:43:35,78.63,Walgreens,Seattle,Groceries,Phone,79,Freelancer,0
TXN-000485,ACCT-1063,2025-07-12 11:50:08,105.78,Trader Joes,Austin,Education,ATM,70,Driver,0
TXN-000486,ACCT-1059,2025-07-19 13:19:48,517.0,Home Depot,Los Angeles,Education,Online,48,Doctor,0
TXN-000487,ACCT-1186,2025-06-08 16:13:56,33.29,Apple Store,Dallas,Subscriptions,Online,19,Freelancer,0
TXN-000488,ACCT-1119,2025-03-06 20:26:17,65.31,Hilton,Boston,Gas,Phone,41,Designer,0
TXN-000489,ACCT-1194,2025-07-20 21:51:45,167.08,Walgreens,San Diego,Travel,Phone,84,Lawyer,0
TXN-000490,ACCT-1085,2025-03-03 07:56:25,229.81,Safeway,Dallas,Shopping,In-Store,38,Student,0
TXN-000491,ACCT-1171,2025-10-04 13:10:48,512.04,United Airlines,Boston,Entertainment,Online,57,Doctor,0
TXN-000492,ACCT-1079,2025-06-26 09:05:26,318.1,Lyft,Phoenix,Dining,In-Store,52,Retired,0
TXN-000493,ACCT-1090,2025-02-08 15:09:11,25.19,Safeway,Dallas,Healthcare,Online,24,Retired,0
TXN-000494,ACCT-1071,2025-09-17 11:43:40,87.76,Best Buy,Nashville,Transportation,Online,42,Analyst,0
TXN-000495,ACCT-1155,2025-05-23 08:27:45,71.32,CVS Pharmacy,Los Angeles,Education,Online,35,Accountant,0
TXN-000496,ACCT-1075,2025-09-18 06:09:15,131.81,Chevron,Denver,Personal Care,In-Store,81,Accountant,0
TXN-000497,ACCT-1137,2025-03-22 09:48:12,114.64,Walmart,Miami,Education,Mobile App,41,Lawyer,0
TXN-000498,ACCT-1146,2025-08-07 10:40:07,71.1,CVS Pharmacy,Atlanta,Education,In-Store,39,Accountant,0
TXN-000499,ACCT-1136,2025-04-14 13:36:02,335.26,Walmart,Boston,Gas,In-Store,60,Sales Rep,0
TXN-000500,ACCT-1148,2025-12-04 15:45:33,137.78,Target,Boston,Utilities,Online,23,Chef,0
TXN-000501,ACCT-1025,2025-12-07 13:54:35,246.63,Nike,Austin,Groceries,Online,43,Chef,0
TXN-000502,ACCT-1160,2025-04-26 16:10:26,208.07,Marriott,Denver,Groceries,Mobile App,40,Nurse,0
TXN-000503,ACCT-1040,2025-05-15 12:11:42,97.97,Zara,Miami,Personal Care,Mobile App,29,Driver,0
TXN-000504,ACCT-1175,2025-04-12 15:31:55,410.91,Grubhub,Los Angeles,Travel,Online,59,Student,0
TXN-000505,ACCT-1096,2025-04-04 10:24:59,120.81,Hilton,New York,Groceries,Online,30,Chef,0
TXN-000506,ACCT-1053,2025-03-27 19:28:14,40.53,Walmart,Philadelphia,Education,Online,20,Student,0
TXN-000507,ACCT-1054,2025-02-06 20:11:18,293.11,Airbnb,Nashville,Personal Care,Phone,80,Retired,0
TXN-000508,ACCT-1008,2025-12-10 10:28:00,830.36,DoorDash,Nashville,Entertainment,Online,28,Retired,1
TXN-000509,ACCT-1163,2025-07-02 19:22:07,314.46,Zara,Seattle,Dining,Mobile App,48,Teacher,0
TXN-000510,ACCT-1017,2025-06-02 11:03:12,98.98,Hilton,San Diego,Healthcare,In-Store,76,Nurse,0
TXN-000511,ACCT-1082,2025-05-06 17:58:33,60.19,Walgreens,Philadelphia,Subscriptions,Online,26,Driver,0
TXN-000512,ACCT-1060,2025-03-06 01:50:26,29.95,Trader Joes,Phoenix,Gas,In-Store,42,Accountant,0
TXN-000513,ACCT-1039,2025-04-03 21:29:35,274.72,United Airlines,Houston,Personal Care,Mobile App,82,Accountant,0
TXN-000514,ACCT-1181,2025-08-29 12:56:12,74.35,Target,Detroit,Gas,In-Store,48,Manager,0
TXN-000515,ACCT-1190,2025-06-22 18:01:52,474.77,Airbnb,Chicago,Personal Care,In-Store,40,Teacher,0
TXN-000516,ACCT-1059,2025-02-01 16:18:26,426.84,Target,Los Angeles,Subscriptions,In-Store,48,Doctor,0
TXN-000517,ACCT-1009,2025-08-27 18:50:02,91.94,Nike,Austin,Education,In-Store,69,Analyst,0
TXN-000518,ACCT-1035,2025-08-15 13:19:12,172.52,Netflix,Houston,Utilities,Online,36,Chef,0
TXN-000519,ACCT-1037,2025-08-18 08:31:54,106.0,Costco,Atlanta,Healthcare,Mobile App,18,Designer,0
TXN-000520,ACCT-1188,2025-09-04 09:27:11,16.45,Starbucks,New York,Transportation,Mobile App,23,Sales Rep,0
TXN-000521,ACCT-1133,2025-01-07 13:15:00,39.13,Shell Gas,Nashville,Shopping,Online,19,Student,0
TXN-000522,ACCT-1134,2025-07-08 22:36:48,658.87,Whole Foods,Miami,Shopping,Online,56,Student,0
TXN-000523,ACCT-1069,2025-08-20 14:47:29,95.31,Marriott,Minneapolis,Subscriptions,Mobile App,32,Manager,0
TXN-000524,ACCT-1007,2025-06-10 19:18:01,429.05,Netflix,Atlanta,Transportation,ATM,66,Sales Rep,0
TXN-000525,ACCT-1006,2025-10-22 10:48:47,72.4,Walgreens,Atlanta,Dining,Online,55,Nurse,0
TXN-000526,ACCT-1033,2025-09-29 15:43:46,146.19,Hilton,Miami,Dining,ATM,43,Teacher,0
TXN-000527,ACCT-1091,2025-10-26 23:33:04,216.49,Whole Foods,Miami,Dining,Mobile App,36,Manager,0
TXN-000528,ACCT-1002,2025-07-14 12:04:49,162.18,Starbucks,New York,Utilities,In-Store,26,Lawyer,0
TXN-000529,ACCT-1012,2025-11-02 22:06:03,83.32,Walgreens,Denver,Healthcare,Mobile App,22,Teacher,0
TXN-000530,ACCT-1009,2025-01-04 15:29:37,74.79,Costco,Austin,Transportation,Mobile App,69,Analyst,0
TXN-000531,ACCT-1127,2025-02-06 09:11:20,121.81,United Airlines,Denver,Education,In-Store,32,Nurse,0
TXN-000532,ACCT-1055,2025-01-31 17:04:36,74.01,Lyft,Denver,Groceries,ATM,46,Nurse,0
TXN-000533,ACCT-1151,2025-10-27 11:48:13,138.45,Home Depot,Denver,Dining,Mobile App,36,Retired,0
TXN-000534,ACCT-1040,2025-09-28 11:00:27,156.14,Safeway,Miami,Education,ATM,29,Driver,0
TXN-000535,ACCT-1113,2025-07-17 21:39:39,51.45,Home Depot,San Francisco,Groceries,Online,41,Designer,0
TXN-000536,ACCT-1168,2025-07-15 14:04:06,27.03,Chevron,Boston,Groceries,In-Store,82,Teacher,0
TXN-000537,ACCT-1129,2025-07-21 12:52:26,61.02,Hilton,Chicago,Groceries,Online,32,Sales Rep,0
TXN-000538,ACCT-1001,2025-11-28 15:38:01,429.39,Whole Foods,Miami,Entertainment,In-Store,64,Nurse,0
TXN-000539,ACCT-1016,2025-10-09 11:16:13,197.15,Marriott,Miami,Healthcare,In-Store,26,Driver,0
TXN-000540,ACCT-1027,2025-11-16 22:56:56,131.25,Chevron,Houston,Dining,Mobile App,28,Sales Rep,0
TXN-000541,ACCT-1014,2025-08-25 11:16:21,299.55,Kroger,Nashville,Dining,ATM,54,Chef,0
TXN-000542,ACCT-1082,2025-01-17 09:03:55,119.1,Chevron,Philadelphia,Education,Mobile App,26,Driver,0
TXN-000543,ACCT-1021,2025-08-29 18:41:03,82.1,Walmart,Phoenix,Shopping,Mobile App,28,Teacher,0
TXN-000544,ACCT-1188,2025-12-05 10:11:01,21.37,CVS Pharmacy,New York,Personal Care,In-Store,23,Sales Rep,0
TXN-000545,ACCT-1088,2025-04-07 13:35:49,103.31,Zara,Los Angeles,Education,Online,33,Designer,0
TXN-000546,ACCT-1141,2025-01-26 13:38:15,97.18,United Airlines,Los Angeles,Travel,Online,32,Engineer,0
TXN-000547,ACCT-1120,2025-10-11 10:57:40,430.62,Safeway,Minneapolis,Groceries,Online,54,Teacher,0
TXN-000548,ACCT-1045,2025-04-03 08:43:47,167.49,Netflix,Philadelphia,Gas,In-Store,66,Chef,0
TXN-000549,ACCT-1065,2025-06-12 19:46:15,63.14,Spotify,Chicago,Shopping,In-Store,79,Analyst,0
TXN-000550,ACCT-1096,2025-10-23 19:35:29,158.54,Hilton,New York,Dining,ATM,30,Chef,0
TXN-000551,ACCT-1035,2025-10-12 20:38:39,131.72,Apple Store,Houston,Dining,ATM,36,Chef,0
TXN-000552,ACCT-1032,2025-06-25 12:46:25,175.3,Hilton,New York,Healthcare,Mobile App,34,Analyst,0
TXN-000553,ACCT-1039,2025-03-14 21:01:00,2325.93,Uber,Houston,Entertainment,Online,82,Accountant,1
TXN-000554,ACCT-1038,2025-03-01 11:43:43,256.27,Spotify,Chicago,Subscriptions,Online,42,Nurse,0
TXN-000555,ACCT-1094,2025-12-01 09:00:06,612.63,Lyft,San Francisco,Subscriptions,Online,48,Driver,0
TXN-000556,ACCT-1000,2025-03-21 18:10:51,322.89,Delta Airlines,Portland,Travel,Online,59,Freelancer,0
TXN-000557,ACCT-1108,2025-07-19 16:49:44,237.64,McDonalds,San Francisco,Transportation,Online,34,Retired,0
TXN-000558,ACCT-1064,2025-12-27 13:31:35,40.54,Trader Joes,Portland,Utilities,In-Store,19,Driver,0
TXN-000559,ACCT-1108,2025-07-01 20:42:25,246.54,CVS Pharmacy,San Francisco,Travel,Online,34,Retired,0
TXN-000560,ACCT-1093,2025-03-17 17:40:31,13.67,Apple Store,Boston,Gas,Mobile App,41,Chef,0
TXN-000561,ACCT-1112,2025-11-14 23:13:41,72.8,Lyft,Miami,Shopping,Online,23,Sales Rep,0
TXN-000562,ACCT-1194,2025-12-07 18:57:28,151.86,Zara,San Diego,Subscriptions,In-Store,84,Lawyer,0
TXN-000563,ACCT-1183,2025-12-10 09:49:21,312.52,Nike,Portland,Travel,Mobile App,60,Retired,0
TXN-000564,ACCT-1017,2025-07-13 15:01:21,130.59,Delta Airlines,San Diego,Dining,In-Store,76,Nurse,0
TXN-000565,ACCT-1075,2025-11-15 08:00:50,135.82,Grubhub,Denver,Healthcare,In-Store,81,Accountant,0
TXN-000566,ACCT-1028,2025-12-02 14:36:08,41.71,Kroger,Seattle,Gas,Mobile App,23,Freelancer,0
TXN-000567,ACCT-1111,2025-03-31 17:44:56,31.94,Whole Foods,Houston,Entertainment,Online,22,Analyst,0
TXN-000568,ACCT-1040,2025-09-25 10:08:32,97.49,Lyft,Miami,Travel,Online,29,Driver,0
TXN-000569,ACCT-1029,2025-09-03 08:06:21,77.46,Shell Gas,Philadelphia,Gas,Mobile App,32,Freelancer,0
TXN-000570,ACCT-1109,2025-06-04 14:37:46,57.41,Nike,Nashville,Shopping,Mobile App,42,Student,0
TXN-000571,ACCT-1120,2025-08-05 12:27:22,347.15,Hilton,Minneapolis,Utilities,In-Store,54,Teacher,0
TXN-000572,ACCT-1036,2025-07-21 19:43:38,44.97,DoorDash,Miami,Gas,Mobile App,21,Sales Rep,0
TXN-000573,ACCT-1156,2025-07-10 13:29:58,22.19,Zara,Portland,Dining,In-Store,18,Sales Rep,0
TXN-000574,ACCT-1154,2025-08-18 16:24:12,153.96,DoorDash,San Diego,Travel,ATM,34,Teacher,0
TXN-000575,ACCT-1190,2025-04-18 08:40:00,1649.45,GoldBullion Direct,Phnom Penh,Travel,Online,40,Teacher,1
TXN-000576,ACCT-1188,2025-06-16 18:11:27,21.98,Apple Store,New York,Education,In-Store,23,Sales Rep,0
TXN-000577,ACCT-1000,2025-08-25 17:17:22,238.71,Best Buy,Portland,Shopping,Mobile App,59,Freelancer,0
TXN-000578,ACCT-1122,2025-04-14 15:26:11,117.73,Lyft,Portland,Education,In-Store,34,Retired,0
TXN-000579,ACCT-1109,2025-03-02 15:18:21,34.88,Shell Gas,Nashville,Transportation,ATM,42,Student,0
TXN-000580,ACCT-1038,2025-07-29 13:48:17,95.2,Grubhub,Chicago,Utilities,In-Store,42,Nurse,0
TXN-000581,ACCT-1045,2025-09-09 21:58:51,65.56,Netflix,Philadelphia,Travel,Mobile App,66,Chef,0
TXN-000582,ACCT-1015,2025-10-10 14:12:50,85.42,Walgreens,Minneapolis,Education,Online,43,Lawyer,0
TXN-000583,ACCT-1181,2025-12-24 07:29:54,168.74,Trader Joes,Detroit,Subscriptions,Online,48,Manager,0
TXN-000584,ACCT-1100,2025-04-29 20:29:02,63.97,McDonalds,Phoenix,Subscriptions,In-Store,80,Manager,0
TXN-000585,ACCT-1118,2025-01-07 11:40:56,90.49,Walgreens,Detroit,Dining,Mobile App,37,Designer,0
TXN-000586,ACCT-1134,2025-01-23 13:29:22,404.33,Whole Foods,Houston,Utilities,Online,56,Student,0
TXN-000587,ACCT-1161,2025-08-16 15:12:50,62.66,Target,Detroit,Gas,Mobile App,75,Engineer,0
TXN-000588,ACCT-1084,2025-09-07 15:08:44,58.98,Whole Foods,Dallas,Education,Mobile App,24,Engineer,0
TXN-000589,ACCT-1139,2025-05-07 10:13:04,263.21,Delta Airlines,Los Angeles,Travel,Mobile App,40,Driver,0
TXN-000590,ACCT-1051,2025-11-20 10:18:23,124.59,Safeway,Phoenix,Utilities,Mobile App,45,Chef,0
TXN-000591,ACCT-1036,2025-10-26 02:23:00,488.54,Whole Foods,Miami,Entertainment,Online,21,Sales Rep,1
TXN-000592,ACCT-1043,2025-03-25 07:27:15,235.59,McDonalds,Atlanta,Shopping,Mobile App,34,Manager,0
TXN-000593,ACCT-1020,2025-07-07 17:07:26,316.23,Home Depot,Detroit,Entertainment,Online,36,Engineer,0
TXN-000594,ACCT-1123,2025-06-18 09:06:35,51.88,Delta Airlines,San Antonio,Groceries,Online,37,Lawyer,0
TXN-000595,ACCT-1184,2025-02-21 11:37:16,169.79,Chevron,San Diego,Healthcare,In-Store,30,Analyst,0
TXN-000596,ACCT-1003,2025-06-18 12:21:13,33.25,Amazon,San Antonio,Utilities,Online,73,Engineer,0
TXN-000597,ACCT-1117,2025-09-18 14:05:43,407.09,Zara,Houston,Healthcare,In-Store,56,Teacher,0
TXN-000598,ACCT-1161,2025-10-13 11:36:46,130.15,CVS Pharmacy,Detroit,Utilities,Online,75,Engineer,0
TXN-000599,ACCT-1177,2025-11-02 16:08:00,15.56,Trader Joes,Austin,Transportation,Online,24,Teacher,0
TXN-000600,ACCT-1134,2025-07-25 05:01:45,242.41,Walmart,Miami,Shopping,Online,56,Student,0
TXN-000601,ACCT-1066,2025-11-06 12:59:53,566.71,Best Buy,Houston,Utilities,Online,38,Teacher,0
TXN-000602,ACCT-1152,2025-04-16 15:01:18,247.99,Walmart,San Francisco,Transportation,Online,58,Chef,0
TXN-000603,ACCT-1192,2025-05-30 07:13:15,378.9,McDonalds,San Antonio,Dining,In-Store,56,Designer,0
TXN-000604,ACCT-1154,2025-11-08 03:59:00,123.81,Chevron,San Diego,Entertainment,ATM,34,Teacher,1
TXN-000605,ACCT-1067,2025-12-17 19:26:07,279.24,Marriott,Boston,Subscriptions,Mobile App,62,Doctor,0
TXN-000606,ACCT-1151,2025-02-11 12:41:01,101.57,Home Depot,Denver,Entertainment,Online,36,Retired,0
TXN-000607,ACCT-1138,2025-12-02 09:33:56,217.29,Uber,Miami,Gas,Online,29,Accountant,0
TXN-000608,ACCT-1062,2025-04-01 13:18:08,324.36,Grubhub,Chicago,Healthcare,ATM,52,Student,0
TXN-000609,ACCT-1021,2025-09-07 15:43:51,93.35,Walmart,Phoenix,Gas,Online,28,Teacher,0
TXN-000610,ACCT-1090,2025-09-16 14:13:51,84.9,Chevron,Dallas,Subscriptions,In-Store,24,Retired,0
TXN-000611,ACCT-1025,2025-09-16 15:11:26,131.22,Trader Joes,San Francisco,Shopping,ATM,43,Chef,0
TXN-000612,ACCT-1077,2025-07-12 19:08:15,22.96,Whole Foods,Seattle,Groceries,Online,80,Driver,0
TXN-000613,ACCT-1153,2025-12-01 12:10:00,1515.14,UnknownVendor_X9,Tirana,Shopping,Online,33,Lawyer,1
TXN-000614,ACCT-1111,2025-04-16 12:53:36,67.79,Marriott,Houston,Dining,Mobile App,22,Analyst,0
TXN-000615,ACCT-1083,2025-09-01 08:17:11,142.12,Starbucks,Detroit,Personal Care,In-Store,52,Freelancer,0
TXN-000616,ACCT-1063,2025-02-07 18:17:19,154.13,Nike,Austin,Utilities,Mobile App,70,Driver,0
TXN-000617,ACCT-1149,2025-02-13 10:52:12,92.66,Zara,Los Angeles,Personal Care,Mobile App,41,Sales Rep,0
TXN-000618,ACCT-1190,2025-04-07 17:57:39,247.16,Grubhub,Nashville,Groceries,ATM,40,Teacher,0
TXN-000619,ACCT-1025,2025-02-05 21:01:20,161.61,Trader Joes,New York,Utilities,In-Store,43,Chef,0
TXN-000620,ACCT-1039,2025-12-16 13:10:41,116.75,Walgreens,Houston,Healthcare,In-Store,82,Accountant,0
TXN-000621,ACCT-1062,2025-09-13 21:02:23,250.0,Starbucks,Nashville,Education,Mobile App,52,Student,0
TXN-000622,ACCT-1167,2025-09-20 12:37:46,525.57,Apple Store,Seattle,Travel,Online,57,Manager,0
TXN-000623,ACCT-1158,2025-03-23 11:17:19,57.84,Apple Store,Nashville,Gas,Phone,23,Doctor,0
TXN-000624,ACCT-1031,2025-09-16 18:46:46,114.37,Uber,San Antonio,Gas,Mobile App,71,Doctor,0
TXN-000625,ACCT-1199,2025-01-31 21:38:23,160.33,Starbucks,Houston,Healthcare,Mobile App,33,Chef,0
TXN-000626,ACCT-1065,2025-09-02 18:25:55,76.68,CVS Pharmacy,Chicago,Entertainment,In-Store,79,Analyst,0
TXN-000627,ACCT-1085,2025-01-01 21:09:59,275.48,Hilton,Dallas,Gas,ATM,38,Student,0
TXN-000628,ACCT-1154,2025-03-31 22:00:09,62.9,Whole Foods,Miami,Utilities,Online,34,Teacher,0
TXN-000629,ACCT-1196,2025-05-18 16:43:05,493.79,Marriott,Boston,Shopping,Mobile App,48,Freelancer,0
TXN-000630,ACCT-1053,2025-06-27 19:42:21,61.71,Nike,Philadelphia,Travel,Online,20,Student,0
TXN-000631,ACCT-1034,2025-06-24 09:18:56,96.72,CVS Pharmacy,Chicago,Healthcare,Online,41,Lawyer,0
TXN-000632,ACCT-1157,2025-10-18 09:28:49,243.43,Netflix,San Diego,Personal Care,In-Store,57,Lawyer,0
TXN-000633,ACCT-1152,2025-11-11 17:45:39,392.16,Lyft,San Francisco,Shopping,Online,58,Chef,0
TXN-000634,ACCT-1165,2025-09-03 07:00:39,27.75,Chevron,San Antonio,Utilities,Online,22,Accountant,0
TXN-000635,ACCT-1065,2025-08-08 00:46:29,58.26,Home Depot,Chicago,Utilities,In-Store,79,Analyst,0
TXN-000636,ACCT-1144,2025-04-24 13:42:18,142.61,Walgreens,San Antonio,Subscriptions,Online,27,Chef,0
TXN-000637,ACCT-1015,2025-04-12 21:41:10,21.51,Airbnb,Minneapolis,Entertainment,In-Store,43,Lawyer,0
TXN-000638,ACCT-1115,2025-11-01 18:00:53,55.72,Grubhub,Miami,Gas,Mobile App,40,Sales Rep,0
TXN-000639,ACCT-1043,2025-02-15 10:12:46,335.94,Starbucks,Atlanta,Utilities,Mobile App,34,Manager,0
TXN-000640,ACCT-1184,2025-03-06 13:51:38,38.79,Home Depot,Seattle,Shopping,Online,30,Analyst,0
TXN-000641,ACCT-1181,2025-09-14 23:14:17,69.92,Trader Joes,Detroit,Dining,Online,48,Manager,0
TXN-000642,ACCT-1025,2025-01-11 11:18:33,520.07,Trader Joes,New York,Transportation,Mobile App,43,Chef,0
TXN-000643,ACCT-1128,2025-08-08 11:22:47,62.14,Lyft,Denver,Personal Care,Mobile App,21,Engineer,0
TXN-000644,ACCT-1184,2025-08-03 17:08:18,56.48,Target,Detroit,Groceries,Online,30,Analyst,0
TXN-000645,ACCT-1152,2025-03-16 18:31:47,201.85,Lyft,San Francisco,Entertainment,Online,58,Chef,0
TXN-000646,ACCT-1032,2025-12-02 14:19:26,208.02,Best Buy,New York,Education,Mobile App,34,Analyst,0
TXN-000647,ACCT-1074,2025-09-27 22:49:41,226.13,United Airlines,Miami,Gas,Online,42,Freelancer,0
TXN-000648,ACCT-1182,2025-03-24 00:04:46,850.14,Home Depot,Denver,Entertainment,Phone,55,Lawyer,0
TXN-000649,ACCT-1179,2025-01-17 19:21:58,38.74,CVS Pharmacy,Nashville,Entertainment,Mobile App,41,Engineer,0
TXN-000650,ACCT-1079,2025-04-22 19:57:51,565.4,Whole Foods,Phoenix,Education,In-Store,52,Retired,0
TXN-000651,ACCT-1134,2025-03-28 09:24:13,356.58,Kroger,Miami,Healthcare,In-Store,56,Student,0
TXN-000652,ACCT-1057,2025-10-20 08:18:59,201.13,Lyft,Seattle,Shopping,Mobile App,55,Analyst,0
TXN-000653,ACCT-1112,2025-05-09 17:55:23,59.07,Lyft,San Antonio,Personal Care,In-Store,23,Sales Rep,0
TXN-000654,ACCT-1138,2025-02-17 13:07:36,116.11,Costco,Miami,Personal Care,Mobile App,29,Accountant,0
TXN-000655,ACCT-1176,2025-02-27 20:26:32,305.46,Nike,Boston,Shopping,Online,62,Designer,0
TXN-000656,ACCT-1159,2025-08-28 20:57:32,127.67,Marriott,San Diego,Dining,In-Store,39,Student,0
TXN-000657,ACCT-1024,2025-03-12 09:01:51,71.84,Netflix,San Diego,Gas,In-Store,44,Lawyer,0
TXN-000658,ACCT-1145,2025-05-22 15:01:23,37.68,Walmart,Nashville,Education,Online,19,Chef,0
TXN-000659,ACCT-1015,2025-01-01 10:11:05,134.3,Netflix,Minneapolis,Utilities,Mobile App,43,Lawyer,0
TXN-000660,ACCT-1167,2025-12-19 16:31:24,565.07,Hilton,Seattle,Travel,In-Store,57,Manager,0
TXN-000661,ACCT-1187,2025-03-18 19:12:26,128.41,Delta Airlines,San Antonio,Subscriptions,In-Store,28,Freelancer,0
TXN-000662,ACCT-1188,2025-08-30 20:37:09,43.21,Starbucks,New York,Groceries,Online,23,Sales Rep,0
TXN-000663,ACCT-1022,2025-12-27 19:29:07,160.19,Marriott,Detroit,Shopping,Online,34,Analyst,0
TXN-000664,ACCT-1074,2025-07-29 10:51:13,180.85,Amazon,Miami,Subscriptions,ATM,42,Freelancer,0
TXN-000665,ACCT-1159,2025-08-19 14:00:26,156.48,Spotify,Boston,Travel,In-Store,39,Student,0
TXN-000666,ACCT-1032,2025-10-22 10:17:25,156.5,Safeway,New York,Groceries,Mobile App,34,Analyst,0
TXN-000667,ACCT-1014,2025-02-05 20:51:10,126.12,Kroger,Nashville,Groceries,In-Store,54,Chef,0
TXN-000668,ACCT-1083,2025-12-24 16:50:29,355.25,Netflix,Detroit,Shopping,Online,52,Freelancer,0
TXN-000669,ACCT-1186,2025-12-20 19:05:32,23.16,McDonalds,Dallas,Subscriptions,In-Store,19,Freelancer,0
TXN-000670,ACCT-1046,2025-04-07 11:29:22,180.88,Trader Joes,Atlanta,Utilities,Online,27,Driver,0
TXN-000671,ACCT-1015,2025-05-26 13:55:25,101.38,Walgreens,Minneapolis,Groceries,In-Store,43,Lawyer,0
TXN-000672,ACCT-1177,2025-11-07 13:27:24,17.87,DoorDash,Nashville,Personal Care,Mobile App,24,Teacher,0
TXN-000673,ACCT-1172,2025-06-09 08:54:55,77.36,Amazon,Austin,Personal Care,ATM,25,Nurse,0
TXN-000674,ACCT-1135,2025-08-28 12:02:44,239.26,DoorDash,Los Angeles,Entertainment,Online,37,Driver,0
TXN-000675,ACCT-1117,2025-02-23 20:08:33,431.3,Best Buy,Miami,Entertainment,Online,56,Teacher,0
TXN-000676,ACCT-1182,2025-03-22 13:50:04,210.24,Home Depot,Denver,Education,In-Store,55,Lawyer,0
TXN-000677,ACCT-1054,2025-12-26 11:23:09,50.54,Shell Gas,Nashville,Travel,Online,80,Retired,0
TXN-000678,ACCT-1120,2025-12-14 13:59:40,469.88,Safeway,Minneapolis,Transportation,Online,54,Teacher,0
TXN-000679,ACCT-1037,2025-09-07 13:55:28,71.84,Amazon,Atlanta,Transportation,Mobile App,18,Designer,0
TXN-000680,ACCT-1177,2025-01-28 13:34:47,17.18,Airbnb,Portland,Entertainment,ATM,24,Teacher,0
TXN-000681,ACCT-1146,2025-05-29 12:10:50,104.75,Grubhub,Atlanta,Gas,Online,39,Accountant,0
TXN-000682,ACCT-1125,2025-05-19 20:55:13,216.49,CVS Pharmacy,New York,Travel,Online,61,Teacher,0
TXN-000683,ACCT-1046,2025-01-09 15:52:38,177.99,Safeway,Atlanta,Entertainment,Online,27,Driver,0
TXN-000684,ACCT-1085,2025-07-23 17:45:11,172.3,Apple Store,Houston,Gas,ATM,38,Student,0
TXN-000685,ACCT-1002,2025-12-08 13:04:48,304.9,McDonalds,New York,Utilities,Online,26,Lawyer,0
TXN-000686,ACCT-1139,2025-01-13 17:50:30,99.45,Delta Airlines,Los Angeles,Subscriptions,Online,40,Driver,0
TXN-000687,ACCT-1109,2025-05-11 16:20:11,66.22,Best Buy,Nashville,Healthcare,Online,42,Student,0
TXN-000688,ACCT-1041,2025-02-09 10:06:58,213.36,Shell Gas,Los Angeles,Shopping,In-Store,44,Designer,0
TXN-000689,ACCT-1139,2025-04-03 17:57:16,63.51,CVS Pharmacy,Los Angeles,Gas,In-Store,40,Driver,0
TXN-000690,ACCT-1076,2025-04-18 07:58:12,13.3,CVS Pharmacy,Portland,Utilities,In-Store,18,Teacher,0
TXN-000691,ACCT-1085,2025-02-18 14:29:42,100.9,Hilton,Dallas,Groceries,In-Store,38,Student,0
TXN-000692,ACCT-1140,2025-06-14 15:57:57,81.59,DoorDash,Detroit,Shopping,Online,24,Teacher,0
TXN-000693,ACCT-1074,2025-04-13 11:34:51,484.13,United Airlines,Miami,Travel,In-Store,42,Freelancer,0
TXN-000694,ACCT-1086,2025-01-08 17:17:00,5000.0,Amazon,Miami,Shopping,Online,20,Manager,1
TXN-000695,ACCT-1000,2025-03-21 16:47:19,168.73,United Airlines,Denver,Dining,Online,59,Freelancer,0
TXN-000696,ACCT-1111,2025-09-10 07:51:25,80.9,United Airlines,Houston,Entertainment,In-Store,22,Analyst,0
TXN-000697,ACCT-1141,2025-10-03 06:02:25,56.98,United Airlines,San Diego,Transportation,Online,32,Engineer,0
TXN-000698,ACCT-1019,2025-07-09 20:50:37,92.44,CVS Pharmacy,Chicago,Transportation,Online,41,Lawyer,0
TXN-000699,ACCT-1062,2025-05-10 18:50:40,529.13,Grubhub,Chicago,Groceries,In-Store,52,Student,0
TXN-000700,ACCT-1050,2025-07-08 12:21:00,94.11,Walgreens,Miami,Personal Care,Online,43,Designer,0
TXN-000701,ACCT-1120,2025-08-29 08:33:29,856.11,Nike,Houston,Groceries,In-Store,54,Teacher,0
TXN-000702,ACCT-1039,2025-05-11 17:24:54,157.06,Lyft,Houston,Healthcare,Mobile App,82,Accountant,0
TXN-000703,ACCT-1070,2025-06-20 14:15:23,225.1,Walgreens,Portland,Healthcare,Mobile App,56,Student,0
TXN-000704,ACCT-1190,2025-06-08 15:40:45,173.08,Whole Foods,Nashville,Groceries,Online,40,Teacher,0
TXN-000705,ACCT-1063,2025-04-23 14:33:16,102.7,Costco,Austin,Subscriptions,Mobile App,70,Driver,0
TXN-000706,ACCT-1124,2025-11-17 09:07:09,91.51,McDonalds,San Antonio,Gas,Online,33,Analyst,0
TXN-000707,ACCT-1168,2025-02-19 22:40:37,49.9,Kroger,Boston,Transportation,Online,82,Teacher,0
TXN-000708,ACCT-1057,2025-09-01 14:06:59,293.45,Whole Foods,Seattle,Education,Online,55,Analyst,0
TXN-000709,ACCT-1177,2025-05-17 22:41:25,25.88,Zara,Austin,Groceries,In-Store,24,Teacher,0
TXN-000710,ACCT-1139,2025-02-18 14:00:12,225.6,Target,Los Angeles,Personal Care,Mobile App,40,Driver,0
TXN-000711,ACCT-1057,2025-08-16 12:14:09,21.12,Marriott,Los Angeles,Travel,Mobile App,55,Analyst,1
TXN-000712,ACCT-1186,2025-11-11 11:50:02,42.86,McDonalds,Dallas,Dining,Mobile App,19,Freelancer,0
TXN-000713,ACCT-1063,2025-10-17 14:37:36,97.41,Airbnb,Austin,Education,In-Store,70,Driver,0
TXN-000714,ACCT-1011,2025-08-01 06:37:21,249.75,Marriott,Atlanta,Gas,Online,47,Doctor,0
TXN-000715,ACCT-1135,2025-10-15 17:20:58,491.02,DoorDash,New York,Healthcare,Online,37,Driver,0
TXN-000716,ACCT-1087,2025-04-11 12:37:34,906.14,Costco,Seattle,Groceries,In-Store,61,Manager,0
TXN-000717,ACCT-1002,2025-09-16 15:38:35,475.92,McDonalds,New York,Travel,Mobile App,26,Lawyer,0
TXN-000718,ACCT-1131,2025-12-22 20:05:41,73.86,Marriott,Dallas,Personal Care,In-Store,34,Lawyer,0
TXN-000719,ACCT-1125,2025-11-21 12:18:00,125.13,Costco,Atlanta,Gas,In-Store,61,Teacher,0
TXN-000720,ACCT-1123,2025-10-05 11:40:19,163.18,Chevron,Philadelphia,Gas,Online,37,Lawyer,1
TXN-000721,ACCT-1144,2025-09-21 16:38:23,167.66,Apple Store,San Antonio,Gas,Mobile App,27,Chef,0
TXN-000722,ACCT-1088,2025-09-09 20:08:05,141.55,McDonalds,Phoenix,Education,Mobile App,33,Designer,0
TXN-000723,ACCT-1026,2025-07-18 20:02:41,37.44,Hilton,Nashville,Transportation,Online,33,Lawyer,0
TXN-000724,ACCT-1147,2025-07-27 15:56:06,84.16,Netflix,Atlanta,Entertainment,In-Store,75,Doctor,0
TXN-000725,ACCT-1161,2025-03-21 10:52:48,167.85,Spotify,Detroit,Transportation,ATM,75,Engineer,0
TXN-000726,ACCT-1151,2025-09-05 10:28:23,197.21,Amazon,Denver,Travel,Mobile App,36,Retired,0
TXN-000727,ACCT-1143,2025-06-08 12:14:24,49.38,Shell Gas,Minneapolis,Shopping,In-Store,76,Retired,0
TXN-000728,ACCT-1094,2025-12-20 10:00:01,202.25,Whole Foods,San Francisco,Dining,Online,48,Driver,0
TXN-000729,ACCT-1003,2025-03-20 11:28:48,103.75,Whole Foods,San Antonio,Education,Online,73,Engineer,0
TXN-000730,ACCT-1123,2025-01-16 07:43:18,43.66,DoorDash,San Diego,Shopping,In-Store,37,Lawyer,0
TXN-000731,ACCT-1188,2025-12-13 21:58:33,19.86,Lyft,New York,Utilities,Online,23,Sales Rep,0
TXN-000732,ACCT-1132,2025-03-03 20:27:34,303.29,Whole Foods,Miami,Healthcare,Online,54,Manager,0
TXN-000733,ACCT-1165,2025-01-02 12:00:30,7.4,Chevron,San Antonio,Travel,Online,22,Accountant,0
TXN-000734,ACCT-1054,2025-06-16 17:32:34,104.5,Airbnb,San Antonio,Gas,Online,80,Retired,0
TXN-000735,ACCT-1154,2025-07-21 21:02:11,65.24,DoorDash,San Diego,Subscriptions,ATM,34,Teacher,0
TXN-000736,ACCT-1198,2025-06-11 10:21:53,98.04,Delta Airlines,Houston,Travel,Online,53,Engineer,0
TXN-000737,ACCT-1045,2025-10-18 11:47:18,73.55,Netflix,Philadelphia,Healthcare,Online,66,Chef,0
TXN-000738,ACCT-1105,2025-03-30 11:53:27,421.88,Shell Gas,New York,Dining,Online,51,Teacher,0
TXN-000739,ACCT-1071,2025-11-21 12:57:16,62.02,Best Buy,Nashville,Dining,In-Store,42,Analyst,0
TXN-000740,ACCT-1088,2025-04-02 10:18:00,1188.29,CryptoXchange Ltd,Tirana,Travel,Online,33,Designer,1
TXN-000741,ACCT-1101,2025-11-25 06:16:40,80.09,Amazon,Minneapolis,Travel,Online,24,Doctor,0
TXN-000742,ACCT-1139,2025-03-01 10:18:55,258.73,Target,Los Angeles,Gas,ATM,40,Driver,0
TXN-000743,ACCT-1017,2025-04-14 20:10:50,78.42,United Airlines,San Diego,Travel,Mobile App,76,Nurse,0
TXN-000744,ACCT-1001,2025-01-06 12:27:06,157.42,Nike,Dallas,Travel,Mobile App,64,Nurse,0
TXN-000745,ACCT-1106,2025-10-11 11:08:04,29.76,Marriott,Seattle,Shopping,Mobile App,23,Retired,0
TXN-000746,ACCT-1171,2025-07-25 16:32:00,409.08,Chevron,Portland,Transportation,In-Store,57,Doctor,0
TXN-000747,ACCT-1190,2025-11-18 12:33:51,138.35,Grubhub,Nashville,Subscriptions,Online,40,Teacher,0
TXN-000748,ACCT-1113,2025-11-24 15:57:48,73.75,Delta Airlines,Houston,Travel,Online,41,Designer,0
TXN-000749,ACCT-1061,2025-04-13 08:52:17,215.2,Grubhub,Boston,Groceries,Online,50,Analyst,0
TXN-000750,ACCT-1131,2025-03-31 20:26:22,316.88,Kroger,Dallas,Gas,Online,34,Lawyer,0
TXN-000751,ACCT-1065,2025-04-25 14:25:49,56.0,Amazon,Chicago,Education,Mobile App,79,Analyst,0
TXN-000752,ACCT-1070,2025-06-21 05:30:20,276.76,Hilton,Portland,Groceries,Online,56,Student,0
TXN-000753,ACCT-1059,2025-10-08 12:22:24,308.47,McDonalds,Los Angeles,Personal Care,Online,48,Doctor,0
TXN-000754,ACCT-1037,2025-07-01 23:02:56,70.33,DoorDash,Atlanta,Healthcare,In-Store,18,Designer,0
TXN-000755,ACCT-1174,2025-09-22 10:06:43,237.94,Costco,Atlanta,Utilities,Online,34,Retired,0
TXN-000756,ACCT-1097,2025-02-17 12:40:23,488.38,Shell Gas,Los Angeles,Shopping,Mobile App,52,Teacher,0
TXN-000757,ACCT-1057,2025-08-27 13:41:18,348.28,Home Depot,Portland,Groceries,In-Store,55,Analyst,0
TXN-000758,ACCT-1192,2025-05-11 18:42:24,102.47,CVS Pharmacy,San Antonio,Transportation,Online,56,Designer,0
TXN-000759,ACCT-1194,2025-01-02 15:35:31,259.29,Zara,San Diego,Gas,In-Store,84,Lawyer,0
TXN-000760,ACCT-1177,2025-06-29 08:38:07,34.44,Grubhub,Portland,Transportation,Mobile App,24,Teacher,0
TXN-000761,ACCT-1072,2025-08-18 07:08:07,96.11,CVS Pharmacy,San Diego,Transportation,Online,53,Analyst,0
TXN-000762,ACCT-1159,2025-07-30 14:04:20,194.44,Marriott,San Diego,Shopping,Online,39,Student,0
TXN-000763,ACCT-1110,2025-08-16 20:42:49,30.51,Home Depot,San Francisco,Shopping,In-Store,34,Analyst,0
TXN-000764,ACCT-1019,2025-08-17 18:40:25,125.15,Safeway,Philadelphia,Gas,Mobile App,41,Lawyer,0
TXN-000765,ACCT-1199,2025-02-15 17:33:35,103.29,Delta Airlines,Phoenix,Dining,Mobile App,33,Chef,0
TXN-000766,ACCT-1104,2025-03-17 20:56:00,332.58,OffshorePay Inc,Minsk,Travel,Online,24,Engineer,1
TXN-000767,ACCT-1172,2025-10-31 21:44:00,539.24,Target,Austin,Entertainment,Online,25,Nurse,1
TXN-000768,ACCT-1159,2025-09-19 00:24:03,210.17,Kroger,San Diego,Transportation,Mobile App,39,Student,0
TXN-000769,ACCT-1077,2025-08-01 10:52:55,15.63,Walgreens,Seattle,Personal Care,Online,80,Driver,0
TXN-000770,ACCT-1181,2025-07-26 09:56:33,181.56,Chevron,Detroit,Entertainment,In-Store,48,Manager,0
TXN-000771,ACCT-1024,2025-12-21 13:06:22,218.29,Netflix,Portland,Entertainment,Online,44,Lawyer,0
TXN-000772,ACCT-1149,2025-04-07 19:54:30,146.22,Costco,Los Angeles,Gas,In-Store,41,Sales Rep,0
TXN-000773,ACCT-1001,2025-08-24 15:36:53,552.1,Nike,Minneapolis,Travel,Mobile App,64,Nurse,0
TXN-000774,ACCT-1054,2025-08-25 09:43:06,157.43,Shell Gas,Nashville,Entertainment,Online,80,Retired,0
TXN-000775,ACCT-1012,2025-07-28 20:14:03,45.58,McDonalds,Denver,Transportation,Online,22,Teacher,0
TXN-000776,ACCT-1013,2025-10-25 12:30:15,760.14,DoorDash,Houston,Transportation,Mobile App,45,Driver,0
TXN-000777,ACCT-1090,2025-11-04 07:35:31,88.87,Chevron,Dallas,Education,Online,24,Retired,0
TXN-000778,ACCT-1129,2025-06-05 13:16:25,28.87,Lyft,Denver,Transportation,In-Store,32,Sales Rep,0
TXN-000779,ACCT-1189,2025-07-21 21:52:16,28.1,Starbucks,Detroit,Healthcare,In-Store,23,Designer,0
TXN-000780,ACCT-1183,2025-02-06 16:14:49,589.0,Nike,Portland,Gas,In-Store,60,Retired,0
TXN-000781,ACCT-1039,2025-02-16 06:22:18,208.69,Walgreens,Houston,Personal Care,Mobile App,82,Accountant,0
TXN-000782,ACCT-1040,2025-06-08 15:43:59,91.09,Safeway,Miami,Utilities,Mobile App,29,Driver,0
TXN-000783,ACCT-1141,2025-08-20 16:34:00,179.05,Apple Store,San Diego,Shopping,In-Store,32,Engineer,0
TXN-000784,ACCT-1021,2025-04-25 11:18:58,52.3,Walmart,Detroit,Entertainment,In-Store,28,Teacher,0
TXN-000785,ACCT-1190,2025-08-31 13:27:25,116.52,Walmart,Nashville,Subscriptions,Online,40,Teacher,0
TXN-000786,ACCT-1003,2025-04-13 19:53:36,83.5,Hilton,San Antonio,Education,In-Store,73,Engineer,0
TXN-000787,ACCT-1088,2025-01-22 20:44:00,104.1,Zara,Phoenix,Dining,Mobile App,33,Designer,0
TXN-000788,ACCT-1104,2025-12-07 13:43:55,81.73,Target,Dallas,Gas,Mobile App,24,Engineer,0
TXN-000789,ACCT-1032,2025-12-25 21:01:07,401.45,Apple Store,New York,Travel,ATM,34,Analyst,0
TXN-000790,ACCT-1053,2025-10-03 11:40:50,83.39,Safeway,Philadelphia,Dining,Online,20,Student,0
TXN-000791,ACCT-1038,2025-05-22 22:01:19,79.26,Grubhub,Chicago,Groceries,Online,42,Nurse,0
TXN-000792,ACCT-1068,2025-04-08 10:54:57,49.22,Trader Joes,Atlanta,Utilities,Mobile App,22,Accountant,0
TXN-000793,ACCT-1006,2025-06-09 14:53:23,136.46,Starbucks,Atlanta,Transportation,Mobile App,55,Nurse,0
TXN-000794,ACCT-1111,2025-03-02 11:46:57,71.06,Spotify,Houston,Personal Care,Phone,22,Analyst,0
TXN-000795,ACCT-1159,2025-11-24 23:13:35,332.42,Marriott,San Diego,Entertainment,Mobile App,39,Student,0
TXN-000796,ACCT-1167,2025-09-25 13:55:05,129.97,Hilton,Seattle,Subscriptions,Online,57,Manager,0
TXN-000797,ACCT-1125,2025-06-04 11:33:03,435.69,CVS Pharmacy,Atlanta,Subscriptions,Mobile App,61,Teacher,0
TXN-000798,ACCT-1187,2025-12-19 20:03:53,118.92,McDonalds,San Antonio,Dining,Mobile App,28,Freelancer,0
TXN-000799,ACCT-1147,2025-02-23 12:14:25,61.47,Zara,Dallas,Transportation,Mobile App,75,Doctor,0
TXN-000800,ACCT-1192,2025-01-28 12:33:57,462.57,CVS Pharmacy,San Antonio,Shopping,In-Store,56,Designer,0
TXN-000801,ACCT-1008,2025-07-05 13:22:04,108.63,Walmart,Nashville,Dining,Online,28,Retired,0
TXN-000802,ACCT-1033,2025-07-13 13:15:11,145.65,CVS Pharmacy,Boston,Shopping,Online,43,Teacher,0
TXN-000803,ACCT-1035,2025-05-25 11:31:15,251.11,United Airlines,Houston,Healthcare,Online,36,Chef,0
TXN-000804,ACCT-1025,2025-12-05 15:40:35,222.02,Kroger,New York,Utilities,Online,43,Chef,0
TXN-000805,ACCT-1097,2025-09-21 14:22:14,197.16,Whole Foods,Minneapolis,Dining,Mobile App,52,Teacher,1
TXN-000806,ACCT-1107,2025-08-30 16:15:04,578.1,McDonalds,Austin,Groceries,In-Store,63,Student,0
TXN-000807,ACCT-1044,2025-07-12 12:57:12,74.79,Hilton,Philadelphia,Shopping,Online,73,Doctor,0
TXN-000808,ACCT-1034,2025-05-10 17:17:09,198.11,Amazon,Philadelphia,Travel,Online,41,Lawyer,0
TXN-000809,ACCT-1086,2025-04-04 14:50:21,91.74,Netflix,Philadelphia,Entertainment,In-Store,20,Manager,0
TXN-000810,ACCT-1111,2025-12-18 18:13:21,89.91,United Airlines,Houston,Groceries,In-Store,22,Analyst,0
TXN-000811,ACCT-1157,2025-10-16 11:56:24,725.32,DoorDash,San Diego,Transportation,Online,57,Lawyer,0
TXN-000812,ACCT-1006,2025-10-20 12:10:49,198.47,Starbucks,Atlanta,Entertainment,Online,55,Nurse,0
TXN-000813,ACCT-1153,2025-03-13 10:43:58,95.35,Spotify,Minneapolis,Education,Online,33,Lawyer,0
TXN-000814,ACCT-1193,2025-07-16 21:12:11,80.76,Spotify,San Diego,Personal Care,In-Store,42,Sales Rep,0
TXN-000815,ACCT-1199,2025-08-03 11:54:21,133.76,Best Buy,Houston,Healthcare,Online,33,Chef,0
TXN-000816,ACCT-1017,2025-02-19 16:21:44,148.41,Whole Foods,San Diego,Travel,Online,76,Nurse,0
TXN-000817,ACCT-1084,2025-11-23 15:40:08,72.05,CVS Pharmacy,Dallas,Entertainment,Online,24,Engineer,0
TXN-000818,ACCT-1035,2025-01-23 11:13:11,169.25,Whole Foods,Houston,Shopping,Phone,36,Chef,0
TXN-000819,ACCT-1137,2025-10-31 17:43:27,81.15,Best Buy,Miami,Subscriptions,Online,41,Lawyer,0
TXN-000820,ACCT-1140,2025-12-23 06:50:46,24.38,Costco,Detroit,Gas,Phone,24,Teacher,0
TXN-000821,ACCT-1145,2025-10-24 12:39:10,81.17,Costco,Nashville,Healthcare,In-Store,19,Chef,0
TXN-000822,ACCT-1163,2025-02-07 13:09:29,156.74,Zara,Seattle,Entertainment,ATM,48,Teacher,0
TXN-000823,ACCT-1045,2025-04-10 19:09:00,5000.0,Chevron,Los Angeles,Utilities,Phone,66,Chef,1
TXN-000824,ACCT-1185,2025-12-23 12:35:32,94.59,McDonalds,New York,Healthcare,Online,58,Lawyer,0
TXN-000825,ACCT-1155,2025-09-29 12:49:16,228.27,Lyft,Minneapolis,Shopping,Online,35,Accountant,0
TXN-000826,ACCT-1194,2025-08-27 13:17:21,264.95,Kroger,Denver,Groceries,Mobile App,84,Lawyer,1
TXN-000827,ACCT-1186,2025-03-29 07:48:52,17.35,Kroger,New York,Utilities,Online,19,Freelancer,0
TXN-000828,ACCT-1048,2025-11-08 13:12:47,103.77,United Airlines,San Antonio,Dining,Online,25,Lawyer,0
TXN-000829,ACCT-1055,2025-09-16 19:15:38,141.99,Netflix,Denver,Dining,Online,46,Nurse,0
TXN-000830,ACCT-1089,2025-04-07 06:06:53,10.97,Chevron,Dallas,Gas,ATM,18,Driver,0
TXN-000831,ACCT-1106,2025-02-04 17:54:31,23.77,Shell Gas,Seattle,Transportation,In-Store,23,Retired,0
TXN-000832,ACCT-1107,2025-05-22 14:29:12,289.37,Lyft,Austin,Transportation,Phone,63,Student,0
TXN-000833,ACCT-1116,2025-09-17 20:10:40,59.15,Home Depot,San Francisco,Entertainment,Online,19,Lawyer,0
TXN-000834,ACCT-1151,2025-03-19 11:51:33,122.67,Home Depot,Denver,Entertainment,Online,36,Retired,0
TXN-000835,ACCT-1027,2025-03-03 16:50:08,84.42,Home Depot,Houston,Gas,In-Store,28,Sales Rep,0
TXN-000836,ACCT-1146,2025-01-14 14:57:53,86.92,Amazon,Atlanta,Travel,Mobile App,39,Accountant,0
TXN-000837,ACCT-1156,2025-04-13 14:26:00,13.95,Amazon,Detroit,Travel,Online,18,Sales Rep,0
TXN-000838,ACCT-1045,2025-04-16 21:54:44,66.09,Netflix,Nashville,Shopping,Online,66,Chef,0
TXN-000839,ACCT-1192,2025-03-04 14:17:41,861.47,Apple Store,San Antonio,Personal Care,Online,56,Designer,0
TXN-000840,ACCT-1079,2025-01-21 12:34:00,2771.13,Kroger,Phoenix,Travel,Online,52,Retired,1
TXN-000841,ACCT-1189,2025-02-18 11:58:05,9.02,Nike,Denver,Entertainment,In-Store,23,Designer,0
TXN-000842,ACCT-1041,2025-02-28 03:38:45,128.85,Shell Gas,Los Angeles,Shopping,Mobile App,44,Designer,0
TXN-000843,ACCT-1096,2025-05-15 13:57:29,194.71,Starbucks,New York,Transportation,Online,30,Chef,0
TXN-000844,ACCT-1132,2025-08-15 17:35:09,541.36,Grubhub,Nashville,Education,In-Store,54,Manager,0
TXN-000845,ACCT-1102,2025-11-14 18:14:01,260.86,Grubhub,Miami,Groceries,Mobile App,30,Accountant,0
TXN-000846,ACCT-1076,2025-09-22 16:08:52,12.1,United Airlines,Philadelphia,Utilities,ATM,18,Teacher,0
TXN-000847,ACCT-1094,2025-05-19 15:06:58,558.29,Hilton,San Francisco,Subscriptions,Phone,48,Driver,0
TXN-000848,ACCT-1007,2025-11-07 12:47:47,114.55,Hilton,Atlanta,Transportation,In-Store,66,Sales Rep,0
TXN-000849,ACCT-1198,2025-12-13 19:23:36,214.41,Delta Airlines,Houston,Healthcare,Mobile App,53,Engineer,0
TXN-000850,ACCT-1165,2025-09-08 17:56:30,12.89,Safeway,San Antonio,Transportation,In-Store,22,Accountant,0
TXN-000851,ACCT-1102,2025-05-18 22:47:00,2500.0,Netflix,Miami,Travel,Phone,30,Accountant,1
TXN-000852,ACCT-1156,2025-11-23 06:31:01,29.51,Uber,Atlanta,Entertainment,ATM,18,Sales Rep,0
TXN-000853,ACCT-1012,2025-06-14 12:39:28,88.96,Best Buy,Denver,Education,ATM,22,Teacher,0
TXN-000854,ACCT-1180,2025-04-04 09:07:02,286.75,Zara,Detroit,Education,Online,45,Freelancer,0
TXN-000855,ACCT-1030,2025-03-04 11:22:32,284.42,Safeway,Seattle,Transportation,Mobile App,48,Manager,0
TXN-000856,ACCT-1191,2025-06-08 23:07:19,181.93,Grubhub,San Francisco,Personal Care,In-Store,61,Designer,0
TXN-000857,ACCT-1101,2025-03-23 06:59:58,111.7,CVS Pharmacy,Minneapolis,Healthcare,Online,24,Doctor,0
TXN-000858,ACCT-1168,2025-09-24 16:27:02,130.84,Zara,Boston,Travel,Mobile App,82,Teacher,0
TXN-000859,ACCT-1122,2025-08-06 09:33:32,268.37,CVS Pharmacy,Portland,Education,Online,34,Retired,0
TXN-000860,ACCT-1091,2025-06-03 09:10:09,222.38,Apple Store,Boston,Entertainment,Online,36,Manager,0
TXN-000861,ACCT-1145,2025-07-18 12:59:47,29.02,Home Depot,Nashville,Personal Care,In-Store,19,Chef,0
TXN-000862,ACCT-1004,2025-11-15 15:17:03,147.03,DoorDash,Denver,Utilities,Mobile App,28,Designer,0
TXN-000863,ACCT-1007,2025-11-01 22:54:36,121.43,Lyft,Atlanta,Subscriptions,In-Store,66,Sales Rep,0
TXN-000864,ACCT-1142,2025-10-27 12:19:26,115.69,Delta Airlines,Los Angeles,Gas,Phone,36,Analyst,0
TXN-000865,ACCT-1140,2025-01-10 10:13:36,163.53,Apple Store,San Antonio,Healthcare,ATM,24,Teacher,0
TXN-000866,ACCT-1002,2025-06-12 10:14:29,169.62,Hilton,Miami,Education,Mobile App,26,Lawyer,1
TXN-000867,ACCT-1046,2025-06-07 12:14:37,88.84,Trader Joes,Atlanta,Education,Online,27,Driver,0
TXN-000868,ACCT-1066,2025-08-05 17:26:00,5000.0,Safeway,Phoenix,Travel,ATM,38,Teacher,1
TXN-000869,ACCT-1004,2025-10-16 10:32:18,207.19,Spotify,Denver,Healthcare,In-Store,28,Designer,0
TXN-000870,ACCT-1126,2025-08-15 14:39:11,271.7,Starbucks,Houston,Groceries,Online,30,Driver,0
TXN-000871,ACCT-1109,2025-02-19 17:06:40,49.88,Best Buy,Nashville,Transportation,Mobile App,42,Student,0
TXN-000872,ACCT-1156,2025-04-23 13:19:00,15.14,Walgreens,Atlanta,Travel,ATM,18,Sales Rep,0
TXN-000873,ACCT-1192,2025-11-10 10:01:48,462.81,Apple Store,San Antonio,Subscriptions,In-Store,56,Designer,0
TXN-000874,ACCT-1167,2025-07-04 21:24:41,290.2,Amazon,Seattle,Shopping,Mobile App,57,Manager,0
TXN-000875,ACCT-1069,2025-11-28 21:46:25,76.56,Costco,Atlanta,Shopping,In-Store,32,Manager,0
TXN-000876,ACCT-1082,2025-09-14 21:30:39,54.79,Safeway,Philadelphia,Utilities,Mobile App,26,Driver,0
TXN-000877,ACCT-1116,2025-03-17 08:20:02,68.83,Costco,San Francisco,Gas,In-Store,19,Lawyer,0
TXN-000878,ACCT-1024,2025-12-27 09:41:13,161.84,CVS Pharmacy,Portland,Education,In-Store,44,Lawyer,0
TXN-000879,ACCT-1035,2025-09-01 09:04:24,421.46,Netflix,Detroit,Shopping,Mobile App,36,Chef,0
TXN-000880,ACCT-1077,2025-10-01 16:16:31,35.76,Apple Store,Seattle,Education,Online,80,Driver,0
TXN-000881,ACCT-1183,2025-12-01 13:43:49,346.9,Uber,Portland,Groceries,In-Store,60,Retired,0
TXN-000882,ACCT-1057,2025-07-04 10:21:48,156.48,Zara,Seattle,Groceries,Phone,55,Analyst,0
TXN-000883,ACCT-1193,2025-09-19 02:01:00,172.48,Spotify,San Diego,Entertainment,Online,42,Sales Rep,1
TXN-000884,ACCT-1062,2025-12-01 17:58:13,431.96,Airbnb,Chicago,Travel,Online,52,Student,0
TXN-000885,ACCT-1126,2025-08-15 13:21:52,116.43,Grubhub,Portland,Groceries,Online,30,Driver,0
TXN-000886,ACCT-1049,2025-02-27 11:17:45,186.21,Zara,Chicago,Gas,Online,48,Accountant,0
TXN-000887,ACCT-1160,2025-03-25 15:26:06,374.15,Starbucks,Denver,Utilities,Mobile App,40,Nurse,0
TXN-000888,ACCT-1105,2025-08-05 22:17:24,891.32,Trader Joes,Denver,Personal Care,Online,51,Teacher,0
TXN-000889,ACCT-1064,2025-03-05 21:15:09,42.42,Delta Airlines,Austin,Education,Mobile App,19,Driver,0
TXN-000890,ACCT-1070,2025-04-03 19:17:43,271.37,Uber,Portland,Transportation,Online,56,Student,0
TXN-000891,ACCT-1198,2025-12-02 13:48:35,251.9,Kroger,Houston,Entertainment,In-Store,53,Engineer,0
TXN-000892,ACCT-1086,2025-04-25 08:04:52,62.14,Zara,Philadelphia,Entertainment,In-Store,20,Manager,0
TXN-000893,ACCT-1028,2025-11-01 20:01:10,39.87,Shell Gas,Seattle,Healthcare,In-Store,23,Freelancer,0
TXN-000894,ACCT-1047,2025-11-30 16:07:06,40.9,Amazon,Dallas,Education,Mobile App,75,Sales Rep,0
TXN-000895,ACCT-1196,2025-02-15 20:25:32,626.86,Walmart,Seattle,Gas,Online,48,Freelancer,0
TXN-000896,ACCT-1193,2025-01-09 14:19:58,79.82,Whole Foods,San Diego,Gas,Phone,42,Sales Rep,0
TXN-000897,ACCT-1098,2025-07-24 14:35:34,101.8,Amazon,Houston,Utilities,In-Store,37,Sales Rep,0
TXN-000898,ACCT-1118,2025-07-13 07:02:55,139.2,Walgreens,Detroit,Groceries,In-Store,37,Designer,0
TXN-000899,ACCT-1194,2025-08-08 07:20:13,147.05,Spotify,San Diego,Healthcare,Online,84,Lawyer,0
TXN-000900,ACCT-1031,2025-09-23 16:38:20,69.54,DoorDash,San Antonio,Healthcare,ATM,71,Doctor,0
TXN-000901,ACCT-1020,2025-08-19 11:36:29,147.0,DoorDash,Detroit,Gas,Online,36,Engineer,0
TXN-000902,ACCT-1177,2025-01-08 11:41:02,13.33,Whole Foods,Portland,Entertainment,Mobile App,24,Teacher,0
TXN-000903,ACCT-1161,2025-05-21 10:50:09,57.25,CVS Pharmacy,Detroit,Entertainment,In-Store,75,Engineer,0
TXN-000904,ACCT-1015,2025-09-29 13:00:00,2000.0,Uber,Detroit,Utilities,Online,43,Lawyer,1
TXN-000905,ACCT-1128,2025-12-22 15:32:29,45.4,Target,Denver,Education,In-Store,21,Engineer,0
TXN-000906,ACCT-1088,2025-01-03 14:45:13,251.01,Shell Gas,Phoenix,Healthcare,Mobile App,33,Designer,0
TXN-000907,ACCT-1153,2025-02-11 18:52:02,71.98,Chevron,Los Angeles,Groceries,Phone,33,Lawyer,0
TXN-000908,ACCT-1064,2025-05-11 09:33:51,115.18,Starbucks,Austin,Utilities,Online,19,Driver,0
TXN-000909,ACCT-1068,2025-05-16 13:53:17,61.39,Nike,Boston,Shopping,Mobile App,22,Accountant,0
TXN-000910,ACCT-1154,2025-11-06 19:59:39,133.5,Costco,San Diego,Entertainment,Online,34,Teacher,0
TXN-000911,ACCT-1077,2025-03-18 18:11:20,25.43,Apple Store,Seattle,Dining,Online,80,Driver,0
TXN-000912,ACCT-1079,2025-08-02 07:14:48,559.45,Kroger,Phoenix,Groceries,In-Store,52,Retired,0
TXN-000913,ACCT-1063,2025-11-06 11:17:29,61.74,Walmart,Austin,Transportation,Online,70,Driver,0
TXN-000914,ACCT-1135,2025-03-02 20:59:01,359.98,Airbnb,Miami,Dining,ATM,37,Driver,0
TXN-000915,ACCT-1186,2025-10-29 06:18:27,18.06,Amazon,Atlanta,Utilities,Mobile App,19,Freelancer,0
TXN-000916,ACCT-1065,2025-05-16 13:09:56,67.45,Safeway,Chicago,Education,Mobile App,79,Analyst,0
TXN-000917,ACCT-1073,2025-05-01 16:23:01,143.22,DoorDash,Miami,Shopping,In-Store,34,Analyst,0
TXN-000918,ACCT-1097,2025-10-23 09:47:00,2500.0,GoldBullion Direct,Austin,Travel,Online,52,Teacher,1
TXN-000919,ACCT-1085,2025-03-29 11:04:09,143.47,Grubhub,Dallas,Education,ATM,38,Student,0
TXN-000920,ACCT-1186,2025-06-01 12:08:24,32.72,Zara,Dallas,Entertainment,ATM,19,Freelancer,0
TXN-000921,ACCT-1007,2025-08-16 15:57:23,104.02,Netflix,Atlanta,Travel,In-Store,66,Sales Rep,0
TXN-000922,ACCT-1143,2025-11-08 14:30:43,40.51,Uber,Minneapolis,Dining,Online,76,Retired,0
TXN-000923,ACCT-1048,2025-09-16 07:44:33,72.7,Apple Store,San Antonio,Subscriptions,Online,25,Lawyer,0
TXN-000924,ACCT-1051,2025-05-10 17:01:14,154.1,Hilton,Phoenix,Shopping,Online,45,Chef,0
TXN-000925,ACCT-1014,2025-06-05 22:02:02,345.62,Kroger,Nashville,Dining,Phone,54,Chef,0
TXN-000926,ACCT-1117,2025-05-05 12:49:31,221.77,Uber,Dallas,Groceries,Mobile App,56,Teacher,0
TXN-000927,ACCT-1116,2025-02-12 07:36:48,31.67,Delta Airlines,San Francisco,Travel,Online,19,Lawyer,0
TXN-000928,ACCT-1107,2025-11-03 21:34:50,433.88,Spotify,Austin,Shopping,Mobile App,63,Student,0
TXN-000929,ACCT-1177,2025-01-21 15:32:14,15.45,Grubhub,Portland,Shopping,In-Store,24,Teacher,0
TXN-000930,ACCT-1002,2025-07-30 15:10:55,127.61,Marriott,New York,Healthcare,In-Store,26,Lawyer,0
TXN-000931,ACCT-1040,2025-10-14 15:35:54,72.08,Zara,Miami,Shopping,In-Store,29,Driver,0
TXN-000932,ACCT-1161,2025-11-20 15:51:06,113.03,Zara,Detroit,Education,Mobile App,75,Engineer,0
TXN-000933,ACCT-1165,2025-02-08 10:39:12,27.94,Uber,San Antonio,Utilities,In-Store,22,Accountant,0
TXN-000934,ACCT-1148,2025-04-21 13:30:49,40.08,Airbnb,Houston,Groceries,Online,23,Chef,0
TXN-000935,ACCT-1043,2025-12-08 11:58:23,525.91,Starbucks,Atlanta,Education,Online,34,Manager,0
TXN-000936,ACCT-1085,2025-11-20 10:12:23,151.99,Apple Store,Dallas,Dining,ATM,38,Student,0
TXN-000937,ACCT-1015,2025-05-19 12:29:09,131.69,Airbnb,Minneapolis,Dining,Mobile App,43,Lawyer,0
TXN-000938,ACCT-1157,2025-03-28 12:46:11,131.74,United Airlines,Seattle,Dining,Online,57,Lawyer,0
TXN-000939,ACCT-1172,2025-03-09 09:51:17,75.25,Whole Foods,Austin,Travel,Online,25,Nurse,0
TXN-000940,ACCT-1145,2025-10-26 10:39:33,36.55,Shell Gas,Nashville,Utilities,In-Store,19,Chef,0
TXN-000941,ACCT-1091,2025-08-02 07:52:55,116.56,Whole Foods,Miami,Shopping,In-Store,36,Manager,0
TXN-000942,ACCT-1161,2025-06-14 20:58:28,151.79,Hilton,Detroit,Gas,Online,75,Engineer,0
TXN-000943,ACCT-1068,2025-01-28 20:05:08,23.06,Hilton,San Antonio,Travel,In-Store,22,Accountant,0
TXN-000944,ACCT-1108,2025-01-15 21:41:19,114.25,CVS Pharmacy,San Francisco,Personal Care,In-Store,34,Retired,0
TXN-000945,ACCT-1024,2025-10-06 06:32:10,193.74,Netflix,Portland,Transportation,In-Store,44,Lawyer,0
TXN-000946,ACCT-1051,2025-05-12 11:40:51,211.39,United Airlines,Phoenix,Dining,Mobile App,45,Chef,0
TXN-000947,ACCT-1035,2025-11-20 20:12:25,387.76,Whole Foods,Houston,Shopping,Online,36,Chef,0
TXN-000948,ACCT-1162,2025-06-01 18:39:18,1001.2,Grubhub,Denver,Travel,Online,58,Retired,0
TXN-000949,ACCT-1113,2025-08-31 19:08:35,263.93,Starbucks,Houston,Healthcare,In-Store,41,Designer,0
TXN-000950,ACCT-1056,2025-06-19 07:20:48,77.6,Walmart,Philadelphia,Transportation,Phone,39,Freelancer,0
TXN-000951,ACCT-1166,2025-10-03 21:10:25,34.22,Chevron,Boston,Shopping,Mobile App,21,Designer,0
TXN-000952,ACCT-1081,2025-10-12 09:07:49,115.11,Best Buy,Denver,Subscriptions,Online,77,Accountant,0
TXN-000953,ACCT-1089,2025-01-07 21:11:06,57.76,Whole Foods,Dallas,Subscriptions,In-Store,18,Driver,0
TXN-000954,ACCT-1173,2025-05-07 12:00:38,90.79,Trader Joes,Chicago,Education,Online,44,Retired,0
TXN-000955,ACCT-1057,2025-11-28 15:01:00,500.0,CVS Pharmacy,Phnom Penh,Travel,Phone,55,Analyst,1
TXN-000956,ACCT-1089,2025-11-30 22:27:27,30.51,United Airlines,Dallas,Utilities,Online,18,Driver,0
TXN-000957,ACCT-1051,2025-06-23 17:32:16,122.03,Safeway,Phoenix,Dining,In-Store,45,Chef,0
TXN-000958,ACCT-1060,2025-11-12 14:52:04,52.95,DoorDash,Phoenix,Dining,In-Store,42,Accountant,0
TXN-000959,ACCT-1072,2025-03-27 15:38:30,309.54,Whole Foods,San Diego,Travel,Mobile App,53,Analyst,0
TXN-000960,ACCT-1144,2025-04-12 12:56:47,196.18,Walgreens,Chicago,Utilities,Online,27,Chef,0
TXN-000961,ACCT-1177,2025-01-14 11:23:46,35.26,Trader Joes,Portland,Healthcare,Mobile App,24,Teacher,0
TXN-000962,ACCT-1057,2025-10-31 21:01:24,313.16,Kroger,Seattle,Groceries,Mobile App,55,Analyst,0
TXN-000963,ACCT-1098,2025-01-30 06:20:59,117.51,Apple Store,Houston,Utilities,In-Store,37,Sales Rep,0
TXN-000964,ACCT-1195,2025-02-28 12:33:51,202.58,DoorDash,Houston,Shopping,Mobile App,46,Retired,0
TXN-000965,ACCT-1145,2025-04-16 17:18:28,21.13,Costco,Nashville,Healthcare,Mobile App,19,Chef,0
TXN-000966,ACCT-1194,2025-02-22 08:42:07,129.46,Home Depot,San Diego,Gas,In-Store,84,Lawyer,0
TXN-000967,ACCT-1179,2025-07-09 11:58:19,23.9,Apple Store,Nashville,Dining,Mobile App,41,Engineer,0
TXN-000968,ACCT-1099,2025-08-25 12:20:11,183.86,Costco,Detroit,Healthcare,Online,32,Sales Rep,0
TXN-000969,ACCT-1147,2025-03-18 08:52:22,170.23,Trader Joes,Atlanta,Healthcare,Online,75,Doctor,1
TXN-000970,ACCT-1114,2025-04-09 09:57:31,25.19,Zara,Detroit,Entertainment,Mobile App,65,Teacher,0
TXN-000971,ACCT-1005,2025-01-15 13:01:10,12.23,Apple Store,Seattle,Travel,Mobile App,24,Student,0
TXN-000972,ACCT-1107,2025-08-01 12:26:26,308.26,Home Depot,Austin,Healthcare,Online,63,Student,0
TXN-000973,ACCT-1180,2025-03-06 08:56:57,151.11,Zara,Detroit,Shopping,Online,45,Freelancer,0
TXN-000974,ACCT-1040,2025-06-16 15:22:22,119.64,Zara,Miami,Personal Care,Online,29,Driver,0
TXN-000975,ACCT-1029,2025-12-19 15:15:28,120.7,Shell Gas,New York,Utilities,Online,32,Freelancer,0
TXN-000976,ACCT-1034,2025-09-16 20:18:17,112.59,Walgreens,Philadelphia,Dining,Online,41,Lawyer,0
TXN-000977,ACCT-1145,2025-09-12 09:29:07,26.73,Apple Store,San Francisco,Travel,Mobile App,19,Chef,0
TXN-000978,ACCT-1078,2025-05-21 15:54:21,38.34,Amazon,Portland,Travel,Online,24,Freelancer,0
TXN-000979,ACCT-1025,2025-01-27 07:16:10,253.6,Nike,New York,Gas,Mobile App,43,Chef,0
TXN-000980,ACCT-1005,2025-09-19 16:32:51,13.41,CVS Pharmacy,Phoenix,Transportation,Online,24,Student,0
TXN-000981,ACCT-1108,2025-04-07 08:58:34,117.05,Marriott,San Francisco,Transportation,Phone,34,Retired,0
TXN-000982,ACCT-1067,2025-12-01 11:58:02,322.53,Costco,Boston,Dining,Phone,62,Doctor,0
TXN-000983,ACCT-1191,2025-10-13 15:28:27,284.87,Airbnb,San Francisco,Utilities,ATM,61,Designer,0
TXN-000984,ACCT-1112,2025-11-24 22:16:27,133.25,Spotify,San Antonio,Subscriptions,ATM,23,Sales Rep,0
TXN-000985,ACCT-1095,2025-09-09 14:03:49,174.11,Safeway,San Diego,Entertainment,Online,81,Doctor,0
TXN-000986,ACCT-1021,2025-12-07 13:09:52,104.46,Delta Airlines,Phoenix,Transportation,Phone,28,Teacher,0
TXN-000987,ACCT-1091,2025-08-24 19:32:46,165.26,Whole Foods,Miami,Subscriptions,Online,36,Manager,0
TXN-000988,ACCT-1160,2025-02-11 12:46:20,166.93,Airbnb,Denver,Utilities,Mobile App,40,Nurse,0
TXN-000989,ACCT-1132,2025-02-21 23:21:18,553.92,Whole Foods,Miami,Healthcare,In-Store,54,Manager,0
TXN-000990,ACCT-1122,2025-11-15 21:14:01,324.67,CVS Pharmacy,Portland,Groceries,In-Store,34,Retired,0
TXN-000991,ACCT-1098,2025-10-24 11:29:39,80.74,Hilton,Houston,Gas,In-Store,37,Sales Rep,0
TXN-000992,ACCT-1199,2025-03-04 18:01:17,58.22,Home Depot,Houston,Healthcare,Mobile App,33,Chef,0
TXN-000993,ACCT-1120,2025-12-03 16:04:18,460.2,Amazon,Minneapolis,Gas,Online,54,Teacher,0
TXN-000994,ACCT-1106,2025-09-10 19:42:32,63.18,Shell Gas,Seattle,Transportation,Online,23,Retired,0
TXN-000995,ACCT-1083,2025-01-16 11:31:57,330.51,Lyft,Detroit,Education,In-Store,52,Freelancer,0
TXN-000996,ACCT-1011,2025-12-11 20:31:00,2754.87,Best Buy,Atlanta,Travel,In-Store,47,Doctor,1
TXN-000997,ACCT-1104,2025-08-05 20:22:05,83.19,Uber,Dallas,Utilities,In-Store,24,Engineer,0
TXN-000998,ACCT-1122,2025-06-20 06:04:32,187.95,CVS Pharmacy,Portland,Subscriptions,Online,34,Retired,0
TXN-000999,ACCT-1040,2025-02-24 09:35:31,177.31,United Airlines,Miami,Personal Care,In-Store,29,Driver,0
TXN-001000,ACCT-1120,2025-03-19 10:48:17,281.27,United Airlines,Minneapolis,Travel,Online,54,Teacher,0
TXN-001001,ACCT-1009,2025-01-11 17:27:37,33.95,Costco,Austin,Personal Care,In-Store,69,Analyst,0
TXN-001002,ACCT-1166,2025-07-26 14:25:56,56.59,Home Depot,Boston,Travel,In-Store,21,Designer,0
TXN-001003,ACCT-1194,2025-05-19 11:51:17,61.1,McDonalds,San Diego,Travel,Online,84,Lawyer,0
TXN-001004,ACCT-1145,2025-02-02 11:38:55,15.31,Grubhub,Nashville,Travel,Mobile App,19,Chef,0
TXN-001005,ACCT-1126,2025-06-06 11:05:43,86.79,Starbucks,San Francisco,Subscriptions,In-Store,30,Driver,0
TXN-001006,ACCT-1011,2025-05-04 11:40:36,645.81,Starbucks,Atlanta,Healthcare,Mobile App,47,Doctor,0
TXN-001007,ACCT-1176,2025-07-12 14:49:31,462.68,Netflix,Boston,Personal Care,Mobile App,62,Designer,0
TXN-001008,ACCT-1063,2025-07-22 19:34:18,198.5,Walmart,Austin,Entertainment,Mobile App,70,Driver,0
TXN-001009,ACCT-1159,2025-10-31 20:53:41,240.35,Uber,San Diego,Subscriptions,Mobile App,39,Student,0
TXN-001010,ACCT-1082,2025-09-08 10:42:04,27.74,Amazon,Philadelphia,Transportation,Online,26,Driver,0
TXN-001011,ACCT-1124,2025-02-16 08:04:28,115.67,Costco,Miami,Utilities,Mobile App,33,Analyst,0
TXN-001012,ACCT-1098,2025-12-11 16:16:30,190.28,Hilton,Houston,Shopping,Phone,37,Sales Rep,0
TXN-001013,ACCT-1119,2025-09-03 08:52:57,98.2,McDonalds,Boston,Transportation,In-Store,41,Designer,0
TXN-001014,ACCT-1074,2025-07-12 13:41:34,120.26,CVS Pharmacy,Miami,Shopping,Mobile App,42,Freelancer,0
TXN-001015,ACCT-1034,2025-05-24 10:44:36,125.42,Uber,Philadelphia,Subscriptions,Online,41,Lawyer,0
TXN-001016,ACCT-1021,2025-12-19 17:38:46,21.0,Delta Airlines,Phoenix,Subscriptions,In-Store,28,Teacher,0
TXN-001017,ACCT-1129,2025-07-20 10:27:28,43.18,Hilton,Chicago,Subscriptions,Mobile App,32,Sales Rep,0
TXN-001018,ACCT-1003,2025-05-15 12:45:12,122.03,Walmart,Houston,Travel,Online,73,Engineer,0
TXN-001019,ACCT-1041,2025-01-21 14:59:11,397.58,Shell Gas,Los Angeles,Groceries,ATM,44,Designer,0
TXN-001020,ACCT-1104,2025-05-02 00:42:17,31.82,Walmart,Dallas,Utilities,In-Store,24,Engineer,0
TXN-001021,ACCT-1165,2025-10-05 21:04:34,61.08,Best Buy,San Antonio,Groceries,In-Store,22,Accountant,0
TXN-001022,ACCT-1134,2025-03-10 18:24:11,622.03,DoorDash,Miami,Education,Mobile App,56,Student,0
TXN-001023,ACCT-1060,2025-01-15 14:52:46,402.74,Trader Joes,San Francisco,Healthcare,ATM,42,Accountant,0
TXN-001024,ACCT-1071,2025-02-09 11:22:18,148.92,Whole Foods,Nashville,Groceries,In-Store,42,Analyst,0
TXN-001025,ACCT-1151,2025-07-10 17:41:00,204.17,Amazon,Denver,Entertainment,Mobile App,36,Retired,0
TXN-001026,ACCT-1008,2025-06-29 16:02:08,66.83,Chevron,Nashville,Subscriptions,Phone,28,Retired,0
TXN-001027,ACCT-1054,2025-02-17 10:03:47,153.4,Shell Gas,San Antonio,Entertainment,Online,80,Retired,0
TXN-001028,ACCT-1184,2025-06-29 17:01:11,115.68,Zara,Seattle,Personal Care,In-Store,30,Analyst,0
TXN-001029,ACCT-1041,2025-02-23 10:37:05,113.75,Nike,Boston,Shopping,Mobile App,44,Designer,0
TXN-001030,ACCT-1070,2025-02-10 10:27:20,466.12,Costco,Portland,Utilities,Online,56,Student,0
TXN-001031,ACCT-1007,2025-09-08 13:53:15,179.99,Whole Foods,Atlanta,Transportation,In-Store,66,Sales Rep,0
TXN-001032,ACCT-1058,2025-07-12 14:03:15,104.05,Amazon,San Diego,Subscriptions,Mobile App,36,Designer,0
TXN-001033,ACCT-1185,2025-05-12 15:17:27,192.75,Whole Foods,New York,Shopping,Mobile App,58,Lawyer,0
TXN-001034,ACCT-1192,2025-03-19 22:11:51,156.49,Uber,San Antonio,Gas,Mobile App,56,Designer,0
TXN-001035,ACCT-1007,2025-09-13 17:22:53,117.66,Whole Foods,Atlanta,Transportation,Online,66,Sales Rep,0
TXN-001036,ACCT-1137,2025-06-13 17:52:26,159.51,CVS Pharmacy,Miami,Gas,Online,41,Lawyer,0
TXN-001037,ACCT-1031,2025-01-30 11:49:28,153.81,Zara,San Antonio,Groceries,In-Store,71,Doctor,0
TXN-001038,ACCT-1151,2025-08-02 07:33:59,203.49,Chevron,Denver,Groceries,In-Store,36,Retired,0
TXN-001039,ACCT-1026,2025-01-12 12:44:31,161.29,Target,Detroit,Transportation,Online,33,Lawyer,0
TXN-001040,ACCT-1096,2025-01-21 18:55:20,123.46,Shell Gas,New York,Dining,Phone,30,Chef,0
TXN-001041,ACCT-1140,2025-08-25 08:45:32,48.91,Costco,Detroit,Shopping,In-Store,24,Teacher,0
TXN-001042,ACCT-1051,2025-04-03 13:42:47,181.02,Hilton,Portland,Shopping,In-Store,45,Chef,0
TXN-001043,ACCT-1143,2025-05-15 12:30:39,63.34,Netflix,Minneapolis,Gas,Mobile App,76,Retired,0
TXN-001044,ACCT-1129,2025-05-05 22:17:17,97.29,Walmart,Seattle,Shopping,In-Store,32,Sales Rep,0
TXN-001045,ACCT-1164,2025-10-13 02:10:47,116.82,Nike,Seattle,Entertainment,Online,36,Freelancer,0
TXN-001046,ACCT-1063,2025-10-01 16:21:12,83.83,Nike,Austin,Travel,Mobile App,70,Driver,0
TXN-001047,ACCT-1127,2025-07-07 09:08:12,117.53,Target,Denver,Healthcare,In-Store,32,Nurse,0
TXN-001048,ACCT-1116,2025-11-04 09:38:13,44.08,Nike,San Francisco,Transportation,Online,19,Lawyer,0
TXN-001049,ACCT-1199,2025-08-03 10:47:33,108.4,Apple Store,Houston,Utilities,Mobile App,33,Chef,0
TXN-001050,ACCT-1179,2025-05-24 15:49:13,37.73,Apple Store,Minneapolis,Groceries,Mobile App,41,Engineer,0
TXN-001051,ACCT-1066,2025-07-07 15:22:21,248.74,Airbnb,Houston,Gas,ATM,38,Teacher,0
TXN-001052,ACCT-1056,2025-04-25 09:31:47,99.74,Apple Store,Philadelphia,Healthcare,In-Store,39,Freelancer,0
TXN-001053,ACCT-1126,2025-07-05 12:20:05,503.91,Trader Joes,Minneapolis,Subscriptions,In-Store,30,Driver,0
TXN-001054,ACCT-1012,2025-10-23 15:40:32,95.25,McDonalds,Denver,Education,In-Store,22,Teacher,0
TXN-001055,ACCT-1067,2025-08-18 00:47:44,319.83,Marriott,Boston,Subscriptions,In-Store,62,Doctor,0
TXN-001056,ACCT-1055,2025-11-19 17:26:01,139.88,Zara,Denver,Utilities,Online,46,Nurse,0
TXN-001057,ACCT-1141,2025-06-11 19:18:18,306.16,Kroger,San Diego,Education,In-Store,32,Engineer,0
TXN-001058,ACCT-1138,2025-06-25 11:27:00,128.98,Best Buy,Miami,Groceries,ATM,29,Accountant,0
TXN-001059,ACCT-1150,2025-03-01 22:29:52,29.06,Netflix,Atlanta,Personal Care,ATM,24,Manager,0
TXN-001060,ACCT-1011,2025-04-09 20:54:49,687.89,Costco,Atlanta,Utilities,In-Store,47,Doctor,0
TXN-001061,ACCT-1157,2025-04-14 14:21:04,282.79,Amazon,San Diego,Gas,Online,57,Lawyer,0
TXN-001062,ACCT-1114,2025-05-10 15:19:13,23.44,Chevron,Detroit,Gas,Online,65,Teacher,0
TXN-001063,ACCT-1144,2025-07-11 21:25:14,263.65,Walgreens,San Antonio,Transportation,In-Store,27,Chef,0
TXN-001064,ACCT-1080,2025-10-28 08:34:35,53.04,Delta Airlines,Seattle,Education,Mobile App,79,Freelancer,0
TXN-001065,ACCT-1033,2025-05-09 08:43:03,104.79,Best Buy,Miami,Groceries,Mobile App,43,Teacher,0
TXN-001066,ACCT-1008,2025-12-29 17:39:24,95.01,Apple Store,Nashville,Shopping,In-Store,28,Retired,0
TXN-001067,ACCT-1153,2025-06-20 12:30:57,70.44,Chevron,Los Angeles,Healthcare,In-Store,33,Lawyer,0
TXN-001068,ACCT-1166,2025-04-02 19:32:10,43.05,Home Depot,Boston,Groceries,Online,21,Designer,0
TXN-001069,ACCT-1174,2025-10-10 11:47:26,130.2,Uber,San Francisco,Utilities,In-Store,34,Retired,0
TXN-001070,ACCT-1178,2025-04-09 13:12:27,517.67,Amazon,Chicago,Groceries,In-Store,59,Retired,0
TXN-001071,ACCT-1129,2025-07-27 21:21:16,42.02,Hilton,Chicago,Entertainment,Mobile App,32,Sales Rep,0
TXN-001072,ACCT-1175,2025-07-30 08:49:59,308.42,Netflix,Los Angeles,Transportation,In-Store,59,Student,0
TXN-001073,ACCT-1046,2025-10-26 19:41:18,192.41,Trader Joes,Atlanta,Subscriptions,Online,27,Driver,0
TXN-001074,ACCT-1121,2025-12-16 21:31:18,158.51,Zara,Houston,Shopping,Online,35,Accountant,0
TXN-001075,ACCT-1106,2025-05-26 09:32:58,25.69,Nike,Seattle,Transportation,Mobile App,23,Retired,0
TXN-001076,ACCT-1082,2025-04-05 11:02:57,50.5,Shell Gas,Philadelphia,Travel,In-Store,26,Driver,0
TXN-001077,ACCT-1076,2025-06-20 19:21:46,7.03,Shell Gas,Portland,Gas,Phone,18,Teacher,0
TXN-001078,ACCT-1077,2025-11-17 17:49:39,28.76,Walmart,Seattle,Personal Care,Online,80,Driver,0
TXN-001079,ACCT-1199,2025-12-21 11:58:09,165.06,Spotify,Houston,Education,In-Store,33,Chef,0
TXN-001080,ACCT-1013,2025-01-21 14:31:29,230.39,McDonalds,Minneapolis,Dining,Online,45,Driver,0
TXN-001081,ACCT-1102,2025-09-25 19:11:13,87.19,Shell Gas,Miami,Healthcare,Online,30,Accountant,0
TXN-001082,ACCT-1166,2025-08-01 10:14:59,100.24,Hilton,Boston,Travel,Online,21,Designer,0
TXN-001083,ACCT-1024,2025-10-14 11:49:22,103.76,Spotify,Austin,Travel,In-Store,44,Lawyer,0
TXN-001084,ACCT-1084,2025-02-18 15:16:58,61.69,Grubhub,Dallas,Subscriptions,Online,24,Engineer,0
TXN-001085,ACCT-1091,2025-03-09 12:57:32,147.0,Apple Store,Miami,Entertainment,Online,36,Manager,0
TXN-001086,ACCT-1021,2025-12-08 20:47:52,114.64,Walmart,Phoenix,Utilities,Mobile App,28,Teacher,0
TXN-001087,ACCT-1049,2025-03-14 15:24:59,323.39,Delta Airlines,Chicago,Healthcare,Phone,48,Accountant,0
TXN-001088,ACCT-1168,2025-08-21 22:09:41,64.41,Lyft,Boston,Shopping,In-Store,82,Teacher,0
TXN-001089,ACCT-1120,2025-01-25 07:40:02,190.25,Safeway,Minneapolis,Gas,Mobile App,54,Teacher,0
TXN-001090,ACCT-1059,2025-04-01 06:50:02,193.34,Nike,Los Angeles,Dining,Mobile App,48,Doctor,0
TXN-001091,ACCT-1042,2025-03-23 12:02:06,208.26,DoorDash,San Diego,Personal Care,Online,50,Sales Rep,1
TXN-001092,ACCT-1048,2025-12-26 09:58:22,48.49,United Airlines,San Antonio,Utilities,Online,25,Lawyer,0
TXN-001093,ACCT-1115,2025-08-31 15:05:37,61.16,Grubhub,San Francisco,Education,Mobile App,40,Sales Rep,0
TXN-001094,ACCT-1170,2025-04-20 15:38:06,215.14,Spotify,Houston,Healthcare,Online,60,Lawyer,0
TXN-001095,ACCT-1181,2025-01-18 13:43:14,188.58,Chevron,Detroit,Transportation,Phone,48,Manager,0
TXN-001096,ACCT-1089,2025-09-20 13:37:44,39.31,Kroger,Dallas,Personal Care,In-Store,18,Driver,0
TXN-001097,ACCT-1170,2025-05-15 20:12:01,130.13,Amazon,San Francisco,Travel,Online,60,Lawyer,0
TXN-001098,ACCT-1192,2025-02-13 16:20:19,263.12,Uber,San Antonio,Entertainment,Online,56,Designer,0
TXN-001099,ACCT-1014,2025-10-14 13:09:56,270.42,Target,Nashville,Healthcare,In-Store,54,Chef,0
TXN-001100,ACCT-1139,2025-03-12 10:24:05,420.51,Delta Airlines,Houston,Utilities,Online,40,Driver,0
TXN-001101,ACCT-1030,2025-10-09 20:11:53,396.48,Safeway,Seattle,Subscriptions,Online,48,Manager,0
TXN-001102,ACCT-1146,2025-05-22 10:19:00,1500.0,DoorDash,Lagos,Utilities,Online,39,Accountant,1
TXN-001103,ACCT-1190,2025-03-01 18:40:15,168.05,Airbnb,San Diego,Transportation,ATM,40,Teacher,0
TXN-001104,ACCT-1043,2025-06-22 16:30:30,159.76,Apple Store,Atlanta,Utilities,Online,34,Manager,0
TXN-001105,ACCT-1049,2025-08-06 12:07:47,158.33,Home Depot,Chicago,Subscriptions,ATM,48,Accountant,0
TXN-001106,ACCT-1006,2025-01-09 16:44:29,99.08,Starbucks,Atlanta,Transportation,Phone,55,Nurse,0
TXN-001107,ACCT-1096,2025-02-20 09:49:22,143.23,Shell Gas,New York,Dining,Online,30,Chef,0
TXN-001108,ACCT-1197,2025-01-10 15:10:23,206.8,Delta Airlines,Los Angeles,Subscriptions,Mobile App,37,Student,0
TXN-001109,ACCT-1180,2025-02-05 20:50:56,151.75,Netflix,Detroit,Travel,In-Store,45,Freelancer,0
TXN-001110,ACCT-1146,2025-04-28 12:39:54,96.28,Walgreens,Atlanta,Transportation,Online,39,Accountant,0
TXN-001111,ACCT-1069,2025-06-12 19:11:35,139.23,Marriott,Minneapolis,Gas,Online,32,Manager,0
TXN-001112,ACCT-1176,2025-07-03 15:36:46,127.23,Netflix,Boston,Subscriptions,ATM,62,Designer,0
TXN-001113,ACCT-1071,2025-10-26 21:46:07,176.95,Trader Joes,Denver,Utilities,Mobile App,42,Analyst,0
TXN-001114,ACCT-1065,2025-02-22 16:09:27,52.7,Safeway,Chicago,Gas,Online,79,Analyst,0
TXN-001115,ACCT-1129,2025-09-23 16:25:56,33.89,Hilton,Chicago,Personal Care,ATM,32,Sales Rep,0
TXN-001116,ACCT-1120,2025-05-11 12:12:10,446.3,Safeway,Minneapolis,Personal Care,In-Store,54,Teacher,0
TXN-001117,ACCT-1101,2025-07-29 18:41:47,56.0,Kroger,Minneapolis,Subscriptions,In-Store,24,Doctor,0
TXN-001118,ACCT-1163,2025-03-29 16:22:30,141.93,Zara,Seattle,Dining,Mobile App,48,Teacher,0
TXN-001119,ACCT-1181,2025-12-24 10:06:27,248.8,Hilton,Dallas,Transportation,Mobile App,48,Manager,1
TXN-001120,ACCT-1120,2025-12-17 19:35:13,452.94,Best Buy,Nashville,Dining,ATM,54,Teacher,0
TXN-001121,ACCT-1121,2025-04-27 12:40:13,51.96,Home Depot,Houston,Personal Care,Online,35,Accountant,0
TXN-001122,ACCT-1145,2025-04-07 19:27:07,48.93,Costco,Phoenix,Utilities,In-Store,19,Chef,0
TXN-001123,ACCT-1100,2025-04-05 18:21:45,95.14,Airbnb,Phoenix,Entertainment,Online,80,Manager,0
TXN-001124,ACCT-1160,2025-05-04 09:39:48,234.52,Spotify,Denver,Transportation,Online,40,Nurse,0
TXN-001125,ACCT-1016,2025-08-20 12:56:30,82.5,United Airlines,Miami,Gas,Mobile App,26,Driver,0
TXN-001126,ACCT-1090,2025-07-01 18:45:39,132.15,Chevron,Dallas,Personal Care,Phone,24,Retired,0
TXN-001127,ACCT-1046,2025-04-04 07:44:47,98.39,Safeway,Atlanta,Education,Phone,27,Driver,0
TXN-001128,ACCT-1196,2025-01-12 07:40:21,369.86,Uber,Los Angeles,Healthcare,Online,48,Freelancer,0
TXN-001129,ACCT-1024,2025-04-15 18:45:12,188.33,Netflix,Portland,Groceries,Online,44,Lawyer,0
TXN-001130,ACCT-1129,2025-07-24 18:43:13,19.12,Hilton,Chicago,Subscriptions,In-Store,32,Sales Rep,0
TXN-001131,ACCT-1044,2025-09-27 13:40:51,58.02,McDonalds,Portland,Entertainment,Mobile App,73,Doctor,0
TXN-001132,ACCT-1084,2025-05-10 05:52:44,33.16,Chevron,Dallas,Travel,Mobile App,24,Engineer,0
TXN-001133,ACCT-1126,2025-07-27 14:13:47,202.04,Trader Joes,Portland,Shopping,Online,30,Driver,0
TXN-001134,ACCT-1018,2025-02-18 12:13:45,56.93,Hilton,Seattle,Education,In-Store,28,Retired,0
TXN-001135,ACCT-1153,2025-09-30 18:21:04,65.36,McDonalds,Los Angeles,Entertainment,In-Store,33,Lawyer,0
TXN-001136,ACCT-1006,2025-07-14 11:35:53,127.44,Lyft,Atlanta,Entertainment,Online,55,Nurse,0
TXN-001137,ACCT-1085,2025-06-10 06:11:29,111.34,McDonalds,Dallas,Education,Online,38,Student,0
TXN-001138,ACCT-1019,2025-08-21 09:05:16,59.38,McDonalds,San Francisco,Transportation,Online,41,Lawyer,0
TXN-001139,ACCT-1031,2025-08-17 13:13:16,148.09,Costco,San Antonio,Entertainment,In-Store,71,Doctor,0
TXN-001140,ACCT-1000,2025-03-25 11:47:46,257.61,Best Buy,Portland,Entertainment,In-Store,59,Freelancer,0
TXN-001141,ACCT-1147,2025-03-23 17:21:07,74.5,Shell Gas,Minneapolis,Education,Mobile App,75,Doctor,0
TXN-001142,ACCT-1186,2025-06-18 19:41:47,30.47,Home Depot,Dallas,Subscriptions,In-Store,19,Freelancer,0
TXN-001143,ACCT-1179,2025-08-10 03:51:35,64.02,Apple Store,Nashville,Groceries,Phone,41,Engineer,0
TXN-001144,ACCT-1006,2025-08-31 19:09:45,145.96,Delta Airlines,Atlanta,Subscriptions,Online,55,Nurse,0
TXN-001145,ACCT-1125,2025-02-21 17:45:16,583.86,Nike,Atlanta,Education,Online,61,Teacher,0
TXN-001146,ACCT-1019,2025-07-10 10:00:35,108.2,CVS Pharmacy,Chicago,Transportation,In-Store,41,Lawyer,0
TXN-001147,ACCT-1160,2025-08-03 18:53:40,346.47,Starbucks,Denver,Gas,Mobile App,40,Nurse,0
TXN-001148,ACCT-1121,2025-11-17 07:09:36,108.29,Kroger,Houston,Shopping,Mobile App,35,Accountant,0
TXN-001149,ACCT-1137,2025-06-17 18:33:43,58.37,Starbucks,Miami,Personal Care,Phone,41,Lawyer,0
TXN-001150,ACCT-1178,2025-11-30 14:49:33,371.86,CVS Pharmacy,Chicago,Education,In-Store,59,Retired,0
TXN-001151,ACCT-1087,2025-02-21 20:32:32,223.73,Home Depot,Seattle,Utilities,In-Store,61,Manager,0
TXN-001152,ACCT-1042,2025-11-26 22:46:07,69.31,United Airlines,Atlanta,Healthcare,In-Store,50,Sales Rep,0
TXN-001153,ACCT-1081,2025-08-13 15:41:37,106.08,Spotify,Denver,Education,Phone,77,Accountant,0
TXN-001154,ACCT-1071,2025-02-25 08:36:05,251.9,Home Depot,Nashville,Education,Online,42,Analyst,0
TXN-001155,ACCT-1158,2025-01-06 08:18:11,25.81,Shell Gas,Nashville,Entertainment,Online,23,Doctor,0
TXN-001156,ACCT-1001,2025-01-26 11:25:37,120.96,Nike,Minneapolis,Education,Mobile App,64,Nurse,0
TXN-001157,ACCT-1119,2025-09-30 17:16:43,173.08,Lyft,Boston,Shopping,Online,41,Designer,0
TXN-001158,ACCT-1040,2025-11-13 17:16:22,87.11,Safeway,Miami,Dining,Mobile App,29,Driver,0
TXN-001159,ACCT-1049,2025-01-14 12:19:22,178.11,McDonalds,Chicago,Subscriptions,Online,48,Accountant,0
TXN-001160,ACCT-1193,2025-11-15 11:10:28,55.61,Whole Foods,San Diego,Transportation,Online,42,Sales Rep,0
TXN-001161,ACCT-1116,2025-05-25 16:20:52,72.61,Lyft,San Francisco,Shopping,In-Store,19,Lawyer,0
TXN-001162,ACCT-1142,2025-08-31 15:13:29,42.38,McDonalds,Los Angeles,Entertainment,Online,36,Analyst,0
TXN-001163,ACCT-1049,2025-10-06 22:30:24,157.76,Walmart,Chicago,Travel,In-Store,48,Accountant,0
TXN-001164,ACCT-1086,2025-12-20 14:35:31,42.17,Netflix,Philadelphia,Gas,Phone,20,Manager,0
TXN-001165,ACCT-1096,2025-01-19 11:55:44,113.53,Shell Gas,New York,Dining,Mobile App,30,Chef,0
TXN-001166,ACCT-1104,2025-07-11 08:40:57,41.99,Walmart,Dallas,Healthcare,Mobile App,24,Engineer,0
TXN-001167,ACCT-1015,2025-09-03 10:46:45,62.47,Airbnb,Minneapolis,Groceries,Mobile App,43,Lawyer,0
TXN-001168,ACCT-1022,2025-10-05 21:35:28,48.98,Trader Joes,New York,Dining,ATM,34,Analyst,0
TXN-001169,ACCT-1104,2025-07-08 07:53:26,46.01,McDonalds,Dallas,Utilities,Mobile App,24,Engineer,0
TXN-001170,ACCT-1136,2025-06-21 06:12:04,1116.84,Starbucks,Boston,Dining,ATM,60,Sales Rep,0
TXN-001171,ACCT-1110,2025-08-18 10:08:49,65.71,Home Depot,San Francisco,Healthcare,In-Store,34,Analyst,0
TXN-001172,ACCT-1092,2025-04-21 18:58:49,94.88,Whole Foods,Minneapolis,Entertainment,ATM,32,Accountant,0
TXN-001173,ACCT-1146,2025-08-04 13:26:51,74.54,Kroger,Minneapolis,Education,ATM,39,Accountant,0
TXN-001174,ACCT-1089,2025-09-23 12:47:41,94.01,Kroger,Dallas,Subscriptions,ATM,18,Driver,0
TXN-001175,ACCT-1142,2025-01-23 12:20:27,32.02,McDonalds,Los Angeles,Entertainment,ATM,36,Analyst,0
TXN-001176,ACCT-1149,2025-08-14 20:03:24,222.84,Zara,Detroit,Personal Care,ATM,41,Sales Rep,0
TXN-001177,ACCT-1077,2025-08-14 14:23:08,33.61,Apple Store,Seattle,Shopping,Online,80,Driver,0
TXN-001178,ACCT-1130,2025-03-19 16:18:42,88.27,Marriott,San Diego,Subscriptions,In-Store,27,Lawyer,0
TXN-001179,ACCT-1184,2025-09-29 16:08:18,51.51,Apple Store,Seattle,Shopping,Online,30,Analyst,0
TXN-001180,ACCT-1045,2025-10-05 17:07:38,48.49,Netflix,Philadelphia,Travel,In-Store,66,Chef,0
TXN-001181,ACCT-1128,2025-06-02 12:51:16,32.07,DoorDash,Denver,Dining,In-Store,21,Engineer,0
TXN-001182,ACCT-1130,2025-09-03 21:29:18,106.53,Walgreens,Detroit,Dining,In-Store,27,Lawyer,0
TXN-001183,ACCT-1046,2025-02-21 10:33:16,75.69,Nike,Atlanta,Utilities,In-Store,27,Driver,0
TXN-001184,ACCT-1130,2025-04-26 12:21:20,43.18,Best Buy,Detroit,Groceries,Mobile App,27,Lawyer,0
TXN-001185,ACCT-1041,2025-06-27 14:03:53,54.86,Nike,Los Angeles,Gas,Mobile App,44,Designer,0
TXN-001186,ACCT-1078,2025-06-03 18:29:10,31.2,Whole Foods,Houston,Healthcare,ATM,24,Freelancer,0
TXN-001187,ACCT-1012,2025-04-02 18:50:04,100.93,McDonalds,Denver,Utilities,Mobile App,22,Teacher,0
TXN-001188,ACCT-1136,2025-07-11 09:10:36,181.21,Grubhub,Dallas,Travel,Mobile App,60,Sales Rep,0
TXN-001189,ACCT-1005,2025-05-10 06:18:45,25.28,Spotify,Phoenix,Travel,In-Store,24,Student,0
TXN-001190,ACCT-1034,2025-01-25 18:59:13,182.38,Amazon,Philadelphia,Travel,In-Store,41,Lawyer,0
TXN-001191,ACCT-1029,2025-12-25 18:20:23,198.52,Hilton,New York,Groceries,Online,32,Freelancer,0
TXN-001192,ACCT-1156,2025-02-16 09:07:20,35.21,Zara,Atlanta,Travel,In-Store,18,Sales Rep,0
TXN-001193,ACCT-1032,2025-01-23 12:52:48,119.23,Best Buy,New York,Gas,Phone,34,Analyst,0
TXN-001194,ACCT-1118,2025-02-26 20:10:42,226.23,Starbucks,Detroit,Gas,In-Store,37,Designer,0
TXN-001195,ACCT-1011,2025-05-10 15:30:03,545.39,McDonalds,Atlanta,Dining,Online,47,Doctor,0
TXN-001196,ACCT-1089,2025-08-11 17:19:32,62.3,Kroger,Dallas,Transportation,Mobile App,18,Driver,0
TXN-001197,ACCT-1016,2025-03-25 12:39:27,240.35,Airbnb,Miami,Gas,Online,26,Driver,0
TXN-001198,ACCT-1034,2025-09-29 08:17:13,147.14,Lyft,Philadelphia,Shopping,In-Store,41,Lawyer,0
TXN-001199,ACCT-1194,2025-02-08 09:59:30,147.02,McDonalds,San Diego,Travel,In-Store,84,Lawyer,0
TXN-001200,ACCT-1001,2025-10-17 21:13:18,262.43,Nike,Minneapolis,Subscriptions,ATM,64,Nurse,0
TXN-001201,ACCT-1049,2025-01-30 19:47:21,146.92,Apple Store,Chicago,Dining,In-Store,48,Accountant,0
TXN-001202,ACCT-1091,2025-07-26 18:01:39,157.9,Apple Store,Miami,Dining,Online,36,Manager,0
TXN-001203,ACCT-1048,2025-08-20 17:53:53,63.23,Starbucks,San Antonio,Utilities,Online,25,Lawyer,0
TXN-001204,ACCT-1018,2025-12-14 12:16:18,175.35,Kroger,Seattle,Healthcare,In-Store,28,Retired,0
TXN-001205,ACCT-1182,2025-08-07 10:41:08,597.23,Kroger,Denver,Subscriptions,Online,55,Lawyer,0
TXN-001206,ACCT-1106,2025-04-28 11:12:55,35.38,Nike,Seattle,Utilities,ATM,23,Retired,0
TXN-001207,ACCT-1008,2025-07-07 20:16:51,144.93,Hilton,Nashville,Healthcare,Mobile App,28,Retired,0
TXN-001208,ACCT-1002,2025-09-22 16:04:46,136.82,Target,New York,Shopping,ATM,26,Lawyer,0
TXN-001209,ACCT-1150,2025-10-09 05:10:19,27.42,Whole Foods,Denver,Subscriptions,Online,24,Manager,0
TXN-001210,ACCT-1166,2025-08-25 12:50:25,77.78,Hilton,San Antonio,Dining,In-Store,21,Designer,0
TXN-001211,ACCT-1180,2025-01-09 14:52:16,184.92,Grubhub,Detroit,Utilities,ATM,45,Freelancer,0
TXN-001212,ACCT-1154,2025-07-12 12:48:42,185.61,DoorDash,Boston,Subscriptions,Online,34,Teacher,0
TXN-001213,ACCT-1034,2025-12-14 14:11:51,92.35,Chevron,Philadelphia,Personal Care,Mobile App,41,Lawyer,0
TXN-001214,ACCT-1091,2025-12-18 13:47:53,108.59,Apple Store,Miami,Education,In-Store,36,Manager,0
TXN-001215,ACCT-1038,2025-03-10 17:21:48,289.28,Grubhub,Phoenix,Entertainment,Online,42,Nurse,0
TXN-001216,ACCT-1110,2025-04-10 05:17:43,117.07,United Airlines,San Francisco,Healthcare,Online,34,Analyst,0
TXN-001217,ACCT-1132,2025-05-19 17:17:07,156.53,Grubhub,Miami,Dining,In-Store,54,Manager,0
TXN-001218,ACCT-1138,2025-01-23 11:20:25,113.98,Uber,Miami,Entertainment,ATM,29,Accountant,0
TXN-001219,ACCT-1006,2025-11-21 11:47:26,95.43,Lyft,Atlanta,Groceries,Online,55,Nurse,0
TXN-001220,ACCT-1116,2025-11-21 01:31:41,48.25,Costco,Austin,Gas,ATM,19,Lawyer,0
TXN-001221,ACCT-1184,2025-10-08 06:32:05,31.32,Trader Joes,Seattle,Gas,Online,30,Analyst,0
TXN-001222,ACCT-1193,2025-10-04 17:51:34,145.23,Spotify,San Diego,Transportation,Online,42,Sales Rep,0
TXN-001223,ACCT-1010,2025-08-04 22:32:32,24.71,CVS Pharmacy,Philadelphia,Dining,Mobile App,19,Sales Rep,0
TXN-001224,ACCT-1048,2025-07-29 13:49:08,72.7,Walmart,San Antonio,Groceries,Mobile App,25,Lawyer,0
TXN-001225,ACCT-1085,2025-02-04 11:37:32,148.94,Apple Store,Dallas,Dining,Online,38,Student,0
TXN-001226,ACCT-1185,2025-03-26 20:27:36,121.11,Target,New York,Transportation,In-Store,58,Lawyer,0
TXN-001227,ACCT-1038,2025-09-10 21:10:27,93.93,Spotify,Chicago,Subscriptions,In-Store,42,Nurse,0
TXN-001228,ACCT-1001,2025-03-06 15:38:52,302.68,Whole Foods,Minneapolis,Education,Online,64,Nurse,0
TXN-001229,ACCT-1109,2025-07-12 09:16:09,155.16,Best Buy,Los Angeles,Dining,Mobile App,42,Student,0
TXN-001230,ACCT-1175,2025-08-19 17:57:18,372.86,Netflix,Los Angeles,Shopping,Online,59,Student,0
TXN-001231,ACCT-1067,2025-09-23 13:20:59,276.88,Walmart,Boston,Dining,In-Store,62,Doctor,0
TXN-001232,ACCT-1054,2025-11-04 20:55:14,70.78,Kroger,Nashville,Travel,Online,80,Retired,0
TXN-001233,ACCT-1111,2025-08-26 10:49:02,62.3,Lyft,Houston,Utilities,ATM,22,Analyst,0
TXN-001234,ACCT-1189,2025-10-07 19:28:32,12.16,Starbucks,Detroit,Entertainment,In-Store,23,Designer,0
TXN-001235,ACCT-1113,2025-12-28 16:42:00,192.93,Home Depot,Nashville,Travel,ATM,41,Designer,0
TXN-001236,ACCT-1030,2025-11-16 14:46:33,185.09,Kroger,Seattle,Subscriptions,ATM,48,Manager,0
TXN-001237,ACCT-1105,2025-07-29 15:35:32,721.67,Shell Gas,New York,Education,Phone,51,Teacher,0
TXN-001238,ACCT-1045,2025-10-16 13:05:51,157.41,Walgreens,Atlanta,Personal Care,Online,66,Chef,0
TXN-001239,ACCT-1084,2025-06-11 13:50:40,52.87,Chevron,Dallas,Personal Care,Mobile App,24,Engineer,0
TXN-001240,ACCT-1118,2025-11-12 21:14:33,270.37,McDonalds,Detroit,Education,Mobile App,37,Designer,0
TXN-001241,ACCT-1159,2025-06-15 14:13:54,192.94,Spotify,San Diego,Groceries,In-Store,39,Student,0
TXN-001242,ACCT-1151,2025-08-24 10:16:40,85.92,Amazon,Minneapolis,Utilities,Online,36,Retired,0
TXN-001243,ACCT-1008,2025-04-23 11:38:56,80.88,Trader Joes,Nashville,Subscriptions,Mobile App,28,Retired,0
TXN-001244,ACCT-1148,2025-08-08 21:17:31,67.89,United Airlines,New York,Groceries,ATM,23,Chef,0
TXN-001245,ACCT-1197,2025-12-14 22:36:06,235.71,DoorDash,Los Angeles,Subscriptions,Mobile App,37,Student,0
TXN-001246,ACCT-1096,2025-12-18 14:35:49,147.63,Costco,New York,Transportation,Mobile App,30,Chef,0
TXN-001247,ACCT-1006,2025-10-06 19:17:00,1414.32,DoorDash,Atlanta,Travel,Online,55,Nurse,1
TXN-001248,ACCT-1125,2025-10-15 08:34:52,155.57,United Airlines,Nashville,Education,Online,61,Teacher,0
TXN-001249,ACCT-1005,2025-10-31 07:12:50,14.55,CVS Pharmacy,Phoenix,Dining,Mobile App,24,Student,0
TXN-001250,ACCT-1021,2025-10-31 13:22:00,1387.87,Zara,Phoenix,Travel,In-Store,28,Teacher,1
TXN-001251,ACCT-1089,2025-05-03 15:13:16,118.24,Chevron,Dallas,Utilities,In-Store,18,Driver,0
TXN-001252,ACCT-1107,2025-12-24 06:48:48,416.61,Walmart,Austin,Gas,ATM,63,Student,0
TXN-001253,ACCT-1091,2025-04-01 06:00:20,217.36,Marriott,Miami,Entertainment,In-Store,36,Manager,0
TXN-001254,ACCT-1071,2025-01-30 08:05:55,37.53,Lyft,Philadelphia,Healthcare,Mobile App,42,Analyst,0
TXN-001255,ACCT-1152,2025-08-27 23:46:58,322.85,Netflix,San Francisco,Entertainment,ATM,58,Chef,0
TXN-001256,ACCT-1150,2025-11-09 15:46:43,31.77,Airbnb,Denver,Gas,Online,24,Manager,0
TXN-001257,ACCT-1011,2025-02-20 07:12:22,189.3,Kroger,Atlanta,Entertainment,Online,47,Doctor,0
TXN-001258,ACCT-1141,2025-02-10 08:59:41,110.02,CVS Pharmacy,Detroit,Travel,In-Store,32,Engineer,0
TXN-001259,ACCT-1035,2025-05-11 00:01:59,150.27,Netflix,Houston,Dining,Mobile App,36,Chef,0
TXN-001260,ACCT-1165,2025-07-24 20:20:24,12.54,Safeway,San Antonio,Transportation,In-Store,22,Accountant,0
TXN-001261,ACCT-1147,2025-07-01 20:49:01,55.51,Walmart,Atlanta,Gas,Online,75,Doctor,0
TXN-001262,ACCT-1159,2025-12-15 10:06:56,132.75,Spotify,Portland,Subscriptions,In-Store,39,Student,0
TXN-001263,ACCT-1073,2025-12-07 10:40:31,238.19,Walmart,Miami,Dining,Online,34,Analyst,0
TXN-001264,ACCT-1199,2025-05-16 11:14:42,314.92,Spotify,Houston,Travel,Online,33,Chef,0
TXN-001265,ACCT-1137,2025-10-26 00:00:19,201.44,Grubhub,Miami,Utilities,Online,41,Lawyer,0
TXN-001266,ACCT-1056,2025-10-11 10:55:46,301.5,CVS Pharmacy,Los Angeles,Subscriptions,Mobile App,39,Freelancer,0
TXN-001267,ACCT-1065,2025-10-13 19:11:33,38.52,Walgreens,Dallas,Subscriptions,Online,79,Analyst,0
TXN-001268,ACCT-1018,2025-11-19 11:55:40,127.17,Uber,Los Angeles,Groceries,Online,28,Retired,0
TXN-001269,ACCT-1033,2025-12-07 12:50:30,62.94,Zara,Miami,Shopping,Mobile App,43,Teacher,0
TXN-001270,ACCT-1074,2025-06-14 13:53:38,128.49,United Airlines,Miami,Entertainment,Mobile App,42,Freelancer,0
TXN-001271,ACCT-1095,2025-02-18 08:54:07,90.98,Grubhub,Seattle,Utilities,Mobile App,81,Doctor,0
TXN-001272,ACCT-1064,2025-09-02 18:08:21,56.37,Trader Joes,Austin,Personal Care,In-Store,19,Driver,0
TXN-001273,ACCT-1194,2025-10-26 12:15:31,134.51,Zara,San Francisco,Dining,Online,84,Lawyer,0
TXN-001274,ACCT-1000,2025-11-05 20:30:06,463.44,Home Depot,Portland,Subscriptions,Online,59,Freelancer,0
TXN-001275,ACCT-1013,2025-12-17 10:01:01,159.6,Hilton,Houston,Groceries,Mobile App,45,Driver,0
TXN-001276,ACCT-1033,2025-10-27 17:14:19,253.02,Zara,Miami,Utilities,Online,43,Teacher,0
TXN-001277,ACCT-1174,2025-04-05 09:15:04,79.15,Apple Store,San Francisco,Education,In-Store,34,Retired,0
TXN-001278,ACCT-1110,2025-01-24 13:14:44,128.1,CVS Pharmacy,San Francisco,Education,Online,34,Analyst,0
TXN-001279,ACCT-1051,2025-05-15 16:17:17,48.78,Costco,Miami,Healthcare,Online,45,Chef,1
TXN-001280,ACCT-1103,2025-04-16 05:36:39,98.23,Kroger,Houston,Transportation,In-Store,23,Sales Rep,0
TXN-001281,ACCT-1053,2025-10-18 12:33:38,33.16,Home Depot,Philadelphia,Shopping,In-Store,20,Student,0
TXN-001282,ACCT-1191,2025-06-09 14:38:24,858.47,Grubhub,San Francisco,Travel,Online,61,Designer,0
TXN-001283,ACCT-1198,2025-06-22 11:16:44,289.15,Delta Airlines,Houston,Entertainment,Online,53,Engineer,0
TXN-001284,ACCT-1028,2025-10-16 17:37:00,100.68,Shell Gas,Seattle,Subscriptions,Online,23,Freelancer,0
TXN-001285,ACCT-1155,2025-08-11 11:33:14,228.43,Uber,Los Angeles,Utilities,Online,35,Accountant,0
TXN-001286,ACCT-1188,2025-08-05 13:06:52,53.11,DoorDash,New York,Healthcare,Mobile App,23,Sales Rep,0
TXN-001287,ACCT-1184,2025-08-01 20:23:25,32.73,Walgreens,Seattle,Entertainment,Mobile App,30,Analyst,0
TXN-001288,ACCT-1051,2025-07-06 21:42:34,502.16,United Airlines,Phoenix,Transportation,Online,45,Chef,0
TXN-001289,ACCT-1019,2025-02-21 11:01:51,138.17,Home Depot,Chicago,Travel,In-Store,41,Lawyer,0
TXN-001290,ACCT-1102,2025-01-26 12:00:37,148.16,Best Buy,Miami,Healthcare,Mobile App,30,Accountant,0
TXN-001291,ACCT-1091,2025-04-01 09:16:31,83.04,Apple Store,Miami,Personal Care,In-Store,36,Manager,0
TXN-001292,ACCT-1181,2025-12-30 11:38:58,153.33,Home Depot,Detroit,Gas,Online,48,Manager,0
TXN-001293,ACCT-1189,2025-09-25 22:15:24,9.13,Walmart,Detroit,Dining,Online,23,Designer,0
TXN-001294,ACCT-1092,2025-12-05 12:58:20,213.06,Shell Gas,Minneapolis,Dining,Online,32,Accountant,0
TXN-001295,ACCT-1004,2025-12-27 20:32:48,89.59,Zara,Chicago,Transportation,In-Store,28,Designer,0
TXN-001296,ACCT-1089,2025-08-16 11:18:08,39.66,Delta Airlines,Dallas,Subscriptions,In-Store,18,Driver,0
TXN-001297,ACCT-1128,2025-08-28 08:38:17,76.99,Walgreens,Denver,Gas,ATM,21,Engineer,0
TXN-001298,ACCT-1044,2025-11-22 16:35:03,57.4,Walgreens,Portland,Shopping,Online,73,Doctor,0
TXN-001299,ACCT-1032,2025-01-16 11:25:18,104.79,Hilton,Los Angeles,Transportation,Online,34,Analyst,0
TXN-001300,ACCT-1005,2025-03-20 08:57:32,6.74,CVS Pharmacy,Phoenix,Healthcare,Mobile App,24,Student,0
TXN-001301,ACCT-1048,2025-01-24 11:03:43,61.65,United Airlines,San Antonio,Entertainment,In-Store,25,Lawyer,0
TXN-001302,ACCT-1174,2025-11-05 21:04:23,185.29,Walmart,San Francisco,Dining,ATM,34,Retired,0
TXN-001303,ACCT-1068,2025-10-02 20:47:15,44.1,Nike,Atlanta,Transportation,Online,22,Accountant,0
TXN-001304,ACCT-1025,2025-12-10 21:21:33,180.09,Kroger,New York,Personal Care,Online,43,Chef,0
TXN-001305,ACCT-1198,2025-10-11 12:15:47,178.23,Kroger,Houston,Travel,Mobile App,53,Engineer,0
TXN-001306,ACCT-1133,2025-04-26 07:22:43,53.02,Spotify,Nashville,Travel,In-Store,19,Student,0
TXN-001307,ACCT-1001,2025-01-10 14:42:36,263.32,Nike,Minneapolis,Dining,Mobile App,64,Nurse,0
TXN-001308,ACCT-1158,2025-02-18 10:44:59,27.69,Hilton,Nashville,Dining,Mobile App,23,Doctor,0
TXN-001309,ACCT-1075,2025-12-03 17:21:05,100.14,Safeway,Denver,Groceries,Mobile App,81,Accountant,0
TXN-001310,ACCT-1155,2025-11-04 14:31:49,155.95,United Airlines,Los Angeles,Entertainment,In-Store,35,Accountant,0
TXN-001311,ACCT-1062,2025-06-13 11:41:51,345.72,Starbucks,Chicago,Dining,Mobile App,52,Student,0
TXN-001312,ACCT-1174,2025-10-26 22:57:24,108.32,Nike,San Francisco,Personal Care,Online,34,Retired,0
TXN-001313,ACCT-1151,2025-06-28 12:00:13,389.36,Home Depot,Denver,Shopping,Online,36,Retired,0
TXN-001314,ACCT-1188,2025-12-20 17:35:57,36.04,Apple Store,New York,Healthcare,In-Store,23,Sales Rep,0
TXN-001315,ACCT-1052,2025-03-15 10:00:08,39.4,Hilton,Philadelphia,Transportation,Mobile App,68,Accountant,0
TXN-001316,ACCT-1010,2025-08-05 18:27:17,7.96,Airbnb,Philadelphia,Subscriptions,Online,19,Sales Rep,0
TXN-001317,ACCT-1155,2025-02-03 08:51:25,136.43,Lyft,Los Angeles,Utilities,Phone,35,Accountant,0
TXN-001318,ACCT-1170,2025-03-14 07:27:45,266.61,Hilton,Miami,Dining,Online,60,Lawyer,0
TXN-001319,ACCT-1117,2025-07-05 10:09:50,203.85,Best Buy,Houston,Entertainment,Online,56,Teacher,0
TXN-001320,ACCT-1022,2025-01-16 13:07:47,260.83,Trader Joes,Detroit,Education,Mobile App,34,Analyst,0
TXN-001321,ACCT-1117,2025-11-11 12:26:11,319.18,Spotify,Houston,Groceries,Online,56,Teacher,0
TXN-001322,ACCT-1041,2025-02-19 11:37:18,78.13,Nike,Los Angeles,Entertainment,In-Store,44,Designer,0
TXN-001323,ACCT-1063,2025-02-10 21:34:34,60.85,Nike,San Diego,Gas,Mobile App,70,Driver,0
TXN-001324,ACCT-1053,2025-08-13 12:25:36,22.58,Delta Airlines,Philadelphia,Subscriptions,In-Store,20,Student,0
TXN-001325,ACCT-1009,2025-11-06 11:40:42,61.48,Nike,Austin,Groceries,Mobile App,69,Analyst,0
TXN-001326,ACCT-1058,2025-04-19 12:32:32,188.31,Nike,San Diego,Travel,ATM,36,Designer,0
TXN-001327,ACCT-1145,2025-05-17 14:10:06,58.29,Delta Airlines,Nashville,Utilities,Online,19,Chef,0
TXN-001328,ACCT-1176,2025-11-11 22:46:46,204.51,Whole Foods,Boston,Education,Online,62,Designer,0
TXN-001329,ACCT-1004,2025-12-21 12:41:55,247.29,Whole Foods,Denver,Groceries,Phone,28,Designer,0
TXN-001330,ACCT-1034,2025-12-15 14:11:34,209.13,Chevron,Philadelphia,Dining,ATM,41,Lawyer,0
TXN-001331,ACCT-1110,2025-03-06 11:42:30,171.42,Home Depot,Philadelphia,Dining,ATM,34,Analyst,0
TXN-001332,ACCT-1020,2025-08-09 19:23:12,130.76,Kroger,Detroit,Personal Care,ATM,36,Engineer,0
TXN-001333,ACCT-1029,2025-07-26 07:00:57,126.53,Shell Gas,New York,Transportation,In-Store,32,Freelancer,0
TXN-001334,ACCT-1137,2025-12-01 10:48:37,57.86,Marriott,Miami,Personal Care,Online,41,Lawyer,0
TXN-001335,ACCT-1072,2025-09-30 19:15:48,205.09,Walmart,San Diego,Subscriptions,In-Store,53,Analyst,0
TXN-001336,ACCT-1153,2025-03-13 13:54:56,64.3,Chevron,Los Angeles,Entertainment,Mobile App,33,Lawyer,0
TXN-001337,ACCT-1028,2025-04-14 09:51:52,99.92,Hilton,Seattle,Subscriptions,Online,23,Freelancer,0
TXN-001338,ACCT-1185,2025-10-10 12:35:03,229.52,Whole Foods,New York,Groceries,In-Store,58,Lawyer,0
TXN-001339,ACCT-1045,2025-06-22 09:26:30,112.61,Walgreens,Philadelphia,Travel,Mobile App,66,Chef,0
TXN-001340,ACCT-1084,2025-07-03 18:27:25,70.91,Netflix,Austin,Healthcare,Online,24,Engineer,1
TXN-001341,ACCT-1085,2025-08-11 21:05:40,49.4,Hilton,Dallas,Education,Online,38,Student,0
TXN-001342,ACCT-1045,2025-01-10 04:22:00,311.98,Costco,Philadelphia,Shopping,Online,66,Chef,1
TXN-001343,ACCT-1037,2025-10-25 20:51:45,49.83,Amazon,Atlanta,Travel,Online,18,Designer,0
TXN-001344,ACCT-1091,2025-10-07 15:29:57,143.53,Whole Foods,Miami,Gas,Mobile App,36,Manager,0
TXN-001345,ACCT-1195,2025-09-03 11:35:57,178.72,Walmart,Houston,Entertainment,In-Store,46,Retired,0
TXN-001346,ACCT-1060,2025-04-22 13:46:46,135.38,DoorDash,Phoenix,Gas,In-Store,42,Accountant,0
TXN-001347,ACCT-1094,2025-07-12 11:33:42,142.92,Hilton,San Francisco,Entertainment,ATM,48,Driver,0
TXN-001348,ACCT-1072,2025-06-05 08:53:35,354.32,Shell Gas,San Diego,Shopping,Mobile App,53,Analyst,0
TXN-001349,ACCT-1003,2025-08-28 10:55:26,113.42,Zara,San Antonio,Entertainment,ATM,73,Engineer,0
TXN-001350,ACCT-1071,2025-11-12 08:48:02,162.63,Home Depot,Nashville,Education,Online,42,Analyst,0
TXN-001351,ACCT-1063,2025-01-10 18:12:58,123.6,Nike,Austin,Groceries,ATM,70,Driver,0
TXN-001352,ACCT-1113,2025-01-03 12:29:33,83.97,Home Depot,Houston,Transportation,Mobile App,41,Designer,0
TXN-001353,ACCT-1118,2025-02-17 22:26:46,159.17,Walgreens,Minneapolis,Subscriptions,Online,37,Designer,0
TXN-001354,ACCT-1051,2025-04-21 08:14:22,152.26,Kroger,Phoenix,Subscriptions,In-Store,45,Chef,0
TXN-001355,ACCT-1195,2025-06-18 21:40:37,346.04,DoorDash,Houston,Transportation,Phone,46,Retired,0
TXN-001356,ACCT-1138,2025-08-10 11:57:58,64.73,Grubhub,Miami,Healthcare,Mobile App,29,Accountant,0
TXN-001357,ACCT-1088,2025-08-30 11:14:48,139.51,McDonalds,Phoenix,Subscriptions,In-Store,33,Designer,0
TXN-001358,ACCT-1148,2025-04-05 19:57:30,68.29,Walmart,Houston,Personal Care,In-Store,23,Chef,0
TXN-001359,ACCT-1096,2025-04-01 21:17:03,216.32,Whole Foods,New York,Entertainment,In-Store,30,Chef,0
TXN-001360,ACCT-1102,2025-08-15 18:34:47,122.63,Shell Gas,Miami,Groceries,Mobile App,30,Accountant,0
TXN-001361,ACCT-1131,2025-01-25 14:40:00,851.41,OffshorePay Inc,Lagos,Shopping,Online,34,Lawyer,1
TXN-001362,ACCT-1143,2025-03-05 17:07:12,34.15,Uber,Minneapolis,Entertainment,Online,76,Retired,0
TXN-001363,ACCT-1021,2025-04-24 14:25:41,133.75,Delta Airlines,Phoenix,Dining,Online,28,Teacher,0
TXN-001364,ACCT-1013,2025-10-02 09:02:32,321.85,Apple Store,Houston,Dining,Online,45,Driver,0
TXN-001365,ACCT-1010,2025-11-11 14:20:17,24.5,Airbnb,Philadelphia,Transportation,In-Store,19,Sales Rep,0
TXN-001366,ACCT-1096,2025-02-26 16:23:11,61.17,Nike,New York,Entertainment,In-Store,30,Chef,0
TXN-001367,ACCT-1073,2025-12-17 10:05:14,68.11,Uber,Miami,Gas,Online,34,Analyst,0
TXN-001368,ACCT-1041,2025-09-16 22:36:27,166.42,Shell Gas,Los Angeles,Travel,Online,44,Designer,0
TXN-001369,ACCT-1001,2025-01-16 21:54:14,1161.35,Starbucks,Minneapolis,Shopping,Online,64,Nurse,0
TXN-001370,ACCT-1140,2025-06-19 23:17:28,27.19,CVS Pharmacy,Detroit,Utilities,In-Store,24,Teacher,0
TXN-001371,ACCT-1172,2025-02-20 18:40:27,73.87,Whole Foods,Austin,Gas,Online,25,Nurse,0
TXN-001372,ACCT-1061,2025-08-30 12:12:39,89.91,Marriott,Boston,Healthcare,Online,50,Analyst,0
TXN-001373,ACCT-1155,2025-11-30 17:07:43,149.25,Shell Gas,Austin,Education,In-Store,35,Accountant,0
TXN-001374,ACCT-1177,2025-11-03 21:46:08,15.84,Grubhub,Portland,Healthcare,In-Store,24,Teacher,0
TXN-001375,ACCT-1147,2025-04-04 11:56:00,1313.54,DoorDash,Atlanta,Travel,Online,75,Doctor,1
TXN-001376,ACCT-1016,2025-05-15 20:38:03,87.72,Uber,Dallas,Dining,Online,26,Driver,0
TXN-001377,ACCT-1156,2025-11-25 18:59:25,13.48,Zara,Detroit,Utilities,Online,18,Sales Rep,0
TXN-001378,ACCT-1090,2025-07-13 12:37:04,19.94,Safeway,Dallas,Groceries,Online,24,Retired,0
TXN-001379,ACCT-1163,2025-08-19 19:26:19,195.63,Zara,Minneapolis,Dining,In-Store,48,Teacher,0
TXN-001380,ACCT-1077,2025-01-17 18:55:38,44.17,Walgreens,Seattle,Education,Online,80,Driver,0
TXN-001381,ACCT-1149,2025-12-26 21:36:39,107.09,Spotify,Los Angeles,Entertainment,Online,41,Sales Rep,0
TXN-001382,ACCT-1068,2025-07-12 20:55:27,26.59,Nike,Atlanta,Education,Mobile App,22,Accountant,0
TXN-001383,ACCT-1173,2025-02-07 12:48:04,84.33,Amazon,Chicago,Transportation,Online,44,Retired,0
TXN-001384,ACCT-1156,2025-02-10 11:24:54,27.38,Amazon,Atlanta,Utilities,Online,18,Sales Rep,0
TXN-001385,ACCT-1182,2025-01-26 11:37:56,465.7,United Airlines,Denver,Travel,In-Store,55,Lawyer,0
TXN-001386,ACCT-1068,2025-03-12 09:46:52,11.94,Chevron,Atlanta,Groceries,Online,22,Accountant,0
TXN-001387,ACCT-1173,2025-04-10 15:52:06,59.1,Spotify,Chicago,Shopping,Online,44,Retired,0
TXN-001388,ACCT-1081,2025-05-09 14:45:01,135.11,Spotify,San Antonio,Entertainment,In-Store,77,Accountant,0
TXN-001389,ACCT-1024,2025-10-11 17:51:00,253.11,Netflix,Portland,Education,ATM,44,Lawyer,0
TXN-001390,ACCT-1059,2025-10-22 14:06:20,401.54,Hilton,Los Angeles,Personal Care,Mobile App,48,Doctor,0
TXN-001391,ACCT-1064,2025-09-09 13:59:34,52.54,Amazon,Austin,Travel,ATM,19,Driver,0
TXN-001392,ACCT-1094,2025-01-02 09:39:42,321.99,Starbucks,San Francisco,Entertainment,Online,48,Driver,0
TXN-001393,ACCT-1119,2025-12-04 09:32:40,172.71,Home Depot,Boston,Personal Care,Online,41,Designer,0
TXN-001394,ACCT-1081,2025-02-15 12:58:29,243.34,Best Buy,Denver,Education,In-Store,77,Accountant,0
TXN-001395,ACCT-1154,2025-10-08 13:19:22,79.21,Whole Foods,San Diego,Travel,ATM,34,Teacher,0
TXN-001396,ACCT-1019,2025-06-25 14:45:00,5000.0,Spotify,Atlanta,Travel,ATM,41,Lawyer,1
TXN-001397,ACCT-1062,2025-02-28 22:45:15,691.35,Airbnb,Chicago,Groceries,Mobile App,52,Student,0
TXN-001398,ACCT-1049,2025-03-11 21:53:41,538.66,Zara,Chicago,Dining,Online,48,Accountant,0
TXN-001399,ACCT-1076,2025-03-14 16:29:00,13.88,United Airlines,Portland,Subscriptions,Online,18,Teacher,0
TXN-001400,ACCT-1020,2025-09-21 18:35:00,3198.52,Walgreens,Detroit,Shopping,In-Store,36,Engineer,1
TXN-001401,ACCT-1184,2025-03-14 13:23:26,35.7,Chevron,Dallas,Shopping,ATM,30,Analyst,0
TXN-001402,ACCT-1034,2025-11-19 23:53:46,309.86,Walgreens,Philadelphia,Utilities,In-Store,41,Lawyer,0
TXN-001403,ACCT-1024,2025-07-21 08:21:43,192.26,Netflix,Austin,Transportation,Online,44,Lawyer,0
TXN-001404,ACCT-1109,2025-11-19 22:08:39,64.94,Best Buy,Nashville,Transportation,ATM,42,Student,0
TXN-001405,ACCT-1021,2025-10-15 09:08:59,123.73,Walmart,Phoenix,Shopping,In-Store,28,Teacher,0
TXN-001406,ACCT-1106,2025-05-26 12:19:57,33.16,Shell Gas,Seattle,Healthcare,Mobile App,23,Retired,0
TXN-001407,ACCT-1131,2025-10-06 09:30:15,218.48,Walgreens,Dallas,Personal Care,Online,34,Lawyer,0
TXN-001408,ACCT-1073,2025-11-10 10:06:16,160.22,Walmart,Miami,Entertainment,Mobile App,34,Analyst,0
TXN-001409,ACCT-1179,2025-04-19 06:58:58,104.0,Apple Store,Nashville,Transportation,Phone,41,Engineer,0
TXN-001410,ACCT-1084,2025-07-26 12:47:25,29.86,CVS Pharmacy,San Diego,Dining,ATM,24,Engineer,0
TXN-001411,ACCT-1078,2025-05-28 19:55:55,82.57,Whole Foods,Houston,Shopping,Online,24,Freelancer,0
TXN-001412,ACCT-1027,2025-01-07 18:57:01,118.85,Nike,Nashville,Education,Online,28,Sales Rep,0
TXN-001413,ACCT-1011,2025-06-28 06:21:23,667.93,Netflix,Atlanta,Dining,Online,47,Doctor,0
TXN-001414,ACCT-1105,2025-08-14 14:41:59,421.36,Shell Gas,New York,Entertainment,Mobile App,51,Teacher,0
TXN-001415,ACCT-1114,2025-07-08 10:01:37,33.58,Zara,Detroit,Healthcare,Mobile App,65,Teacher,0
TXN-001416,ACCT-1057,2025-09-08 07:06:30,234.35,Home Depot,Seattle,Groceries,Online,55,Analyst,0
TXN-001417,ACCT-1111,2025-04-29 13:14:22,44.26,Spotify,San Antonio,Education,In-Store,22,Analyst,0
TXN-001418,ACCT-1058,2025-03-29 09:20:39,81.12,Amazon,San Diego,Education,Mobile App,36,Designer,0
TXN-001419,ACCT-1124,2025-02-02 12:02:26,63.42,Amazon,Miami,Utilities,Online,33,Analyst,0
TXN-001420,ACCT-1115,2025-11-23 11:27:38,86.03,Netflix,San Francisco,Personal Care,Online,40,Sales Rep,0
TXN-001421,ACCT-1170,2025-10-26 20:45:10,253.68,Marriott,San Francisco,Healthcare,Online,60,Lawyer,0
TXN-001422,ACCT-1088,2025-03-29 22:25:45,459.2,Zara,Phoenix,Transportation,In-Store,33,Designer,0
TXN-001423,ACCT-1080,2025-11-23 12:51:51,48.62,Best Buy,Seattle,Groceries,Mobile App,79,Freelancer,0
TXN-001424,ACCT-1015,2025-09-08 16:05:55,109.08,Kroger,Minneapolis,Personal Care,Online,43,Lawyer,0
TXN-001425,ACCT-1165,2025-06-21 05:43:24,54.25,Netflix,San Antonio,Education,Mobile App,22,Accountant,0
TXN-001426,ACCT-1085,2025-02-15 12:24:54,65.9,Chevron,Dallas,Transportation,Online,38,Student,0
TXN-001427,ACCT-1113,2025-01-04 10:50:19,127.91,Netflix,Houston,Travel,Mobile App,41,Designer,0
TXN-001428,ACCT-1067,2025-10-29 19:26:05,460.72,Marriott,Boston,Groceries,ATM,62,Doctor,0
TXN-001429,ACCT-1162,2025-07-21 17:13:09,674.32,Nike,Denver,Travel,Online,58,Retired,0
TXN-001430,ACCT-1126,2025-07-01 21:39:34,146.37,Trader Joes,Boston,Dining,In-Store,30,Driver,0
TXN-001431,ACCT-1129,2025-08-20 09:03:35,23.95,Netflix,San Francisco,Shopping,In-Store,32,Sales Rep,0
TXN-001432,ACCT-1119,2025-12-20 09:34:52,177.93,Home Depot,Boston,Education,In-Store,41,Designer,0
TXN-001433,ACCT-1169,2025-04-30 21:47:49,144.75,Netflix,Chicago,Education,ATM,36,Designer,0
TXN-001434,ACCT-1145,2025-01-15 12:40:24,22.82,Best Buy,Nashville,Gas,In-Store,19,Chef,0
TXN-001435,ACCT-1057,2025-02-24 10:07:39,148.41,Uber,Seattle,Travel,Phone,55,Analyst,0
TXN-001436,ACCT-1043,2025-03-24 21:50:41,785.34,Amazon,Atlanta,Entertainment,Online,34,Manager,0
TXN-001437,ACCT-1045,2025-10-19 10:22:22,109.79,Starbucks,Philadelphia,Subscriptions,ATM,66,Chef,0
TXN-001438,ACCT-1077,2025-06-26 21:29:04,47.35,Apple Store,Seattle,Entertainment,Mobile App,80,Driver,0
TXN-001439,ACCT-1109,2025-06-08 17:41:05,86.98,Best Buy,Nashville,Education,Online,42,Student,0
TXN-001440,ACCT-1163,2025-12-21 21:48:46,245.72,Whole Foods,Seattle,Travel,In-Store,48,Teacher,0
TXN-001441,ACCT-1066,2025-01-24 16:11:17,94.25,Lyft,Houston,Groceries,Online,38,Teacher,0
TXN-001442,ACCT-1197,2025-11-21 17:47:15,114.34,Best Buy,Los Angeles,Entertainment,In-Store,37,Student,0
TXN-001443,ACCT-1105,2025-12-10 12:25:44,309.85,United Airlines,New York,Utilities,In-Store,51,Teacher,0
TXN-001444,ACCT-1046,2025-06-26 15:51:08,141.96,Nike,Atlanta,Transportation,Online,27,Driver,0
TXN-001445,ACCT-1116,2025-01-03 09:08:31,28.55,McDonalds,Los Angeles,Dining,In-Store,19,Lawyer,0
TXN-001446,ACCT-1008,2025-01-02 14:33:52,49.39,Chevron,Nashville,Dining,Online,28,Retired,0
TXN-001447,ACCT-1183,2025-06-29 09:54:11,254.8,Netflix,Dallas,Healthcare,Online,60,Retired,0
TXN-001448,ACCT-1197,2025-02-11 14:36:36,161.04,DoorDash,Los Angeles,Travel,Mobile App,37,Student,0
TXN-001449,ACCT-1155,2025-02-17 20:43:32,291.77,Lyft,Portland,Gas,In-Store,35,Accountant,0
TXN-001450,ACCT-1119,2025-02-20 14:16:41,270.73,Trader Joes,Boston,Groceries,Phone,41,Designer,0
TXN-001451,ACCT-1158,2025-11-04 13:02:30,47.91,Hilton,Nashville,Shopping,Online,23,Doctor,0
TXN-001452,ACCT-1089,2025-02-17 12:36:05,56.53,Chevron,Houston,Dining,In-Store,18,Driver,0
TXN-001453,ACCT-1082,2025-07-21 18:33:40,66.88,Safeway,San Francisco,Education,Online,26,Driver,0
TXN-001454,ACCT-1162,2025-05-22 10:15:22,764.52,CVS Pharmacy,Denver,Personal Care,Online,58,Retired,0
TXN-001455,ACCT-1176,2025-12-23 12:32:22,163.4,Spotify,Los Angeles,Personal Care,Mobile App,62,Designer,1
TXN-001456,ACCT-1067,2025-05-13 20:51:31,469.08,Marriott,Boston,Travel,Online,62,Doctor,0
TXN-001457,ACCT-1194,2025-05-23 17:52:40,420.28,McDonalds,Seattle,Entertainment,Online,84,Lawyer,0
TXN-001458,ACCT-1199,2025-04-08 14:56:35,142.63,Starbucks,Houston,Groceries,In-Store,33,Chef,0
TXN-001459,ACCT-1083,2025-07-08 11:19:29,300.57,Grubhub,Detroit,Utilities,ATM,52,Freelancer,0
TXN-001460,ACCT-1162,2025-02-02 16:34:11,479.0,CVS Pharmacy,Denver,Shopping,Mobile App,58,Retired,0
TXN-001461,ACCT-1078,2025-08-21 15:59:42,38.15,Spotify,Houston,Groceries,Online,24,Freelancer,0
TXN-001462,ACCT-1186,2025-08-08 01:11:08,16.24,Uber,Austin,Dining,In-Store,19,Freelancer,0
TXN-001463,ACCT-1021,2025-08-25 11:42:02,85.62,United Airlines,Phoenix,Gas,Mobile App,28,Teacher,0
TXN-001464,ACCT-1154,2025-04-19 08:24:16,28.41,Apple Store,San Antonio,Shopping,Mobile App,34,Teacher,0
TXN-001465,ACCT-1171,2025-06-17 08:15:12,146.07,Marriott,Boston,Dining,Phone,57,Doctor,0
TXN-001466,ACCT-1131,2025-06-13 06:31:13,253.5,Amazon,Dallas,Subscriptions,Phone,34,Lawyer,0
TXN-001467,ACCT-1013,2025-11-05 19:25:02,112.86,DoorDash,Houston,Travel,Online,45,Driver,0
TXN-001468,ACCT-1043,2025-10-06 16:10:53,178.9,McDonalds,Atlanta,Utilities,Online,34,Manager,0
TXN-001469,ACCT-1058,2025-04-04 12:18:07,145.0,Amazon,Austin,Utilities,Online,36,Designer,0
TXN-001470,ACCT-1079,2025-06-28 14:40:53,518.88,DoorDash,Phoenix,Gas,Online,52,Retired,0
TXN-001471,ACCT-1071,2025-01-26 11:38:11,170.2,Home Depot,Nashville,Groceries,Online,42,Analyst,0
TXN-001472,ACCT-1061,2025-05-07 17:01:43,366.81,United Airlines,Boston,Gas,Online,50,Analyst,0
TXN-001473,ACCT-1047,2025-03-19 15:07:11,19.71,Amazon,Dallas,Healthcare,Mobile App,75,Sales Rep,0
TXN-001474,ACCT-1117,2025-03-23 13:18:47,340.39,Zara,Houston,Groceries,Phone,56,Teacher,0
TXN-001475,ACCT-1009,2025-10-26 17:30:47,49.08,Costco,Austin,Shopping,Online,69,Analyst,0
TXN-001476,ACCT-1158,2025-05-26 14:28:03,16.66,Netflix,Nashville,Travel,In-Store,23,Doctor,0
TXN-001477,ACCT-1001,2025-01-17 07:26:48,705.09,McDonalds,Minneapolis,Education,In-Store,64,Nurse,0
TXN-001478,ACCT-1076,2025-01-01 14:47:45,35.44,Target,Portland,Shopping,In-Store,18,Teacher,0
TXN-001479,ACCT-1086,2025-08-29 17:43:33,40.93,Hilton,Philadelphia,Personal Care,Phone,20,Manager,0
TXN-001480,ACCT-1016,2025-04-05 07:23:00,212.99,QuickWire Transfers,Tirana,Shopping,Online,26,Driver,1
TXN-001481,ACCT-1100,2025-07-06 23:34:06,95.47,Hilton,Phoenix,Personal Care,Phone,80,Manager,0
TXN-001482,ACCT-1011,2025-01-05 18:26:19,152.88,Airbnb,Atlanta,Gas,In-Store,47,Doctor,0
TXN-001483,ACCT-1054,2025-10-24 12:36:10,56.54,Apple Store,Nashville,Subscriptions,Online,80,Retired,0
TXN-001484,ACCT-1123,2025-02-02 10:00:41,22.63,DoorDash,San Diego,Entertainment,Mobile App,37,Lawyer,0
TXN-001485,ACCT-1089,2025-06-12 13:51:13,49.31,Delta Airlines,Dallas,Shopping,Mobile App,18,Driver,0
TXN-001486,ACCT-1034,2025-10-16 12:55:01,258.41,Safeway,San Antonio,Travel,Online,41,Lawyer,0
TXN-001487,ACCT-1160,2025-04-12 22:47:01,164.96,Spotify,Denver,Entertainment,In-Store,40,Nurse,0
TXN-001488,ACCT-1146,2025-01-05 21:19:14,166.15,CVS Pharmacy,Atlanta,Dining,In-Store,39,Accountant,0
TXN-001489,ACCT-1176,2025-10-06 14:49:51,157.02,Safeway,Boston,Entertainment,Mobile App,62,Designer,0
TXN-001490,ACCT-1004,2025-03-13 17:04:34,179.95,Delta Airlines,Denver,Dining,Mobile App,28,Designer,0
TXN-001491,ACCT-1194,2025-05-19 14:10:48,80.42,McDonalds,San Diego,Travel,Online,84,Lawyer,0
TXN-001492,ACCT-1105,2025-01-21 13:42:05,811.63,United Airlines,Philadelphia,Transportation,Mobile App,51,Teacher,0
TXN-001493,ACCT-1187,2025-06-16 14:48:04,265.51,McDonalds,San Antonio,Gas,In-Store,28,Freelancer,0
TXN-001494,ACCT-1143,2025-10-27 06:44:43,120.86,Delta Airlines,Minneapolis,Shopping,Online,76,Retired,0
TXN-001495,ACCT-1171,2025-06-30 17:58:21,167.4,Lyft,San Antonio,Shopping,In-Store,57,Doctor,0
TXN-001496,ACCT-1124,2025-12-02 21:25:51,132.35,Walmart,Miami,Healthcare,ATM,33,Analyst,0
TXN-001497,ACCT-1041,2025-09-28 20:45:57,118.49,Shell Gas,Los Angeles,Healthcare,Online,44,Designer,0
TXN-001498,ACCT-1079,2025-12-15 08:06:23,122.14,DoorDash,Phoenix,Utilities,In-Store,52,Retired,0
TXN-001499,ACCT-1194,2025-01-23 06:18:27,86.97,Zara,San Diego,Dining,Online,84,Lawyer,0
TXN-001500,ACCT-1020,2025-06-28 15:16:30,206.95,Kroger,Detroit,Utilities,In-Store,36,Engineer,0
TXN-001501,ACCT-1170,2025-07-25 16:31:42,369.39,Hilton,San Francisco,Gas,Online,60,Lawyer,0
TXN-001502,ACCT-1063,2025-07-11 07:34:09,209.52,Nike,Austin,Gas,Online,70,Driver,0
TXN-001503,ACCT-1169,2025-11-20 19:25:00,642.93,Apple Store,Chicago,Entertainment,Online,36,Designer,1
TXN-001504,ACCT-1158,2025-11-12 15:42:51,27.62,Netflix,Portland,Subscriptions,Online,23,Doctor,0
TXN-001505,ACCT-1109,2025-08-16 19:29:58,210.34,Best Buy,Boston,Travel,Online,42,Student,0
TXN-001506,ACCT-1027,2025-02-25 12:15:40,138.6,Home Depot,Houston,Gas,Mobile App,28,Sales Rep,0
TXN-001507,ACCT-1116,2025-12-17 13:58:46,40.22,Walgreens,San Francisco,Gas,Mobile App,19,Lawyer,0
TXN-001508,ACCT-1131,2025-02-03 14:39:10,141.1,Whole Foods,Dallas,Healthcare,In-Store,34,Lawyer,0
TXN-001509,ACCT-1017,2025-11-13 13:17:53,23.2,United Airlines,San Diego,Personal Care,Online,76,Nurse,0
TXN-001510,ACCT-1168,2025-12-26 05:23:31,49.47,Zara,Boston,Shopping,Online,82,Teacher,0
TXN-001511,ACCT-1152,2025-04-04 14:33:31,499.62,Home Depot,San Francisco,Healthcare,Online,58,Chef,0
TXN-001512,ACCT-1122,2025-04-13 17:44:37,189.17,Kroger,Philadelphia,Groceries,In-Store,34,Retired,0
TXN-001513,ACCT-1145,2025-03-30 11:09:43,41.13,Grubhub,Nashville,Shopping,Online,19,Chef,0
TXN-001514,ACCT-1018,2025-11-21 16:27:35,128.24,Safeway,Seattle,Entertainment,Online,28,Retired,0
TXN-001515,ACCT-1018,2025-03-19 18:02:56,108.98,Uber,Los Angeles,Personal Care,In-Store,28,Retired,0
TXN-001516,ACCT-1159,2025-06-22 22:21:30,663.99,Spotify,San Diego,Personal Care,Online,39,Student,0
TXN-001517,ACCT-1080,2025-06-29 12:36:15,158.29,Hilton,Seattle,Travel,Mobile App,79,Freelancer,0
TXN-001518,ACCT-1023,2025-10-19 09:34:55,91.64,CVS Pharmacy,Dallas,Travel,In-Store,39,Retired,0
TXN-001519,ACCT-1068,2025-07-17 14:30:30,14.01,Marriott,Atlanta,Entertainment,Online,22,Accountant,0
TXN-001520,ACCT-1103,2025-11-04 15:53:39,35.57,Airbnb,Houston,Healthcare,Mobile App,23,Sales Rep,0
TXN-001521,ACCT-1198,2025-03-03 08:53:48,264.7,Delta Airlines,Houston,Entertainment,In-Store,53,Engineer,0
TXN-001522,ACCT-1154,2025-01-28 08:46:06,138.39,Home Depot,San Diego,Healthcare,Mobile App,34,Teacher,0
TXN-001523,ACCT-1187,2025-05-09 13:44:52,97.8,Delta Airlines,Minneapolis,Gas,In-Store,28,Freelancer,0
TXN-001524,ACCT-1018,2025-01-13 20:07:56,54.82,Kroger,Seattle,Utilities,In-Store,28,Retired,0
TXN-001525,ACCT-1166,2025-10-27 07:05:57,49.82,Home Depot,Boston,Gas,ATM,21,Designer,0
TXN-001526,ACCT-1083,2025-12-07 07:07:42,1233.04,Starbucks,Detroit,Gas,Online,52,Freelancer,0
TXN-001527,ACCT-1020,2025-04-22 15:40:35,157.87,Best Buy,Detroit,Gas,Online,36,Engineer,0
TXN-001528,ACCT-1168,2025-05-20 15:10:08,54.77,Zara,Boston,Personal Care,ATM,82,Teacher,0
TXN-001529,ACCT-1146,2025-07-02 16:40:06,84.36,United Airlines,Atlanta,Gas,In-Store,39,Accountant,0
TXN-001530,ACCT-1053,2025-05-15 14:12:52,57.9,Delta Airlines,Philadelphia,Dining,Phone,20,Student,0
TXN-001531,ACCT-1181,2025-06-13 09:36:56,145.46,Zara,Atlanta,Groceries,In-Store,48,Manager,0
TXN-001532,ACCT-1140,2025-03-05 07:17:29,42.91,Costco,Detroit,Groceries,Mobile App,24,Teacher,0
TXN-001533,ACCT-1140,2025-02-28 16:48:18,41.28,Hilton,Detroit,Travel,Phone,24,Teacher,0
TXN-001534,ACCT-1052,2025-05-30 11:20:25,30.18,Safeway,Philadelphia,Travel,Online,68,Accountant,0
TXN-001535,ACCT-1172,2025-06-15 11:03:38,129.14,Netflix,Austin,Dining,In-Store,25,Nurse,0
TXN-001536,ACCT-1047,2025-07-26 23:40:00,47.17,Amazon,Dallas,Education,Online,75,Sales Rep,0
TXN-001537,ACCT-1084,2025-04-08 13:20:47,67.26,Target,Dallas,Entertainment,Mobile App,24,Engineer,0
TXN-001538,ACCT-1099,2025-01-08 10:22:28,209.48,Nike,Detroit,Groceries,Mobile App,32,Sales Rep,0
TXN-001539,ACCT-1014,2025-07-06 10:59:36,359.81,Shell Gas,Nashville,Travel,Online,54,Chef,0
TXN-001540,ACCT-1118,2025-01-30 14:15:14,210.61,Walgreens,Detroit,Education,Mobile App,37,Designer,0
TXN-001541,ACCT-1178,2025-09-22 15:38:38,232.46,Safeway,Los Angeles,Utilities,In-Store,59,Retired,0
TXN-001542,ACCT-1017,2025-04-03 20:11:59,91.36,United Airlines,San Diego,Education,ATM,76,Nurse,0
TXN-001543,ACCT-1116,2025-11-10 13:57:44,37.83,CVS Pharmacy,San Francisco,Gas,Online,19,Lawyer,0
TXN-001544,ACCT-1011,2025-05-24 22:08:45,987.71,Lyft,Atlanta,Entertainment,Online,47,Doctor,0
TXN-001545,ACCT-1014,2025-03-26 17:28:56,507.71,Target,Minneapolis,Utilities,Online,54,Chef,0
TXN-001546,ACCT-1184,2025-01-21 10:26:38,135.49,Chevron,Seattle,Utilities,Phone,30,Analyst,0
TXN-001547,ACCT-1023,2025-10-12 17:54:32,41.74,Walgreens,Dallas,Dining,Mobile App,39,Retired,0
TXN-001548,ACCT-1174,2025-01-20 21:00:51,115.55,Apple Store,San Francisco,Gas,Online,34,Retired,0
TXN-001549,ACCT-1173,2025-03-28 12:00:53,221.02,Best Buy,Chicago,Groceries,In-Store,44,Retired,0
TXN-001550,ACCT-1163,2025-09-17 11:24:27,481.74,Costco,Seattle,Personal Care,In-Store,48,Teacher,0
TXN-001551,ACCT-1120,2025-05-19 17:59:29,330.2,Whole Foods,Minneapolis,Groceries,In-Store,54,Teacher,0
TXN-001552,ACCT-1066,2025-04-08 10:38:40,128.68,Starbucks,Houston,Education,In-Store,38,Teacher,0
TXN-001553,ACCT-1156,2025-09-15 21:06:25,13.59,Zara,Atlanta,Utilities,In-Store,18,Sales Rep,0
TXN-001554,ACCT-1184,2025-04-26 08:55:46,109.26,Home Depot,Phoenix,Dining,Online,30,Analyst,0
TXN-001555,ACCT-1010,2025-07-09 15:35:36,17.25,Airbnb,Philadelphia,Shopping,ATM,19,Sales Rep,0
TXN-001556,ACCT-1030,2025-06-11 16:17:57,107.57,Nike,Seattle,Groceries,Online,48,Manager,0
TXN-001557,ACCT-1131,2025-12-30 12:06:37,86.64,Amazon,Dallas,Gas,Phone,34,Lawyer,0
TXN-001558,ACCT-1153,2025-06-19 11:45:22,39.01,CVS Pharmacy,Los Angeles,Education,In-Store,33,Lawyer,0
TXN-001559,ACCT-1137,2025-06-18 11:01:39,157.49,Marriott,Miami,Entertainment,Mobile App,41,Lawyer,0
TXN-001560,ACCT-1037,2025-02-02 20:31:31,58.78,Amazon,Atlanta,Transportation,Online,18,Designer,0
TXN-001561,ACCT-1046,2025-09-01 13:30:18,132.21,Target,Atlanta,Healthcare,Online,27,Driver,0
TXN-001562,ACCT-1175,2025-11-05 11:10:00,97.34,Whole Foods,Los Angeles,Utilities,In-Store,59,Student,0
TXN-001563,ACCT-1128,2025-01-15 14:15:37,50.99,Lyft,Denver,Transportation,Online,21,Engineer,0
TXN-001564,ACCT-1130,2025-03-21 18:19:09,107.97,Walgreens,Detroit,Groceries,In-Store,27,Lawyer,0
TXN-001565,ACCT-1019,2025-07-05 13:27:43,60.27,Uber,Chicago,Shopping,Online,41,Lawyer,0
TXN-001566,ACCT-1080,2025-06-02 09:38:43,70.19,Delta Airlines,Seattle,Education,Online,79,Freelancer,0
TXN-001567,ACCT-1081,2025-05-04 18:43:12,81.88,Spotify,Denver,Groceries,Online,77,Accountant,0
TXN-001568,ACCT-1061,2025-05-23 11:41:28,281.49,Grubhub,Boston,Subscriptions,Online,50,Analyst,0
TXN-001569,ACCT-1099,2025-04-08 06:32:49,36.95,Nike,Philadelphia,Healthcare,Online,32,Sales Rep,0
TXN-001570,ACCT-1129,2025-08-15 17:02:03,46.96,Grubhub,Chicago,Groceries,Online,32,Sales Rep,0
TXN-001571,ACCT-1020,2025-05-06 15:55:49,315.43,Delta Airlines,Detroit,Entertainment,In-Store,36,Engineer,0
TXN-001572,ACCT-1021,2025-06-15 15:48:22,116.8,Delta Airlines,Phoenix,Utilities,In-Store,28,Teacher,0
TXN-001573,ACCT-1135,2025-03-05 19:08:50,167.31,DoorDash,Los Angeles,Travel,Online,37,Driver,0
TXN-001574,ACCT-1129,2025-03-19 12:47:46,56.58,Netflix,Chicago,Education,Online,32,Sales Rep,0
TXN-001575,ACCT-1015,2025-06-11 16:35:26,71.69,Walgreens,Minneapolis,Transportation,Online,43,Lawyer,0
TXN-001576,ACCT-1098,2025-07-08 19:17:27,170.87,Hilton,Houston,Utilities,Online,37,Sales Rep,0
TXN-001577,ACCT-1050,2025-10-14 14:51:41,84.55,United Airlines,Minneapolis,Healthcare,In-Store,43,Designer,0
TXN-001578,ACCT-1196,2025-03-08 13:41:50,558.59,Costco,Los Angeles,Subscriptions,In-Store,48,Freelancer,0
TXN-001579,ACCT-1015,2025-08-30 16:06:38,40.22,Walgreens,Minneapolis,Dining,Mobile App,43,Lawyer,0
TXN-001580,ACCT-1040,2025-05-03 17:56:47,188.35,Lyft,Miami,Dining,In-Store,29,Driver,0
TXN-001581,ACCT-1065,2025-12-07 12:39:37,85.51,Amazon,Chicago,Gas,Mobile App,79,Analyst,0
TXN-001582,ACCT-1003,2025-04-15 13:56:46,126.28,Whole Foods,San Antonio,Transportation,Online,73,Engineer,0
TXN-001583,ACCT-1141,2025-10-25 10:30:46,105.65,United Airlines,San Diego,Utilities,Online,32,Engineer,0
TXN-001584,ACCT-1170,2025-02-27 12:45:33,647.4,Hilton,San Francisco,Dining,Online,60,Lawyer,0
TXN-001585,ACCT-1187,2025-05-10 14:27:22,150.97,Delta Airlines,San Antonio,Entertainment,Mobile App,28,Freelancer,0
TXN-001586,ACCT-1148,2025-07-14 15:07:50,107.79,United Airlines,Houston,Transportation,Online,23,Chef,0
TXN-001587,ACCT-1182,2025-09-02 11:58:08,320.43,Home Depot,Denver,Dining,In-Store,55,Lawyer,0
TXN-001588,ACCT-1057,2025-05-24 22:00:00,2000.0,Marriott,Boston,Travel,ATM,55,Analyst,1
TXN-001589,ACCT-1169,2025-02-07 13:33:45,137.46,Target,Chicago,Utilities,Online,36,Designer,0
TXN-001590,ACCT-1108,2025-09-20 12:50:53,224.37,Uber,San Francisco,Entertainment,In-Store,34,Retired,0
TXN-001591,ACCT-1003,2025-04-29 17:51:35,85.2,Zara,San Antonio,Utilities,Online,73,Engineer,0
TXN-001592,ACCT-1079,2025-06-28 06:50:06,326.6,Kroger,Phoenix,Entertainment,In-Store,52,Retired,0
TXN-001593,ACCT-1033,2025-08-24 16:16:57,248.53,Walmart,Miami,Groceries,Mobile App,43,Teacher,0
TXN-001594,ACCT-1151,2025-08-07 09:06:43,339.8,Home Depot,Denver,Entertainment,ATM,36,Retired,0
TXN-001595,ACCT-1018,2025-12-20 08:17:43,40.18,Uber,Seattle,Transportation,Online,28,Retired,0
TXN-001596,ACCT-1003,2025-07-17 06:44:15,169.54,Zara,San Antonio,Gas,In-Store,73,Engineer,0
TXN-001597,ACCT-1180,2025-07-10 18:13:22,377.67,Zara,Houston,Groceries,Online,45,Freelancer,0
TXN-001598,ACCT-1005,2025-10-25 09:02:59,25.19,CVS Pharmacy,Los Angeles,Shopping,Online,24,Student,0
TXN-001599,ACCT-1187,2025-08-10 12:34:03,44.84,Starbucks,Detroit,Personal Care,Mobile App,28,Freelancer,0
TXN-001600,ACCT-1091,2025-02-11 22:29:04,232.42,Uber,Miami,Utilities,Online,36,Manager,0
TXN-001601,ACCT-1123,2025-08-07 10:40:05,63.47,DoorDash,San Diego,Utilities,Phone,37,Lawyer,0
TXN-001602,ACCT-1016,2025-12-05 09:58:39,74.8,Walgreens,Miami,Entertainment,Online,26,Driver,0
TXN-001603,ACCT-1122,2025-02-11 17:42:51,310.76,Lyft,Portland,Education,ATM,34,Retired,0
TXN-001604,ACCT-1175,2025-07-24 07:48:45,980.67,Walmart,Los Angeles,Groceries,In-Store,59,Student,0
TXN-001605,ACCT-1080,2025-11-26 10:03:38,107.29,Netflix,Seattle,Shopping,ATM,79,Freelancer,0
TXN-001606,ACCT-1173,2025-10-01 23:03:06,244.24,Spotify,Chicago,Travel,Online,44,Retired,0
TXN-001607,ACCT-1126,2025-09-07 15:54:05,290.62,Trader Joes,Portland,Personal Care,Mobile App,30,Driver,0
TXN-001608,ACCT-1031,2025-08-19 01:25:39,60.31,Costco,San Antonio,Dining,In-Store,71,Doctor,0
TXN-001609,ACCT-1119,2025-01-17 17:59:07,102.42,Delta Airlines,Boston,Transportation,In-Store,41,Designer,0
TXN-001610,ACCT-1021,2025-09-30 13:35:24,98.2,Walmart,Phoenix,Dining,Mobile App,28,Teacher,0
TXN-001611,ACCT-1003,2025-02-01 09:50:00,812.45,Apple Store,San Antonio,Entertainment,In-Store,73,Engineer,1
TXN-001612,ACCT-1123,2025-02-04 21:19:04,25.77,Lyft,Austin,Travel,In-Store,37,Lawyer,0
TXN-001613,ACCT-1027,2025-05-29 10:53:37,99.15,Home Depot,Houston,Gas,Online,28,Sales Rep,0
TXN-001614,ACCT-1106,2025-11-30 08:26:23,32.17,Hilton,Seattle,Dining,In-Store,23,Retired,0
TXN-001615,ACCT-1014,2025-10-17 12:48:10,222.19,Best Buy,Nashville,Education,Mobile App,54,Chef,0
TXN-001616,ACCT-1133,2025-08-04 15:40:24,155.14,Kroger,Nashville,Entertainment,Phone,19,Student,0
TXN-001617,ACCT-1139,2025-09-01 10:45:18,156.44,Delta Airlines,Los Angeles,Entertainment,In-Store,40,Driver,0
TXN-001618,ACCT-1141,2025-07-20 13:06:27,267.09,Best Buy,San Diego,Dining,Online,32,Engineer,0
TXN-001619,ACCT-1099,2025-06-17 11:08:40,54.16,Nike,Detroit,Education,Online,32,Sales Rep,0
TXN-001620,ACCT-1182,2025-12-01 16:04:56,527.79,United Airlines,Denver,Shopping,In-Store,55,Lawyer,0
TXN-001621,ACCT-1070,2025-05-22 15:32:47,505.22,Nike,Portland,Shopping,In-Store,56,Student,0
TXN-001622,ACCT-1002,2025-03-19 18:29:38,224.13,Target,New York,Personal Care,Online,26,Lawyer,0
TXN-001623,ACCT-1009,2025-10-28 12:17:10,62.33,Nike,Austin,Travel,Online,69,Analyst,0
TXN-001624,ACCT-1020,2025-11-21 09:20:00,181.15,Kroger,Detroit,Groceries,Mobile App,36,Engineer,0
TXN-001625,ACCT-1179,2025-07-01 10:31:04,79.96,Apple Store,Nashville,Education,Online,41,Engineer,0
TXN-001626,ACCT-1009,2025-04-19 14:39:30,32.1,Nike,Austin,Groceries,Mobile App,69,Analyst,0
TXN-001627,ACCT-1186,2025-02-05 13:30:18,27.65,Apple Store,Dallas,Education,Online,19,Freelancer,0
TXN-001628,ACCT-1181,2025-10-01 20:06:56,81.67,Trader Joes,Austin,Entertainment,Mobile App,48,Manager,0
TXN-001629,ACCT-1150,2025-02-01 10:20:27,82.62,Chevron,Atlanta,Transportation,Mobile App,24,Manager,0
TXN-001630,ACCT-1071,2025-10-24 19:43:39,58.92,Airbnb,Nashville,Travel,Online,42,Analyst,0
TXN-001631,ACCT-1157,2025-03-08 11:55:33,235.66,Netflix,San Diego,Groceries,Phone,57,Lawyer,0
TXN-001632,ACCT-1154,2025-11-20 11:35:43,238.24,Whole Foods,San Diego,Entertainment,Mobile App,34,Teacher,0
TXN-001633,ACCT-1130,2025-10-30 07:26:44,36.49,CVS Pharmacy,Detroit,Shopping,Online,27,Lawyer,0
TXN-001634,ACCT-1084,2025-08-17 10:34:26,40.29,Chevron,Dallas,Personal Care,Online,24,Engineer,0
TXN-001635,ACCT-1144,2025-09-06 21:35:45,139.41,Apple Store,San Antonio,Utilities,Mobile App,27,Chef,0
TXN-001636,ACCT-1002,2025-02-25 10:12:51,243.17,Starbucks,New York,Entertainment,Mobile App,26,Lawyer,0
TXN-001637,ACCT-1081,2025-05-08 09:24:20,264.85,Starbucks,Detroit,Subscriptions,Mobile App,77,Accountant,1
TXN-001638,ACCT-1025,2025-09-19 10:01:41,215.51,Nike,New York,Shopping,Mobile App,43,Chef,0
TXN-001639,ACCT-1121,2025-11-27 06:17:39,136.17,Home Depot,Houston,Personal Care,Online,35,Accountant,0
TXN-001640,ACCT-1123,2025-04-25 16:32:53,45.15,Marriott,San Diego,Education,In-Store,37,Lawyer,0
TXN-001641,ACCT-1097,2025-09-07 10:04:00,181.2,Spotify,Los Angeles,Transportation,Online,52,Teacher,0
TXN-001642,ACCT-1075,2025-03-16 08:38:04,125.08,Safeway,Denver,Education,Online,81,Accountant,0
TXN-001643,ACCT-1006,2025-12-04 18:52:07,159.55,Chevron,Atlanta,Shopping,Online,55,Nurse,0
TXN-001644,ACCT-1061,2025-12-01 18:00:32,206.77,Grubhub,Boston,Shopping,Online,50,Analyst,0
TXN-001645,ACCT-1007,2025-09-13 07:32:08,74.18,Kroger,Atlanta,Travel,Online,66,Sales Rep,0
TXN-001646,ACCT-1113,2025-03-13 09:09:02,91.18,Starbucks,Houston,Utilities,Mobile App,41,Designer,0
TXN-001647,ACCT-1041,2025-08-18 17:56:13,123.61,Walgreens,Los Angeles,Gas,Mobile App,44,Designer,0
TXN-001648,ACCT-1185,2025-12-14 08:02:52,82.19,Shell Gas,New York,Shopping,In-Store,58,Lawyer,0
TXN-001649,ACCT-1089,2025-09-08 09:12:55,92.22,Airbnb,Dallas,Utilities,Mobile App,18,Driver,0
TXN-001650,ACCT-1000,2025-09-17 09:51:11,503.56,Best Buy,Portland,Utilities,ATM,59,Freelancer,0
TXN-001651,ACCT-1197,2025-05-07 19:53:43,134.59,Delta Airlines,Los Angeles,Entertainment,Online,37,Student,0
TXN-001652,ACCT-1180,2025-03-17 17:13:53,230.27,Netflix,Detroit,Gas,Online,45,Freelancer,0
TXN-001653,ACCT-1040,2025-11-26 13:20:51,508.39,Costco,Austin,Personal Care,Online,29,Driver,0
TXN-001654,ACCT-1027,2025-01-11 11:28:20,93.91,Uber,Houston,Personal Care,In-Store,28,Sales Rep,0
TXN-001655,ACCT-1184,2025-09-27 11:32:37,96.98,Uber,Seattle,Travel,Online,30,Analyst,0
TXN-001656,ACCT-1032,2025-11-14 19:19:31,277.83,Airbnb,New York,Utilities,Mobile App,34,Analyst,0
TXN-001657,ACCT-1182,2025-10-07 15:19:21,269.17,Best Buy,Denver,Shopping,In-Store,55,Lawyer,0
TXN-001658,ACCT-1179,2025-09-30 14:29:56,42.21,Best Buy,Nashville,Utilities,In-Store,41,Engineer,0
TXN-001659,ACCT-1182,2025-04-25 08:17:09,352.49,Safeway,Denver,Dining,In-Store,55,Lawyer,0
TXN-001660,ACCT-1000,2025-12-15 19:29:52,542.1,Best Buy,Portland,Dining,Mobile App,59,Freelancer,0
TXN-001661,ACCT-1137,2025-11-20 10:12:11,116.01,Trader Joes,Miami,Gas,In-Store,41,Lawyer,0
TXN-001662,ACCT-1086,2025-12-21 18:18:43,52.87,Best Buy,Philadelphia,Transportation,Online,20,Manager,0
TXN-001663,ACCT-1008,2025-07-06 15:06:32,109.24,CVS Pharmacy,Nashville,Transportation,Online,28,Retired,0
TXN-001664,ACCT-1111,2025-05-30 09:03:25,58.32,Spotify,Houston,Education,Mobile App,22,Analyst,0
TXN-001665,ACCT-1034,2025-10-30 17:03:09,87.84,Amazon,Philadelphia,Healthcare,Phone,41,Lawyer,0
TXN-001666,ACCT-1147,2025-10-11 22:39:37,58.42,Zara,Atlanta,Transportation,In-Store,75,Doctor,0
TXN-001667,ACCT-1057,2025-05-15 09:35:19,234.11,Netflix,Dallas,Healthcare,In-Store,55,Analyst,0
TXN-001668,ACCT-1130,2025-04-01 18:20:49,61.07,Walmart,Detroit,Entertainment,In-Store,27,Lawyer,0
TXN-001669,ACCT-1041,2025-07-31 15:36:38,108.1,Shell Gas,Los Angeles,Utilities,In-Store,44,Designer,0
TXN-001670,ACCT-1167,2025-11-11 17:23:02,125.61,Amazon,Seattle,Healthcare,In-Store,57,Manager,0
TXN-001671,ACCT-1155,2025-09-02 14:35:49,184.6,Nike,Los Angeles,Healthcare,Mobile App,35,Accountant,0
TXN-001672,ACCT-1090,2025-05-13 01:27:41,67.84,Delta Airlines,Philadelphia,Gas,Online,24,Retired,0
TXN-001673,ACCT-1147,2025-02-15 14:04:48,165.83,Target,Atlanta,Gas,In-Store,75,Doctor,0
TXN-001674,ACCT-1186,2025-04-04 08:04:23,37.55,Apple Store,Dallas,Transportation,In-Store,19,Freelancer,0
TXN-001675,ACCT-1023,2025-04-15 10:16:48,114.49,Whole Foods,Dallas,Gas,Mobile App,39,Retired,0
TXN-001676,ACCT-1110,2025-09-20 09:35:48,72.12,United Airlines,Seattle,Gas,Online,34,Analyst,0
TXN-001677,ACCT-1051,2025-04-24 22:45:07,448.71,Zara,Phoenix,Gas,Mobile App,45,Chef,0
TXN-001678,ACCT-1140,2025-10-05 07:45:56,19.98,Kroger,Detroit,Travel,Online,24,Teacher,0
TXN-001679,ACCT-1129,2025-02-15 20:51:52,28.74,Netflix,Chicago,Entertainment,Online,32,Sales Rep,0
TXN-001680,ACCT-1007,2025-06-16 14:28:08,142.94,Airbnb,Atlanta,Gas,In-Store,66,Sales Rep,0
TXN-001681,ACCT-1125,2025-04-12 15:43:40,184.78,CVS Pharmacy,Phoenix,Healthcare,Online,61,Teacher,0
TXN-001682,ACCT-1116,2025-03-29 12:32:17,82.24,Chevron,Nashville,Personal Care,Online,19,Lawyer,0
TXN-001683,ACCT-1033,2025-05-05 10:04:56,101.57,Hilton,Miami,Transportation,Online,43,Teacher,0
TXN-001684,ACCT-1033,2025-03-20 20:50:10,243.71,Nike,Miami,Education,In-Store,43,Teacher,0
TXN-001685,ACCT-1008,2025-03-08 12:45:26,142.92,Shell Gas,Nashville,Travel,Online,28,Retired,0
TXN-001686,ACCT-1088,2025-01-11 08:30:18,62.86,Zara,Phoenix,Transportation,Mobile App,33,Designer,0
TXN-001687,ACCT-1179,2025-07-02 11:44:56,54.44,Apple Store,Nashville,Subscriptions,Online,41,Engineer,0
TXN-001688,ACCT-1096,2025-07-05 15:23:02,128.0,Whole Foods,New York,Gas,Online,30,Chef,0
TXN-001689,ACCT-1128,2025-05-26 08:31:31,71.3,DoorDash,Denver,Personal Care,Online,21,Engineer,0
TXN-001690,ACCT-1178,2025-11-20 14:44:11,289.12,Amazon,Chicago,Healthcare,Mobile App,59,Retired,0
TXN-001691,ACCT-1097,2025-05-17 09:13:29,459.76,Target,Los Angeles,Personal Care,In-Store,52,Teacher,0
TXN-001692,ACCT-1030,2025-12-07 08:09:06,188.88,Target,Seattle,Healthcare,Phone,48,Manager,0
TXN-001693,ACCT-1027,2025-11-18 20:08:21,156.56,Chevron,San Antonio,Entertainment,Mobile App,28,Sales Rep,0
TXN-001694,ACCT-1002,2025-10-04 11:54:45,103.67,Target,New York,Groceries,In-Store,26,Lawyer,0
TXN-001695,ACCT-1172,2025-02-17 16:59:37,25.72,Whole Foods,Austin,Gas,In-Store,25,Nurse,0
TXN-001696,ACCT-1162,2025-12-07 18:30:58,505.97,CVS Pharmacy,Denver,Education,In-Store,58,Retired,0
TXN-001697,ACCT-1115,2025-12-20 15:19:07,89.23,Netflix,San Francisco,Transportation,Online,40,Sales Rep,0
TXN-001698,ACCT-1180,2025-08-09 15:51:46,172.66,Lyft,Detroit,Transportation,Online,45,Freelancer,0
TXN-001699,ACCT-1057,2025-01-26 12:27:58,514.21,Home Depot,Seattle,Entertainment,Mobile App,55,Analyst,0
TXN-001700,ACCT-1060,2025-04-15 18:44:12,108.13,Shell Gas,Phoenix,Gas,In-Store,42,Accountant,0
TXN-001701,ACCT-1158,2025-07-03 14:25:27,35.28,Kroger,Nashville,Education,Online,23,Doctor,0
TXN-001702,ACCT-1038,2025-03-06 10:01:22,191.84,Home Depot,Phoenix,Healthcare,In-Store,42,Nurse,0
TXN-001703,ACCT-1180,2025-11-03 12:21:15,157.75,Netflix,Detroit,Subscriptions,Online,45,Freelancer,0
TXN-001704,ACCT-1076,2025-04-20 22:26:39,12.49,Airbnb,Portland,Transportation,ATM,18,Teacher,0
TXN-001705,ACCT-1140,2025-11-21 10:21:31,52.71,United Airlines,Detroit,Shopping,In-Store,24,Teacher,0
TXN-001706,ACCT-1096,2025-08-05 10:50:01,76.19,Shell Gas,New York,Education,In-Store,30,Chef,0
TXN-001707,ACCT-1121,2025-10-27 12:28:50,175.89,McDonalds,Houston,Transportation,Mobile App,35,Accountant,0
TXN-001708,ACCT-1066,2025-09-20 19:25:22,195.92,Hilton,Houston,Healthcare,Mobile App,38,Teacher,0
TXN-001709,ACCT-1081,2025-06-26 09:44:18,51.13,Spotify,Chicago,Shopping,Online,77,Accountant,0
TXN-001710,ACCT-1197,2025-03-12 10:47:06,142.9,Amazon,Los Angeles,Subscriptions,In-Store,37,Student,0
TXN-001711,ACCT-1187,2025-10-10 10:36:02,145.66,Starbucks,San Antonio,Transportation,Mobile App,28,Freelancer,0
TXN-001712,ACCT-1144,2025-02-26 15:00:12,162.26,Apple Store,San Antonio,Groceries,In-Store,27,Chef,0
TXN-001713,ACCT-1059,2025-10-20 11:24:29,693.45,Hilton,Los Angeles,Utilities,In-Store,48,Doctor,0
TXN-001714,ACCT-1196,2025-09-11 10:46:41,720.57,Safeway,Los Angeles,Utilities,Online,48,Freelancer,0
TXN-001715,ACCT-1163,2025-08-04 22:55:36,299.88,Zara,Seattle,Subscriptions,Online,48,Teacher,0
TXN-001716,ACCT-1004,2025-09-07 10:09:18,243.24,Delta Airlines,Boston,Gas,In-Store,28,Designer,0
TXN-001717,ACCT-1171,2025-09-02 21:18:04,144.22,Shell Gas,Miami,Education,Online,57,Doctor,0
TXN-001718,ACCT-1027,2025-12-12 21:41:03,238.67,Chevron,Houston,Subscriptions,Mobile App,28,Sales Rep,0
TXN-001719,ACCT-1158,2025-04-19 08:47:23,43.23,Airbnb,Nashville,Groceries,ATM,23,Doctor,0
TXN-001720,ACCT-1103,2025-03-16 15:49:21,56.04,Nike,Houston,Travel,Online,23,Sales Rep,0
TXN-001721,ACCT-1151,2025-12-29 12:31:24,67.18,Amazon,Denver,Education,In-Store,36,Retired,0
TXN-001722,ACCT-1057,2025-10-17 10:48:11,154.68,Chevron,Seattle,Subscriptions,In-Store,55,Analyst,0
TXN-001723,ACCT-1004,2025-04-12 03:07:00,381.0,Costco,Denver,Entertainment,ATM,28,Designer,1
TXN-001724,ACCT-1165,2025-08-06 13:53:29,41.71,Safeway,San Antonio,Entertainment,Phone,22,Accountant,0
TXN-001725,ACCT-1082,2025-10-15 14:16:43,67.81,Shell Gas,Philadelphia,Personal Care,In-Store,26,Driver,0
TXN-001726,ACCT-1094,2025-01-23 18:13:26,490.14,Hilton,San Francisco,Groceries,Online,48,Driver,0
TXN-001727,ACCT-1197,2025-05-12 01:50:00,85.56,Grubhub,Los Angeles,Transportation,ATM,37,Student,1
TXN-001728,ACCT-1069,2025-02-16 08:04:42,53.62,Shell Gas,Minneapolis,Subscriptions,Online,32,Manager,0
TXN-001729,ACCT-1080,2025-04-04 04:21:00,219.24,Lyft,Seattle,Transportation,ATM,79,Freelancer,1
TXN-001730,ACCT-1028,2025-05-19 14:09:04,41.02,Kroger,Seattle,Shopping,Online,23,Freelancer,0
TXN-001731,ACCT-1005,2025-05-21 18:46:59,49.12,Hilton,San Diego,Gas,In-Store,24,Student,0
TXN-001732,ACCT-1093,2025-01-23 17:42:55,26.46,Apple Store,Boston,Travel,Online,41,Chef,0
TXN-001733,ACCT-1123,2025-06-16 06:14:21,33.19,Kroger,San Diego,Travel,In-Store,37,Lawyer,0
TXN-001734,ACCT-1136,2025-08-16 15:35:03,114.78,Uber,Boston,Personal Care,Mobile App,60,Sales Rep,0
TXN-001735,ACCT-1033,2025-11-08 10:24:02,107.38,Best Buy,Denver,Groceries,Mobile App,43,Teacher,0
TXN-001736,ACCT-1046,2025-03-14 14:19:40,86.88,Nike,Atlanta,Gas,Mobile App,27,Driver,0
TXN-001737,ACCT-1159,2025-12-05 17:58:43,313.79,Spotify,San Diego,Groceries,ATM,39,Student,0
TXN-001738,ACCT-1054,2025-08-19 20:47:25,109.89,Kroger,Boston,Healthcare,Online,80,Retired,0
TXN-001739,ACCT-1168,2025-02-17 09:34:12,66.82,Zara,Boston,Travel,Mobile App,82,Teacher,0
TXN-001740,ACCT-1153,2025-12-30 10:43:16,72.49,Zara,Los Angeles,Shopping,Online,33,Lawyer,0
TXN-001741,ACCT-1006,2025-01-24 09:57:49,220.79,Starbucks,Atlanta,Education,Phone,55,Nurse,0
TXN-001742,ACCT-1032,2025-01-29 13:29:07,292.96,Trader Joes,New York,Entertainment,ATM,34,Analyst,0
TXN-001743,ACCT-1131,2025-12-22 09:46:20,183.75,Delta Airlines,Austin,Education,In-Store,34,Lawyer,0
TXN-001744,ACCT-1064,2025-06-09 20:47:53,66.91,Delta Airlines,Austin,Transportation,Online,19,Driver,0
TXN-001745,ACCT-1086,2025-06-20 19:55:50,31.44,Netflix,Philadelphia,Dining,Online,20,Manager,0
TXN-001746,ACCT-1132,2025-03-11 16:12:15,350.02,Grubhub,Miami,Utilities,In-Store,54,Manager,0
TXN-001747,ACCT-1046,2025-11-28 08:25:14,131.79,Safeway,Atlanta,Utilities,Mobile App,27,Driver,0
TXN-001748,ACCT-1128,2025-05-30 13:23:59,61.18,Target,Denver,Personal Care,Online,21,Engineer,0
TXN-001749,ACCT-1027,2025-02-27 14:54:31,240.04,DoorDash,Houston,Subscriptions,Online,28,Sales Rep,0
TXN-001750,ACCT-1065,2025-12-28 17:09:27,123.67,Safeway,Detroit,Gas,ATM,79,Analyst,0
TXN-001751,ACCT-1103,2025-05-20 11:08:38,14.59,Hilton,Houston,Groceries,In-Store,23,Sales Rep,0
TXN-001752,ACCT-1192,2025-02-03 21:15:15,170.5,Target,San Antonio,Gas,Mobile App,56,Designer,0
TXN-001753,ACCT-1029,2025-12-09 15:04:41,58.79,Grubhub,Nashville,Personal Care,Online,32,Freelancer,0
TXN-001754,ACCT-1106,2025-07-14 20:24:41,38.48,Hilton,Seattle,Entertainment,ATM,23,Retired,0
TXN-001755,ACCT-1131,2025-04-23 00:29:26,112.38,Kroger,Detroit,Dining,In-Store,34,Lawyer,0
TXN-001756,ACCT-1169,2025-11-15 09:51:22,125.03,Chevron,Chicago,Entertainment,Online,36,Designer,0
TXN-001757,ACCT-1024,2025-05-07 13:28:29,128.77,Spotify,Portland,Education,Online,44,Lawyer,0
TXN-001758,ACCT-1062,2025-05-26 21:27:12,294.43,Grubhub,Chicago,Subscriptions,ATM,52,Student,0
TXN-001759,ACCT-1171,2025-03-15 12:33:30,253.76,Delta Airlines,Boston,Education,Online,57,Doctor,0
TXN-001760,ACCT-1076,2025-12-15 09:24:54,12.28,Shell Gas,Portland,Travel,In-Store,18,Teacher,0
TXN-001761,ACCT-1153,2025-05-22 19:06:40,140.22,McDonalds,Los Angeles,Education,Online,33,Lawyer,0
TXN-001762,ACCT-1004,2025-07-05 10:49:42,486.55,Shell Gas,Denver,Transportation,In-Store,28,Designer,0
TXN-001763,ACCT-1169,2025-03-31 20:45:51,105.38,DoorDash,Chicago,Entertainment,In-Store,36,Designer,0
TXN-001764,ACCT-1177,2025-08-24 13:21:16,19.49,Whole Foods,Portland,Utilities,Online,24,Teacher,0
TXN-001765,ACCT-1041,2025-03-12 21:54:55,174.05,Shell Gas,Los Angeles,Subscriptions,In-Store,44,Designer,0
TXN-001766,ACCT-1056,2025-08-03 19:18:48,215.13,Hilton,Philadelphia,Shopping,Online,39,Freelancer,0
TXN-001767,ACCT-1155,2025-06-11 14:23:09,262.5,United Airlines,Los Angeles,Transportation,Online,35,Accountant,0
TXN-001768,ACCT-1182,2025-04-06 09:21:55,384.86,McDonalds,Los Angeles,Subscriptions,Online,55,Lawyer,0
TXN-001769,ACCT-1023,2025-12-24 15:32:30,168.09,Airbnb,Dallas,Utilities,Online,39,Retired,0
TXN-001770,ACCT-1175,2025-08-14 17:53:21,620.74,Netflix,Los Angeles,Shopping,Online,59,Student,0
TXN-001771,ACCT-1002,2025-05-16 23:30:46,192.5,United Airlines,New York,Shopping,Online,26,Lawyer,0
TXN-001772,ACCT-1039,2025-02-21 09:33:32,271.05,McDonalds,San Antonio,Healthcare,Online,82,Accountant,0
TXN-001773,ACCT-1049,2025-05-02 16:19:55,227.88,Apple Store,Chicago,Transportation,In-Store,48,Accountant,0
TXN-001774,ACCT-1194,2025-10-31 09:24:25,125.84,Walgreens,San Diego,Transportation,Mobile App,84,Lawyer,0
TXN-001775,ACCT-1195,2025-12-06 03:24:21,292.38,Walmart,Houston,Education,In-Store,46,Retired,0
TXN-001776,ACCT-1085,2025-01-14 12:39:38,141.76,Hilton,Dallas,Travel,Online,38,Student,0
TXN-001777,ACCT-1028,2025-12-08 10:33:03,28.94,Kroger,Seattle,Utilities,Mobile App,23,Freelancer,0
TXN-001778,ACCT-1191,2025-01-24 09:34:23,523.24,Grubhub,San Francisco,Education,In-Store,61,Designer,0
TXN-001779,ACCT-1197,2025-06-23 00:08:00,64.28,Delta Airlines,Los Angeles,Education,Online,37,Student,0
TXN-001780,ACCT-1050,2025-06-01 11:37:24,130.31,CVS Pharmacy,Minneapolis,Entertainment,Online,43,Designer,0
TXN-001781,ACCT-1165,2025-09-18 13:53:11,18.68,Marriott,San Antonio,Healthcare,Online,22,Accountant,0
TXN-001782,ACCT-1155,2025-11-30 14:05:08,196.28,Lyft,Los Angeles,Travel,Mobile App,35,Accountant,0
TXN-001783,ACCT-1107,2025-10-29 10:03:27,418.41,Hilton,Austin,Transportation,In-Store,63,Student,0
TXN-001784,ACCT-1033,2025-08-15 13:30:42,96.0,Zara,Miami,Healthcare,Online,43,Teacher,0
TXN-001785,ACCT-1008,2025-07-23 10:46:17,106.38,Netflix,Los Angeles,Utilities,Online,28,Retired,0
TXN-001786,ACCT-1038,2025-01-14 22:10:46,345.14,Safeway,Chicago,Healthcare,Mobile App,42,Nurse,0
TXN-001787,ACCT-1037,2025-03-31 15:34:03,97.41,DoorDash,Atlanta,Gas,In-Store,18,Designer,0
TXN-001788,ACCT-1051,2025-08-21 09:41:35,225.29,Nike,Phoenix,Gas,In-Store,45,Chef,0
TXN-001789,ACCT-1171,2025-08-05 22:52:14,331.37,Trader Joes,Boston,Personal Care,Online,57,Doctor,0
TXN-001790,ACCT-1175,2025-02-09 14:42:20,483.51,Hilton,Los Angeles,Personal Care,ATM,59,Student,0
TXN-001791,ACCT-1009,2025-09-02 22:52:39,72.39,Nike,Austin,Education,Online,69,Analyst,0
TXN-001792,ACCT-1070,2025-09-22 18:52:49,307.43,Hilton,Portland,Transportation,Mobile App,56,Student,0
TXN-001793,ACCT-1185,2025-03-12 11:36:01,192.6,Marriott,New York,Travel,Online,58,Lawyer,0
TXN-001794,ACCT-1124,2025-12-30 17:39:29,177.37,Amazon,Miami,Shopping,Mobile App,33,Analyst,0
TXN-001795,ACCT-1095,2025-06-04 13:52:52,113.2,Nike,San Diego,Education,In-Store,81,Doctor,0
TXN-001796,ACCT-1042,2025-11-12 13:14:29,130.55,Shell Gas,Seattle,Personal Care,Mobile App,50,Sales Rep,0
TXN-001797,ACCT-1099,2025-08-19 13:10:55,107.53,Airbnb,Detroit,Entertainment,Mobile App,32,Sales Rep,0
TXN-001798,ACCT-1144,2025-03-16 14:28:51,223.28,Walgreens,San Antonio,Travel,In-Store,27,Chef,0
TXN-001799,ACCT-1072,2025-01-06 13:37:08,121.37,Shell Gas,San Diego,Personal Care,Online,53,Analyst,0
TXN-001800,ACCT-1184,2025-02-05 02:12:32,73.86,Trader Joes,Houston,Entertainment,Online,30,Analyst,0
TXN-001801,ACCT-1139,2025-09-04 11:36:59,112.38,Target,Los Angeles,Healthcare,In-Store,40,Driver,0
TXN-001802,ACCT-1123,2025-04-22 10:35:59,27.73,Marriott,San Diego,Groceries,In-Store,37,Lawyer,0
TXN-001803,ACCT-1076,2025-05-17 12:15:41,14.27,Grubhub,Portland,Education,Online,18,Teacher,0
TXN-001804,ACCT-1051,2025-03-04 19:21:54,457.22,Nike,Phoenix,Personal Care,In-Store,45,Chef,0
TXN-001805,ACCT-1126,2025-01-19 15:04:23,175.83,Trader Joes,Denver,Shopping,Online,30,Driver,0
TXN-001806,ACCT-1068,2025-09-09 18:45:32,16.45,Trader Joes,Atlanta,Entertainment,Online,22,Accountant,0
TXN-001807,ACCT-1031,2025-01-17 11:26:47,100.92,DoorDash,San Antonio,Entertainment,Mobile App,71,Doctor,0
TXN-001808,ACCT-1108,2025-12-11 09:11:53,113.13,CVS Pharmacy,San Francisco,Education,In-Store,34,Retired,0
TXN-001809,ACCT-1151,2025-02-08 18:08:06,233.96,Trader Joes,Boston,Utilities,Mobile App,36,Retired,1
TXN-001810,ACCT-1088,2025-01-03 16:16:28,124.3,Kroger,Phoenix,Entertainment,Mobile App,33,Designer,0
TXN-001811,ACCT-1019,2025-10-05 13:05:50,135.33,Airbnb,Detroit,Education,Online,41,Lawyer,0
TXN-001812,ACCT-1133,2025-03-16 16:44:44,49.02,Grubhub,Portland,Transportation,Online,19,Student,0
TXN-001813,ACCT-1191,2025-09-07 17:32:58,416.01,Grubhub,San Francisco,Entertainment,Mobile App,61,Designer,0
TXN-001814,ACCT-1139,2025-11-02 11:35:47,159.91,CVS Pharmacy,Los Angeles,Gas,Mobile App,40,Driver,0
TXN-001815,ACCT-1048,2025-06-13 10:21:34,58.54,United Airlines,San Antonio,Personal Care,In-Store,25,Lawyer,0
TXN-001816,ACCT-1140,2025-03-30 23:38:55,44.13,Whole Foods,Atlanta,Gas,Mobile App,24,Teacher,0
TXN-001817,ACCT-1055,2025-01-30 08:17:12,464.6,Lyft,Denver,Utilities,Online,46,Nurse,0
TXN-001818,ACCT-1037,2025-05-16 21:03:20,23.9,Uber,Atlanta,Entertainment,Mobile App,18,Designer,0
TXN-001819,ACCT-1108,2025-07-30 14:39:50,62.1,Marriott,San Francisco,Personal Care,In-Store,34,Retired,0
TXN-001820,ACCT-1009,2025-06-28 12:32:24,95.22,Nike,Austin,Utilities,In-Store,69,Analyst,0
TXN-001821,ACCT-1128,2025-07-27 18:38:46,20.18,Target,Denver,Utilities,In-Store,21,Engineer,0
TXN-001822,ACCT-1181,2025-02-17 16:40:21,68.84,Starbucks,Detroit,Entertainment,Online,48,Manager,0
TXN-001823,ACCT-1177,2025-01-04 19:36:41,13.79,Airbnb,Portland,Subscriptions,Phone,24,Teacher,0
TXN-001824,ACCT-1153,2025-10-05 09:16:43,52.34,Zara,Los Angeles,Groceries,In-Store,33,Lawyer,0
TXN-001825,ACCT-1174,2025-01-11 11:13:34,227.24,Spotify,San Francisco,Travel,Online,34,Retired,0
TXN-001826,ACCT-1008,2025-09-25 10:10:17,91.05,Netflix,Nashville,Education,Phone,28,Retired,0
TXN-001827,ACCT-1177,2025-09-19 04:16:55,18.98,Home Depot,Portland,Utilities,In-Store,24,Teacher,0
TXN-001828,ACCT-1139,2025-11-27 15:28:58,48.55,Target,Los Angeles,Travel,Online,40,Driver,0
TXN-001829,ACCT-1076,2025-12-10 12:53:13,30.66,Grubhub,Portland,Healthcare,Phone,18,Teacher,0
TXN-001830,ACCT-1129,2025-02-17 14:31:23,24.43,Netflix,Chicago,Travel,Online,32,Sales Rep,0
TXN-001831,ACCT-1178,2025-09-05 15:45:53,684.76,Amazon,Chicago,Subscriptions,Phone,59,Retired,0
TXN-001832,ACCT-1028,2025-10-10 15:46:09,32.72,Hilton,Seattle,Gas,Online,23,Freelancer,0
TXN-001833,ACCT-1009,2025-09-03 11:43:49,70.9,Nike,Austin,Gas,In-Store,69,Analyst,0
TXN-001834,ACCT-1100,2025-09-09 15:37:47,98.34,Marriott,Phoenix,Groceries,Phone,80,Manager,0
TXN-001835,ACCT-1122,2025-04-25 15:28:44,149.73,CVS Pharmacy,Portland,Travel,In-Store,34,Retired,0
TXN-001836,ACCT-1092,2025-02-08 23:02:55,177.2,Shell Gas,Minneapolis,Utilities,ATM,32,Accountant,0
TXN-001837,ACCT-1070,2025-07-05 13:00:51,177.05,Netflix,Portland,Entertainment,In-Store,56,Student,0
TXN-001838,ACCT-1175,2025-11-26 12:11:55,361.75,DoorDash,Austin,Travel,Online,59,Student,0
TXN-001839,ACCT-1143,2025-11-07 15:52:24,176.84,Kroger,Nashville,Entertainment,Mobile App,76,Retired,0
TXN-001840,ACCT-1092,2025-10-28 22:49:26,86.51,Shell Gas,Minneapolis,Transportation,Online,32,Accountant,0
TXN-001841,ACCT-1114,2025-08-22 16:30:13,18.93,Walmart,Detroit,Shopping,In-Store,65,Teacher,0
TXN-001842,ACCT-1077,2025-07-05 08:57:29,70.84,Chevron,Seattle,Gas,ATM,80,Driver,0
TXN-001843,ACCT-1155,2025-08-31 13:11:01,143.32,Shell Gas,Los Angeles,Personal Care,Mobile App,35,Accountant,0
TXN-001844,ACCT-1046,2025-01-18 19:11:56,129.04,Safeway,New York,Personal Care,Phone,27,Driver,0
TXN-001845,ACCT-1035,2025-05-01 06:51:43,44.29,Best Buy,San Diego,Shopping,Online,36,Chef,0
TXN-001846,ACCT-1162,2025-06-22 12:19:47,540.77,Kroger,Denver,Entertainment,Online,58,Retired,0
TXN-001847,ACCT-1008,2025-11-21 21:37:43,54.96,Chevron,Nashville,Personal Care,In-Store,28,Retired,0
TXN-001848,ACCT-1004,2025-01-28 16:13:38,205.09,DoorDash,Denver,Transportation,Mobile App,28,Designer,0
TXN-001849,ACCT-1104,2025-08-30 14:52:30,102.6,Uber,Dallas,Travel,Online,24,Engineer,0
TXN-001850,ACCT-1033,2025-12-29 14:40:24,77.3,Best Buy,Miami,Shopping,Mobile App,43,Teacher,0
TXN-001851,ACCT-1072,2025-01-29 10:01:46,297.78,Walmart,San Diego,Entertainment,Online,53,Analyst,0
TXN-001852,ACCT-1154,2025-06-16 14:58:01,191.73,Home Depot,San Diego,Education,In-Store,34,Teacher,0
TXN-001853,ACCT-1075,2025-10-13 19:42:52,73.33,Uber,Denver,Entertainment,Online,81,Accountant,0
TXN-001854,ACCT-1107,2025-06-14 13:17:19,295.34,Uber,Austin,Groceries,Online,63,Student,0
TXN-001855,ACCT-1042,2025-05-13 07:07:20,126.05,United Airlines,Seattle,Utilities,In-Store,50,Sales Rep,0
TXN-001856,ACCT-1119,2025-07-22 20:13:44,227.21,Safeway,Boston,Shopping,ATM,41,Designer,0
TXN-001857,ACCT-1051,2025-01-05 18:19:19,183.99,Nike,Phoenix,Education,In-Store,45,Chef,0
TXN-001858,ACCT-1098,2025-12-06 23:51:06,188.64,Hilton,Houston,Healthcare,ATM,37,Sales Rep,0
TXN-001859,ACCT-1068,2025-06-01 16:33:36,28.49,Nike,Atlanta,Utilities,In-Store,22,Accountant,0
TXN-001860,ACCT-1102,2025-07-12 21:50:21,100.8,Shell Gas,Miami,Shopping,Online,30,Accountant,0
TXN-001861,ACCT-1043,2025-07-02 11:49:53,105.69,McDonalds,Atlanta,Groceries,ATM,34,Manager,0
TXN-001862,ACCT-1156,2025-09-23 11:54:27,12.15,Amazon,Atlanta,Education,Online,18,Sales Rep,0
TXN-001863,ACCT-1094,2025-08-07 16:04:45,171.12,Starbucks,San Francisco,Entertainment,Online,48,Driver,0
TXN-001864,ACCT-1104,2025-09-08 15:02:49,93.45,Uber,Minneapolis,Gas,In-Store,24,Engineer,0
TXN-001865,ACCT-1170,2025-04-01 00:47:27,740.96,Netflix,San Francisco,Gas,Online,60,Lawyer,0
TXN-001866,ACCT-1029,2025-07-30 13:15:49,171.26,CVS Pharmacy,New York,Education,Mobile App,32,Freelancer,0
TXN-001867,ACCT-1133,2025-07-25 16:08:45,54.33,Grubhub,Nashville,Utilities,ATM,19,Student,0
TXN-001868,ACCT-1032,2025-07-10 14:04:20,86.03,Hilton,New York,Gas,Online,34,Analyst,0
TXN-001869,ACCT-1065,2025-03-09 12:00:22,61.77,Netflix,Chicago,Personal Care,Mobile App,79,Analyst,0
TXN-001870,ACCT-1025,2025-07-08 11:02:45,96.15,Home Depot,New York,Shopping,In-Store,43,Chef,0
TXN-001871,ACCT-1163,2025-12-14 12:17:41,373.96,Zara,Seattle,Subscriptions,In-Store,48,Teacher,0
TXN-001872,ACCT-1019,2025-04-27 23:39:34,115.94,Netflix,Portland,Gas,Online,41,Lawyer,0
TXN-001873,ACCT-1195,2025-11-05 03:15:55,189.8,Walmart,Houston,Groceries,Online,46,Retired,0
TXN-001874,ACCT-1052,2025-12-02 22:54:32,130.1,Grubhub,Philadelphia,Travel,ATM,68,Accountant,0
TXN-001875,ACCT-1173,2025-08-08 18:41:28,210.2,Lyft,Chicago,Travel,Phone,44,Retired,0
TXN-001876,ACCT-1173,2025-04-22 17:20:55,92.67,Shell Gas,Chicago,Shopping,Mobile App,44,Retired,0
TXN-001877,ACCT-1038,2025-11-12 14:41:38,66.12,Home Depot,Chicago,Dining,Online,42,Nurse,0
TXN-001878,ACCT-1129,2025-03-10 22:53:11,15.22,Netflix,Chicago,Transportation,Mobile App,32,Sales Rep,0
TXN-001879,ACCT-1143,2025-09-21 08:11:19,62.16,Uber,Minneapolis,Groceries,ATM,76,Retired,0
TXN-001880,ACCT-1095,2025-12-25 12:15:55,90.5,Safeway,San Diego,Travel,Mobile App,81,Doctor,0
TXN-001881,ACCT-1059,2025-04-25 09:47:11,797.86,Apple Store,Los Angeles,Healthcare,In-Store,48,Doctor,0
TXN-001882,ACCT-1023,2025-04-28 08:49:20,97.6,Kroger,Dallas,Travel,ATM,39,Retired,0
TXN-001883,ACCT-1069,2025-04-03 13:39:09,88.93,Marriott,Minneapolis,Travel,In-Store,32,Manager,0
TXN-001884,ACCT-1101,2025-07-04 12:14:27,35.6,Airbnb,Minneapolis,Subscriptions,Online,24,Doctor,0
TXN-001885,ACCT-1071,2025-08-10 17:45:35,139.74,Home Depot,Nashville,Groceries,Mobile App,42,Analyst,0
TXN-001886,ACCT-1085,2025-07-06 15:09:58,307.34,Hilton,Dallas,Education,Online,38,Student,0
TXN-001887,ACCT-1054,2025-01-23 19:38:00,1057.72,UnknownVendor_X9,Karachi,Shopping,Online,80,Retired,1
TXN-001888,ACCT-1197,2025-05-01 12:35:32,49.36,Best Buy,Los Angeles,Utilities,In-Store,37,Student,0
TXN-001889,ACCT-1195,2025-12-13 17:16:09,167.22,DoorDash,Houston,Travel,Online,46,Retired,0
TXN-001890,ACCT-1006,2025-10-19 13:51:14,108.6,Walgreens,Atlanta,Education,In-Store,55,Nurse,0
TXN-001891,ACCT-1042,2025-01-07 09:05:19,30.44,Shell Gas,Seattle,Transportation,In-Store,50,Sales Rep,0
TXN-001892,ACCT-1183,2025-11-26 17:27:28,107.16,Uber,Portland,Dining,Online,60,Retired,0
TXN-001893,ACCT-1049,2025-10-29 15:09:30,156.05,DoorDash,Chicago,Dining,ATM,48,Accountant,0
TXN-001894,ACCT-1085,2025-05-21 19:50:08,180.17,Apple Store,Dallas,Subscriptions,Mobile App,38,Student,0
TXN-001895,ACCT-1071,2025-10-21 11:51:00,2000.0,Airbnb,Houston,Travel,Phone,42,Analyst,1
TXN-001896,ACCT-1155,2025-12-20 10:12:48,486.73,Lyft,Los Angeles,Shopping,In-Store,35,Accountant,0
TXN-001897,ACCT-1087,2025-01-11 09:24:22,268.5,Shell Gas,Seattle,Personal Care,Online,61,Manager,0
TXN-001898,ACCT-1025,2025-01-26 19:35:24,441.04,Shell Gas,Phoenix,Travel,In-Store,43,Chef,0
TXN-001899,ACCT-1032,2025-09-29 18:24:31,178.21,Best Buy,New York,Healthcare,In-Store,34,Analyst,0
TXN-001900,ACCT-1050,2025-03-14 13:29:26,220.52,Spotify,Minneapolis,Subscriptions,ATM,43,Designer,0
TXN-001901,ACCT-1137,2025-01-26 19:01:30,124.09,Marriott,Miami,Entertainment,Online,41,Lawyer,0
TXN-001902,ACCT-1026,2025-10-17 13:16:18,170.59,Shell Gas,Detroit,Subscriptions,In-Store,33,Lawyer,0
TXN-001903,ACCT-1075,2025-11-07 17:07:53,181.37,Nike,Denver,Utilities,In-Store,81,Accountant,0
TXN-001904,ACCT-1173,2025-03-18 22:04:54,175.85,Shell Gas,Chicago,Entertainment,In-Store,44,Retired,0
TXN-001905,ACCT-1073,2025-07-11 16:55:51,216.61,Chevron,Miami,Healthcare,Mobile App,34,Analyst,0
TXN-001906,ACCT-1017,2025-04-04 10:25:17,204.8,CVS Pharmacy,San Diego,Groceries,Online,76,Nurse,0
TXN-001907,ACCT-1079,2025-01-11 20:52:59,409.15,Marriott,Phoenix,Transportation,Mobile App,52,Retired,0
TXN-001908,ACCT-1150,2025-03-21 08:19:52,37.28,Grubhub,Atlanta,Transportation,Online,24,Manager,0
TXN-001909,ACCT-1022,2025-12-17 11:12:45,94.29,Shell Gas,Detroit,Subscriptions,In-Store,34,Analyst,0
TXN-001910,ACCT-1167,2025-07-24 14:14:14,313.28,Amazon,Seattle,Subscriptions,In-Store,57,Manager,0
TXN-001911,ACCT-1001,2025-02-19 15:50:07,282.07,Nike,Minneapolis,Education,Online,64,Nurse,0
TXN-001912,ACCT-1076,2025-07-14 14:15:44,11.55,Shell Gas,Portland,Gas,Mobile App,18,Teacher,0
TXN-001913,ACCT-1058,2025-01-28 17:46:00,156.43,Nike,San Diego,Subscriptions,Online,36,Designer,0
TXN-001914,ACCT-1088,2025-03-19 13:07:13,173.67,Kroger,Phoenix,Transportation,In-Store,33,Designer,0
TXN-001915,ACCT-1197,2025-03-28 19:54:00,2500.0,Apple Store,Seattle,Utilities,ATM,37,Student,1
TXN-001916,ACCT-1061,2025-08-04 11:58:01,382.48,Amazon,Boston,Transportation,Mobile App,50,Analyst,0
TXN-001917,ACCT-1138,2025-01-09 10:42:55,133.77,Best Buy,San Antonio,Travel,Mobile App,29,Accountant,0
TXN-001918,ACCT-1012,2025-04-07 13:37:00,92.62,Costco,Denver,Subscriptions,ATM,22,Teacher,0
TXN-001919,ACCT-1061,2025-05-24 15:03:20,143.81,Marriott,Boston,Education,Mobile App,50,Analyst,0
TXN-001920,ACCT-1052,2025-04-27 11:05:13,147.32,Target,Philadelphia,Shopping,Mobile App,68,Accountant,0
TXN-001921,ACCT-1186,2025-08-12 11:32:47,34.21,McDonalds,Dallas,Healthcare,ATM,19,Freelancer,0
TXN-001922,ACCT-1082,2025-01-25 16:22:06,59.59,Nike,Philadelphia,Subscriptions,Online,26,Driver,0
TXN-001923,ACCT-1010,2025-09-14 17:19:50,9.13,Home Depot,Philadelphia,Shopping,Online,19,Sales Rep,0
TXN-001924,ACCT-1156,2025-08-20 13:27:37,37.89,Airbnb,Atlanta,Travel,In-Store,18,Sales Rep,0
TXN-001925,ACCT-1186,2025-03-30 09:06:48,33.99,Hilton,Dallas,Shopping,Mobile App,19,Freelancer,0
TXN-001926,ACCT-1145,2025-03-08 10:31:03,52.18,Chevron,Phoenix,Transportation,In-Store,19,Chef,0
TXN-001927,ACCT-1032,2025-11-05 09:31:40,109.44,Hilton,New York,Entertainment,ATM,34,Analyst,0
TXN-001928,ACCT-1099,2025-01-23 14:05:54,74.07,Nike,Seattle,Transportation,Mobile App,32,Sales Rep,0
TXN-001929,ACCT-1086,2025-08-01 13:30:43,71.82,Hilton,Philadelphia,Groceries,Online,20,Manager,0
TXN-001930,ACCT-1131,2025-05-22 12:46:15,546.55,Costco,Dallas,Subscriptions,Online,34,Lawyer,0
TXN-001931,ACCT-1192,2025-02-05 11:23:38,346.5,CVS Pharmacy,San Antonio,Personal Care,ATM,56,Designer,0
TXN-001932,ACCT-1103,2025-11-22 10:12:43,30.25,Kroger,Miami,Education,In-Store,23,Sales Rep,0
TXN-001933,ACCT-1030,2025-10-17 22:13:58,310.54,Whole Foods,Seattle,Utilities,Online,48,Manager,0
TXN-001934,ACCT-1157,2025-10-11 08:08:42,323.42,Trader Joes,San Diego,Subscriptions,Mobile App,57,Lawyer,0
TXN-001935,ACCT-1198,2025-08-12 15:37:51,340.92,Delta Airlines,Houston,Education,Online,53,Engineer,0
TXN-001936,ACCT-1171,2025-11-08 18:39:22,177.69,Netflix,Boston,Shopping,Mobile App,57,Doctor,0
TXN-001937,ACCT-1105,2025-08-24 20:18:05,604.03,Nike,New York,Shopping,In-Store,51,Teacher,0
TXN-001938,ACCT-1068,2025-09-22 07:14:57,20.03,Chevron,Atlanta,Shopping,In-Store,22,Accountant,0
TXN-001939,ACCT-1005,2025-07-08 12:10:33,51.83,CVS Pharmacy,Phoenix,Travel,Mobile App,24,Student,0
TXN-001940,ACCT-1076,2025-01-01 18:15:48,10.78,Shell Gas,Portland,Groceries,Online,18,Teacher,0
TXN-001941,ACCT-1055,2025-08-10 22:48:13,131.4,Starbucks,Denver,Gas,In-Store,46,Nurse,0
TXN-001942,ACCT-1152,2025-10-16 17:10:55,586.92,Lyft,San Diego,Subscriptions,Online,58,Chef,0
TXN-001943,ACCT-1129,2025-01-12 16:55:45,62.64,Chevron,Chicago,Transportation,ATM,32,Sales Rep,0
TXN-001944,ACCT-1174,2025-05-14 21:03:44,200.75,Spotify,San Francisco,Transportation,In-Store,34,Retired,0
TXN-001945,ACCT-1091,2025-07-26 13:18:39,79.09,Apple Store,Phoenix,Subscriptions,Mobile App,36,Manager,0
TXN-001946,ACCT-1106,2025-08-14 10:19:54,26.73,Nike,Seattle,Shopping,Online,23,Retired,0
TXN-001947,ACCT-1065,2025-06-29 09:08:16,22.85,CVS Pharmacy,Chicago,Education,ATM,79,Analyst,0
TXN-001948,ACCT-1188,2025-02-28 18:37:38,27.56,Apple Store,New York,Subscriptions,Online,23,Sales Rep,0
TXN-001949,ACCT-1175,2025-12-23 07:42:00,2000.0,Chevron,San Diego,Utilities,Phone,59,Student,1
TXN-001950,ACCT-1188,2025-08-04 14:40:37,34.08,Starbucks,New York,Subscriptions,In-Store,23,Sales Rep,0
TXN-001951,ACCT-1171,2025-07-26 18:58:36,177.95,Nike,Boston,Travel,Online,57,Doctor,0
TXN-001952,ACCT-1073,2025-03-01 11:34:25,190.38,Trader Joes,Portland,Groceries,Online,34,Analyst,0
TXN-001953,ACCT-1196,2025-01-06 19:32:17,292.33,Target,Los Angeles,Entertainment,In-Store,48,Freelancer,0
TXN-001954,ACCT-1113,2025-07-26 15:06:32,48.25,Starbucks,Houston,Gas,Online,41,Designer,0
TXN-001955,ACCT-1118,2025-06-04 22:56:10,162.01,Walgreens,Detroit,Transportation,In-Store,37,Designer,0
TXN-001956,ACCT-1075,2025-12-01 13:10:54,180.03,DoorDash,Denver,Gas,In-Store,81,Accountant,0
TXN-001957,ACCT-1033,2025-10-16 12:08:13,178.54,Shell Gas,Miami,Transportation,Online,43,Teacher,0
TXN-001958,ACCT-1010,2025-03-10 07:48:01,26.43,Home Depot,Philadelphia,Shopping,Phone,19,Sales Rep,0
TXN-001959,ACCT-1065,2025-02-26 23:35:50,53.82,Safeway,Chicago,Travel,In-Store,79,Analyst,0
TXN-001960,ACCT-1102,2025-01-05 06:56:00,5000.0,Chevron,Houston,Shopping,Online,30,Accountant,1
TXN-001961,ACCT-1167,2025-11-03 16:12:27,241.3,Amazon,Seattle,Gas,Online,57,Manager,0
TXN-001962,ACCT-1019,2025-10-25 11:55:23,65.15,Uber,Chicago,Shopping,In-Store,41,Lawyer,0
TXN-001963,ACCT-1172,2025-04-12 10:58:27,34.6,Whole Foods,Austin,Education,ATM,25,Nurse,0
TXN-001964,ACCT-1142,2025-01-10 13:48:13,81.44,Target,Los Angeles,Gas,Online,36,Analyst,0
TXN-001965,ACCT-1126,2025-08-04 12:35:57,207.88,Starbucks,Portland,Utilities,Online,30,Driver,0
TXN-001966,ACCT-1090,2025-07-27 15:35:03,65.8,Walgreens,Dallas,Gas,Online,24,Retired,0
TXN-001967,ACCT-1069,2025-11-21 11:34:53,156.4,Marriott,Nashville,Healthcare,Online,32,Manager,0
TXN-001968,ACCT-1007,2025-04-30 15:10:52,123.94,Netflix,Atlanta,Transportation,In-Store,66,Sales Rep,0
TXN-001969,ACCT-1068,2025-03-16 11:06:42,13.81,Nike,Atlanta,Transportation,In-Store,22,Accountant,0
TXN-001970,ACCT-1035,2025-10-04 10:40:40,89.86,Amazon,Houston,Education,Online,36,Chef,0
TXN-001971,ACCT-1128,2025-12-11 10:32:52,135.64,Trader Joes,Denver,Healthcare,In-Store,21,Engineer,0
TXN-001972,ACCT-1109,2025-10-12 16:12:47,43.25,Shell Gas,Nashville,Healthcare,In-Store,42,Student,0
TXN-001973,ACCT-1126,2025-12-10 10:30:06,116.59,Starbucks,Portland,Subscriptions,Mobile App,30,Driver,0
TXN-001974,ACCT-1132,2025-03-26 15:09:01,342.14,Grubhub,Miami,Gas,Phone,54,Manager,0
TXN-001975,ACCT-1179,2025-06-10 21:28:18,45.39,Best Buy,Nashville,Utilities,In-Store,41,Engineer,0
TXN-001976,ACCT-1101,2025-05-23 10:43:08,72.2,Spotify,Minneapolis,Transportation,ATM,24,Doctor,0
TXN-001977,ACCT-1052,2025-03-21 10:29:59,101.02,Target,Philadelphia,Groceries,In-Store,68,Accountant,0
TXN-001978,ACCT-1134,2025-08-09 10:16:04,686.14,Spotify,Miami,Subscriptions,Mobile App,56,Student,0
TXN-001979,ACCT-1181,2025-12-06 13:37:03,126.76,Target,Detroit,Gas,Online,48,Manager,0
TXN-001980,ACCT-1019,2025-12-04 13:51:02,261.13,McDonalds,Chicago,Travel,Online,41,Lawyer,0
TXN-001981,ACCT-1059,2025-01-02 18:16:59,495.23,Uber,Denver,Personal Care,Mobile App,48,Doctor,0
TXN-001982,ACCT-1194,2025-02-21 07:47:53,197.48,Walgreens,San Diego,Shopping,Online,84,Lawyer,0
TXN-001983,ACCT-1087,2025-04-01 08:31:44,208.7,Hilton,Seattle,Entertainment,Online,61,Manager,0
TXN-001984,ACCT-1072,2025-04-26 07:29:18,460.79,Walmart,San Diego,Travel,In-Store,53,Analyst,0
TXN-001985,ACCT-1076,2025-06-12 16:39:04,11.09,Walmart,Portland,Dining,In-Store,18,Teacher,0
TXN-001986,ACCT-1137,2025-01-25 17:11:50,77.19,Walmart,Miami,Healthcare,Mobile App,41,Lawyer,0
TXN-001987,ACCT-1029,2025-12-16 09:23:31,203.31,Shell Gas,New York,Healthcare,Mobile App,32,Freelancer,0
TXN-001988,ACCT-1172,2025-12-29 17:39:19,39.38,Whole Foods,Austin,Shopping,In-Store,25,Nurse,0
TXN-001989,ACCT-1098,2025-10-08 17:19:02,73.74,Kroger,Houston,Personal Care,In-Store,37,Sales Rep,0
TXN-001990,ACCT-1043,2025-05-15 09:24:16,180.62,Amazon,Atlanta,Dining,Online,34,Manager,0
TXN-001991,ACCT-1097,2025-10-08 05:08:33,242.65,Starbucks,Los Angeles,Personal Care,Mobile App,52,Teacher,0
TXN-001992,ACCT-1106,2025-02-18 14:59:03,37.65,Nike,Seattle,Dining,Online,23,Retired,0
TXN-001993,ACCT-1179,2025-05-02 13:05:43,36.67,Best Buy,Nashville,Dining,Mobile App,41,Engineer,0
TXN-001994,ACCT-1069,2025-12-04 11:34:26,54.1,Netflix,Minneapolis,Subscriptions,In-Store,32,Manager,0
TXN-001995,ACCT-1058,2025-10-31 13:48:02,110.34,Whole Foods,San Diego,Subscriptions,In-Store,36,Designer,0
TXN-001996,ACCT-1073,2025-02-15 12:18:46,126.45,Uber,Miami,Entertainment,In-Store,34,Analyst,0
TXN-001997,ACCT-1003,2025-04-10 15:04:18,114.41,Whole Foods,San Antonio,Personal Care,In-Store,73,Engineer,0
TXN-001998,ACCT-1093,2025-05-03 15:54:24,106.54,Apple Store,Boston,Education,In-Store,41,Chef,0
TXN-001999,ACCT-1124,2025-06-06 11:34:12,414.22,Costco,Miami,Education,In-Store,33,Analyst,0
TXN-002000,ACCT-1150,2025-06-30 08:03:45,29.17,Grubhub,Atlanta,Utilities,Online,24,Manager,0
TXN-002001,ACCT-1080,2025-12-22 11:15:32,119.86,Uber,Seattle,Transportation,Phone,79,Freelancer,0
TXN-002002,ACCT-1167,2025-11-14 21:33:14,127.65,Hilton,Los Angeles,Shopping,In-Store,57,Manager,0
TXN-002003,ACCT-1173,2025-12-25 09:54:23,93.71,Spotify,Chicago,Healthcare,Online,44,Retired,0
TXN-002004,ACCT-1037,2025-04-19 13:51:21,61.69,DoorDash,Atlanta,Transportation,Phone,18,Designer,0
TXN-002005,ACCT-1026,2025-04-03 11:54:27,250.96,Shell Gas,Detroit,Healthcare,Mobile App,33,Lawyer,0
TXN-002006,ACCT-1114,2025-07-03 14:12:42,17.23,Walmart,Detroit,Subscriptions,Online,65,Teacher,0
TXN-002007,ACCT-1015,2025-05-24 14:50:55,94.65,Best Buy,Nashville,Personal Care,ATM,43,Lawyer,0
TXN-002008,ACCT-1170,2025-06-02 15:02:21,354.75,Home Depot,San Francisco,Healthcare,Online,60,Lawyer,0
TXN-002009,ACCT-1084,2025-04-02 16:45:06,25.75,Target,Dallas,Dining,Online,24,Engineer,0
TXN-002010,ACCT-1062,2025-11-22 16:02:34,951.56,Grubhub,Chicago,Healthcare,Phone,52,Student,0
TXN-002011,ACCT-1184,2025-11-19 02:57:02,52.4,Chevron,Seattle,Personal Care,In-Store,30,Analyst,0
TXN-002012,ACCT-1128,2025-06-24 19:21:23,27.74,Lyft,Denver,Shopping,Online,21,Engineer,0
TXN-002013,ACCT-1098,2025-01-22 12:46:11,304.23,Home Depot,Houston,Utilities,In-Store,37,Sales Rep,0
TXN-002014,ACCT-1184,2025-10-01 23:47:40,51.88,Zara,Seattle,Gas,Mobile App,30,Analyst,0
TXN-002015,ACCT-1024,2025-10-09 08:37:41,105.1,Amazon,Portland,Gas,In-Store,44,Lawyer,0
TXN-002016,ACCT-1177,2025-11-12 08:07:49,16.5,Safeway,Portland,Healthcare,Mobile App,24,Teacher,0
TXN-002017,ACCT-1015,2025-04-27 21:04:42,55.55,Walgreens,Minneapolis,Personal Care,ATM,43,Lawyer,0
TXN-002018,ACCT-1143,2025-04-14 12:04:50,76.07,Walgreens,Minneapolis,Shopping,In-Store,76,Retired,0
TXN-002019,ACCT-1094,2025-11-30 06:13:47,350.15,Hilton,San Francisco,Education,Mobile App,48,Driver,0
TXN-002020,ACCT-1040,2025-07-18 17:19:38,91.23,Zara,New York,Dining,Online,29,Driver,0
TXN-002021,ACCT-1140,2025-01-27 18:55:38,72.4,Walmart,Nashville,Entertainment,In-Store,24,Teacher,0
TXN-002022,ACCT-1198,2025-03-17 16:01:46,368.14,Delta Airlines,Houston,Entertainment,Online,53,Engineer,0
TXN-002023,ACCT-1118,2025-10-18 11:50:44,151.41,Walgreens,Detroit,Utilities,Phone,37,Designer,0
TXN-002024,ACCT-1056,2025-07-12 17:15:33,78.07,Lyft,Philadelphia,Education,In-Store,39,Freelancer,0
TXN-002025,ACCT-1154,2025-06-13 08:10:04,179.15,DoorDash,San Diego,Personal Care,Online,34,Teacher,0
TXN-002026,ACCT-1179,2025-01-10 10:57:36,50.47,Zara,Nashville,Education,In-Store,41,Engineer,0
TXN-002027,ACCT-1009,2025-11-20 08:13:40,45.66,Costco,Austin,Healthcare,In-Store,69,Analyst,0
TXN-002028,ACCT-1154,2025-10-15 19:43:32,172.78,Home Depot,San Diego,Transportation,Online,34,Teacher,0
TXN-002029,ACCT-1183,2025-02-06 19:35:53,137.47,Whole Foods,Los Angeles,Gas,In-Store,60,Retired,0
TXN-002030,ACCT-1194,2025-07-22 16:42:15,138.28,Apple Store,San Diego,Education,Mobile App,84,Lawyer,0
TXN-002031,ACCT-1059,2025-03-19 13:49:47,359.54,CVS Pharmacy,Los Angeles,Dining,Mobile App,48,Doctor,0
TXN-002032,ACCT-1005,2025-09-13 12:39:55,12.03,CVS Pharmacy,Phoenix,Groceries,In-Store,24,Student,0
TXN-002033,ACCT-1114,2025-09-24 10:52:31,33.92,Nike,Los Angeles,Groceries,Phone,65,Teacher,0
TXN-002034,ACCT-1121,2025-03-06 07:59:33,82.45,Kroger,Houston,Healthcare,In-Store,35,Accountant,0
TXN-002035,ACCT-1189,2025-02-15 19:48:10,11.45,Chevron,Detroit,Healthcare,Online,23,Designer,0
TXN-002036,ACCT-1062,2025-11-18 08:39:49,303.14,Shell Gas,Chicago,Dining,Online,52,Student,0
TXN-002037,ACCT-1014,2025-01-08 19:53:10,213.64,Target,Detroit,Dining,Mobile App,54,Chef,0
TXN-002038,ACCT-1087,2025-11-27 19:13:45,527.35,Home Depot,Seattle,Gas,Online,61,Manager,0
TXN-002039,ACCT-1070,2025-06-13 17:26:05,157.83,Netflix,Portland,Transportation,ATM,56,Student,0
TXN-002040,ACCT-1100,2025-07-11 12:13:43,289.3,Walmart,Phoenix,Personal Care,Online,80,Manager,0
TXN-002041,ACCT-1133,2025-09-04 17:02:47,42.24,Safeway,Atlanta,Healthcare,In-Store,19,Student,0
TXN-002042,ACCT-1009,2025-11-20 13:37:10,143.43,Nike,Austin,Utilities,Online,69,Analyst,0
TXN-002043,ACCT-1063,2025-04-09 10:10:36,77.14,Airbnb,Austin,Dining,ATM,70,Driver,0
TXN-002044,ACCT-1109,2025-06-24 21:57:32,75.32,Best Buy,Nashville,Entertainment,Online,42,Student,0
TXN-002045,ACCT-1148,2025-09-01 08:48:05,48.43,Safeway,Houston,Personal Care,In-Store,23,Chef,0
TXN-002046,ACCT-1157,2025-09-29 16:54:48,286.52,Uber,San Diego,Gas,Online,57,Lawyer,0
TXN-002047,ACCT-1075,2025-09-17 14:35:40,340.34,Nike,New York,Gas,In-Store,81,Accountant,0
TXN-002048,ACCT-1160,2025-12-06 08:39:23,107.89,Costco,Denver,Subscriptions,Online,40,Nurse,0
TXN-002049,ACCT-1044,2025-08-03 10:18:49,67.82,Walgreens,Portland,Transportation,Online,73,Doctor,0
TXN-002050,ACCT-1027,2025-09-09 13:04:00,1643.96,Shell Gas,Houston,Shopping,Online,28,Sales Rep,1
TXN-002051,ACCT-1167,2025-12-19 09:22:20,165.88,Hilton,Seattle,Entertainment,Phone,57,Manager,0
TXN-002052,ACCT-1001,2025-04-15 21:30:40,362.87,Uber,Minneapolis,Groceries,In-Store,64,Nurse,0
TXN-002053,ACCT-1087,2025-05-09 08:45:43,368.91,Chevron,Seattle,Travel,In-Store,61,Manager,0
TXN-002054,ACCT-1177,2025-11-08 11:11:28,22.02,Airbnb,Portland,Entertainment,In-Store,24,Teacher,0
TXN-002055,ACCT-1078,2025-08-10 11:14:43,24.31,Spotify,Atlanta,Gas,ATM,24,Freelancer,0
TXN-002056,ACCT-1164,2025-12-30 12:11:43,126.96,Kroger,Seattle,Travel,In-Store,36,Freelancer,0
TXN-002057,ACCT-1144,2025-08-30 18:03:28,161.5,Apple Store,San Antonio,Personal Care,Mobile App,27,Chef,0
TXN-002058,ACCT-1120,2025-08-31 16:53:23,345.9,Kroger,Minneapolis,Transportation,ATM,54,Teacher,0
TXN-002059,ACCT-1100,2025-08-29 16:33:02,131.35,McDonalds,Phoenix,Dining,Online,80,Manager,0
TXN-002060,ACCT-1193,2025-05-14 16:32:18,164.6,United Airlines,San Diego,Personal Care,Mobile App,42,Sales Rep,0
TXN-002061,ACCT-1004,2025-11-24 18:55:19,146.68,DoorDash,Denver,Personal Care,ATM,28,Designer,0
TXN-002062,ACCT-1072,2025-01-17 22:02:05,155.06,Walmart,Los Angeles,Education,Mobile App,53,Analyst,0
TXN-002063,ACCT-1134,2025-07-10 13:46:20,1326.14,Whole Foods,Miami,Education,Mobile App,56,Student,0
TXN-002064,ACCT-1141,2025-04-27 18:34:42,94.92,Safeway,San Antonio,Utilities,ATM,32,Engineer,0
TXN-002065,ACCT-1104,2025-11-28 10:11:16,160.46,Walmart,Dallas,Healthcare,Mobile App,24,Engineer,0
TXN-002066,ACCT-1009,2025-01-24 13:02:15,75.55,Costco,Austin,Travel,Online,69,Analyst,0
TXN-002067,ACCT-1013,2025-08-09 09:54:14,58.89,DoorDash,Houston,Gas,Online,45,Driver,0
TXN-002068,ACCT-1086,2025-10-23 06:28:41,16.43,Zara,Philadelphia,Travel,Online,20,Manager,0
TXN-002069,ACCT-1081,2025-03-30 09:18:02,84.64,Best Buy,Seattle,Utilities,ATM,77,Accountant,0
TXN-002070,ACCT-1195,2025-07-10 22:45:28,479.5,DoorDash,Houston,Groceries,Mobile App,46,Retired,0
TXN-002071,ACCT-1071,2025-10-10 15:46:13,139.73,Airbnb,Nashville,Gas,In-Store,42,Analyst,0
TXN-002072,ACCT-1046,2025-01-17 11:59:06,121.82,Safeway,Atlanta,Healthcare,In-Store,27,Driver,0
TXN-002073,ACCT-1153,2025-07-15 15:21:11,82.44,McDonalds,Los Angeles,Shopping,In-Store,33,Lawyer,0
TXN-002074,ACCT-1065,2025-11-25 07:37:27,68.06,Safeway,Atlanta,Personal Care,Online,79,Analyst,0
TXN-002075,ACCT-1164,2025-11-20 22:13:43,75.53,Target,Seattle,Subscriptions,Mobile App,36,Freelancer,0
TXN-002076,ACCT-1054,2025-08-27 16:19:32,100.7,Airbnb,Nashville,Healthcare,Online,80,Retired,0
TXN-002077,ACCT-1098,2025-12-06 16:44:43,129.87,Kroger,Houston,Healthcare,Online,37,Sales Rep,0
TXN-002078,ACCT-1097,2025-02-02 07:59:18,357.95,Shell Gas,Los Angeles,Utilities,Mobile App,52,Teacher,0
TXN-002079,ACCT-1019,2025-07-16 18:43:51,90.98,Costco,Chicago,Utilities,In-Store,41,Lawyer,0
TXN-002080,ACCT-1155,2025-12-19 13:31:06,135.05,Amazon,Los Angeles,Travel,In-Store,35,Accountant,0
TXN-002081,ACCT-1183,2025-02-20 11:57:00,1131.98,OffshorePay Inc,Tirana,Shopping,Online,60,Retired,1
TXN-002082,ACCT-1094,2025-07-08 20:15:00,143.68,Trader Joes,San Francisco,Transportation,In-Store,48,Driver,0
TXN-002083,ACCT-1098,2025-07-09 22:34:21,113.79,Safeway,Houston,Dining,ATM,37,Sales Rep,0
TXN-002084,ACCT-1145,2025-06-22 11:22:49,39.94,Walgreens,Nashville,Utilities,Mobile App,19,Chef,0
TXN-002085,ACCT-1181,2025-12-06 21:56:48,155.93,Chevron,Detroit,Shopping,Mobile App,48,Manager,0
TXN-002086,ACCT-1144,2025-11-15 11:39:17,308.28,Safeway,San Antonio,Dining,In-Store,27,Chef,0
TXN-002087,ACCT-1127,2025-07-23 06:25:03,98.66,Target,Denver,Gas,Mobile App,32,Nurse,0
TXN-002088,ACCT-1178,2025-05-21 15:33:20,564.95,Grubhub,Chicago,Travel,In-Store,59,Retired,0
TXN-002089,ACCT-1157,2025-12-16 08:09:02,541.73,Amazon,Boston,Travel,Mobile App,57,Lawyer,0
TXN-002090,ACCT-1138,2025-01-24 22:39:04,269.41,Grubhub,Miami,Personal Care,ATM,29,Accountant,0
TXN-002091,ACCT-1096,2025-08-05 17:37:57,226.71,Shell Gas,New York,Dining,Online,30,Chef,0
TXN-002092,ACCT-1068,2025-10-20 11:15:55,28.39,Nike,Atlanta,Education,In-Store,22,Accountant,0
TXN-002093,ACCT-1185,2025-11-08 13:24:19,201.96,Whole Foods,New York,Groceries,Mobile App,58,Lawyer,0
TXN-002094,ACCT-1154,2025-08-27 15:16:28,115.61,Whole Foods,San Diego,Dining,Mobile App,34,Teacher,0
TXN-002095,ACCT-1142,2025-11-03 15:43:31,32.52,Home Depot,Los Angeles,Groceries,Mobile App,36,Analyst,0
TXN-002096,ACCT-1066,2025-12-03 05:01:04,56.27,Hilton,Chicago,Dining,Mobile App,38,Teacher,0
TXN-002097,ACCT-1051,2025-08-12 08:22:47,179.09,Safeway,Phoenix,Subscriptions,Mobile App,45,Chef,0
TXN-002098,ACCT-1190,2025-07-20 12:56:09,144.31,Chevron,Dallas,Education,In-Store,40,Teacher,0
TXN-002099,ACCT-1176,2025-03-15 20:41:58,197.54,Netflix,Boston,Utilities,In-Store,62,Designer,0
TXN-002100,ACCT-1023,2025-06-10 14:09:52,51.69,Walgreens,Dallas,Transportation,Online,39,Retired,0
TXN-002101,ACCT-1001,2025-07-16 22:12:10,106.77,United Airlines,Minneapolis,Dining,In-Store,64,Nurse,0
TXN-002102,ACCT-1111,2025-11-19 14:39:17,34.85,United Airlines,Houston,Gas,In-Store,22,Analyst,0
TXN-002103,ACCT-1155,2025-09-21 11:34:56,93.41,Amazon,Los Angeles,Entertainment,ATM,35,Accountant,0
TXN-002104,ACCT-1131,2025-10-05 13:54:16,143.0,Walmart,Dallas,Groceries,In-Store,34,Lawyer,0
TXN-002105,ACCT-1113,2025-04-07 07:22:57,78.23,Home Depot,Houston,Healthcare,ATM,41,Designer,0
TXN-002106,ACCT-1179,2025-03-09 18:46:14,50.06,Apple Store,Nashville,Utilities,ATM,41,Engineer,0
TXN-002107,ACCT-1175,2025-12-18 20:06:45,645.31,Airbnb,Los Angeles,Shopping,In-Store,59,Student,0
TXN-002108,ACCT-1126,2025-09-07 18:59:55,125.09,Starbucks,Portland,Travel,In-Store,30,Driver,0
TXN-002109,ACCT-1015,2025-01-17 22:31:56,90.23,Walgreens,Minneapolis,Shopping,ATM,43,Lawyer,0
TXN-002110,ACCT-1190,2025-05-16 10:48:43,82.96,Grubhub,Nashville,Personal Care,In-Store,40,Teacher,0
TXN-002111,ACCT-1103,2025-12-27 17:19:27,21.66,Chevron,Chicago,Groceries,ATM,23,Sales Rep,0
TXN-002112,ACCT-1011,2025-02-08 01:55:00,301.47,FastCash ATM Services,Atlanta,Entertainment,ATM,47,Doctor,1
TXN-002113,ACCT-1139,2025-01-05 01:25:28,115.48,Amazon,Los Angeles,Subscriptions,In-Store,40,Driver,0
TXN-002114,ACCT-1150,2025-04-15 19:14:29,22.46,Grubhub,Atlanta,Dining,In-Store,24,Manager,0
TXN-002115,ACCT-1083,2025-07-01 06:19:38,249.18,Starbucks,Detroit,Entertainment,Phone,52,Freelancer,0
TXN-002116,ACCT-1043,2025-05-04 07:35:48,171.56,United Airlines,Atlanta,Personal Care,In-Store,34,Manager,0
TXN-002117,ACCT-1138,2025-10-03 16:34:38,86.32,Amazon,Miami,Shopping,Online,29,Accountant,0
TXN-002118,ACCT-1140,2025-08-03 07:22:42,60.83,Whole Foods,San Diego,Gas,In-Store,24,Teacher,0
TXN-002119,ACCT-1182,2025-09-25 09:58:09,433.6,Safeway,Denver,Transportation,Phone,55,Lawyer,0
TXN-002120,ACCT-1108,2025-09-27 08:48:52,282.75,Marriott,San Francisco,Gas,Phone,34,Retired,0
TXN-002121,ACCT-1105,2025-04-25 16:07:31,521.12,Amazon,New York,Travel,In-Store,51,Teacher,0
TXN-002122,ACCT-1011,2025-03-19 21:44:08,290.98,Netflix,Atlanta,Healthcare,Phone,47,Doctor,0
TXN-002123,ACCT-1122,2025-12-22 10:06:08,122.46,CVS Pharmacy,Portland,Gas,In-Store,34,Retired,0
TXN-002124,ACCT-1059,2025-03-09 12:52:17,641.02,CVS Pharmacy,Los Angeles,Utilities,In-Store,48,Doctor,0
TXN-002125,ACCT-1134,2025-10-02 15:44:40,422.17,Whole Foods,Miami,Transportation,In-Store,56,Student,0
TXN-002126,ACCT-1128,2025-05-29 20:45:06,49.9,Trader Joes,Denver,Gas,In-Store,21,Engineer,0
TXN-002127,ACCT-1105,2025-06-05 18:12:58,245.59,Nike,New York,Transportation,ATM,51,Teacher,0
TXN-002128,ACCT-1133,2025-07-23 19:07:36,44.49,Grubhub,Seattle,Travel,In-Store,19,Student,0
TXN-002129,ACCT-1136,2025-04-22 12:17:32,346.05,Uber,Boston,Travel,Online,60,Sales Rep,0
TXN-002130,ACCT-1154,2025-03-13 16:51:01,94.87,Home Depot,San Diego,Healthcare,Online,34,Teacher,0
TXN-002131,ACCT-1048,2025-11-03 11:29:58,207.49,Spotify,San Antonio,Healthcare,Mobile App,25,Lawyer,0
TXN-002132,ACCT-1143,2025-06-23 13:30:59,63.95,Delta Airlines,Minneapolis,Shopping,Online,76,Retired,0
TXN-002133,ACCT-1001,2025-11-06 10:27:04,455.01,Zara,Minneapolis,Gas,Phone,64,Nurse,0
TXN-002134,ACCT-1076,2025-06-09 09:01:29,21.44,Shell Gas,Portland,Transportation,Online,18,Teacher,0
TXN-002135,ACCT-1093,2025-03-27 22:01:43,18.85,McDonalds,Boston,Personal Care,Online,41,Chef,0
TXN-002136,ACCT-1041,2025-02-17 21:11:59,193.05,Shell Gas,Los Angeles,Entertainment,Mobile App,44,Designer,0
TXN-002137,ACCT-1076,2025-09-19 19:53:01,24.76,Airbnb,Portland,Utilities,In-Store,18,Teacher,0
TXN-002138,ACCT-1169,2025-01-04 11:40:37,99.37,Spotify,Chicago,Transportation,In-Store,36,Designer,0
TXN-002139,ACCT-1006,2025-10-25 17:05:55,32.75,Starbucks,Atlanta,Entertainment,In-Store,55,Nurse,0
TXN-002140,ACCT-1169,2025-05-13 08:00:09,71.93,DoorDash,Chicago,Dining,Online,36,Designer,0
TXN-002141,ACCT-1095,2025-04-17 13:46:06,178.26,Safeway,Los Angeles,Education,In-Store,81,Doctor,0
TXN-002142,ACCT-1053,2025-04-19 15:33:10,32.09,Apple Store,Philadelphia,Dining,Online,20,Student,0
TXN-002143,ACCT-1001,2025-09-08 12:04:59,442.13,Nike,Detroit,Gas,Phone,64,Nurse,0
TXN-002144,ACCT-1160,2025-11-25 20:27:59,121.64,Marriott,Portland,Dining,Mobile App,40,Nurse,0
TXN-002145,ACCT-1141,2025-09-01 19:39:57,86.55,Netflix,San Diego,Dining,ATM,32,Engineer,0
TXN-002146,ACCT-1022,2025-01-09 16:36:04,46.83,Trader Joes,Detroit,Education,Online,34,Analyst,0
TXN-002147,ACCT-1052,2025-01-29 14:07:22,99.01,Hilton,Philadelphia,Transportation,ATM,68,Accountant,0
TXN-002148,ACCT-1190,2025-01-15 16:12:54,176.39,CVS Pharmacy,Nashville,Shopping,In-Store,40,Teacher,0
TXN-002149,ACCT-1191,2025-06-14 12:08:06,68.75,Nike,Austin,Gas,Mobile App,61,Designer,1
TXN-002150,ACCT-1031,2025-08-06 22:08:29,303.41,Chevron,San Antonio,Groceries,Mobile App,71,Doctor,0
TXN-002151,ACCT-1193,2025-09-12 08:56:53,66.2,Spotify,San Diego,Groceries,Online,42,Sales Rep,0
TXN-002152,ACCT-1029,2025-07-17 11:08:20,203.66,Shell Gas,New York,Transportation,Mobile App,32,Freelancer,0
TXN-002153,ACCT-1119,2025-02-12 15:52:19,49.78,Costco,Chicago,Gas,Phone,41,Designer,0
TXN-002154,ACCT-1089,2025-11-24 21:29:00,829.83,Delta Airlines,Dallas,Entertainment,In-Store,18,Driver,1
TXN-002155,ACCT-1010,2025-02-18 17:11:41,43.79,Home Depot,Philadelphia,Dining,ATM,19,Sales Rep,0
TXN-002156,ACCT-1143,2025-08-27 10:06:34,37.82,Kroger,Minneapolis,Transportation,In-Store,76,Retired,0
TXN-002157,ACCT-1049,2025-02-13 16:30:46,262.88,Delta Airlines,Chicago,Gas,Online,48,Accountant,0
TXN-002158,ACCT-1082,2025-08-18 12:21:59,124.95,Zara,Philadelphia,Healthcare,In-Store,26,Driver,0
TXN-002159,ACCT-1181,2025-05-06 12:52:47,188.38,Trader Joes,Detroit,Groceries,ATM,48,Manager,0
TXN-002160,ACCT-1167,2025-11-16 15:51:22,185.95,Hilton,Seattle,Entertainment,Phone,57,Manager,0
TXN-002161,ACCT-1091,2025-03-29 12:26:03,176.38,Whole Foods,Miami,Utilities,In-Store,36,Manager,0
TXN-002162,ACCT-1193,2025-12-11 09:18:12,72.13,United Airlines,San Diego,Dining,In-Store,42,Sales Rep,0
TXN-002163,ACCT-1135,2025-10-30 14:26:20,171.39,Chevron,Los Angeles,Utilities,In-Store,37,Driver,0
TXN-002164,ACCT-1100,2025-08-25 14:30:00,1000.0,Amazon,Tirana,Shopping,Phone,80,Manager,1
TXN-002165,ACCT-1074,2025-03-11 14:19:38,184.13,Netflix,Miami,Subscriptions,In-Store,42,Freelancer,0
TXN-002166,ACCT-1183,2025-01-23 11:34:52,147.62,Nike,Portland,Transportation,In-Store,60,Retired,0
TXN-002167,ACCT-1046,2025-06-28 13:07:13,135.85,Trader Joes,Atlanta,Dining,Online,27,Driver,0
TXN-002168,ACCT-1165,2025-11-01 00:23:35,26.66,Safeway,San Antonio,Entertainment,Online,22,Accountant,0
TXN-002169,ACCT-1119,2025-12-08 11:43:10,319.35,Zara,Boston,Travel,Online,41,Designer,0
TXN-002170,ACCT-1104,2025-05-08 03:37:32,100.89,United Airlines,Dallas,Subscriptions,Online,24,Engineer,0
TXN-002171,ACCT-1053,2025-08-03 14:03:48,32.84,Delta Airlines,Philadelphia,Entertainment,Mobile App,20,Student,0
TXN-002172,ACCT-1075,2025-11-05 12:17:16,167.74,Safeway,Denver,Entertainment,Online,81,Accountant,0
TXN-002173,ACCT-1034,2025-05-21 19:41:36,189.72,Amazon,Los Angeles,Healthcare,Online,41,Lawyer,0
TXN-002174,ACCT-1074,2025-03-06 11:10:06,261.88,Amazon,Portland,Gas,In-Store,42,Freelancer,0
TXN-002175,ACCT-1049,2025-08-08 12:13:12,235.55,Zara,Chicago,Personal Care,In-Store,48,Accountant,0
TXN-002176,ACCT-1156,2025-04-13 06:56:34,17.0,Amazon,Atlanta,Education,In-Store,18,Sales Rep,0
TXN-002177,ACCT-1012,2025-11-21 23:23:25,33.17,Walgreens,Denver,Travel,ATM,22,Teacher,0
TXN-002178,ACCT-1085,2025-08-15 06:34:44,136.29,Hilton,Dallas,Gas,Online,38,Student,0
TXN-002179,ACCT-1003,2025-10-03 12:34:51,88.55,Shell Gas,San Antonio,Utilities,Mobile App,73,Engineer,0
TXN-002180,ACCT-1147,2025-05-14 15:26:29,99.17,Walmart,Atlanta,Shopping,Online,75,Doctor,0
TXN-002181,ACCT-1074,2025-05-31 13:14:57,125.09,CVS Pharmacy,Miami,Personal Care,Mobile App,42,Freelancer,0
TXN-002182,ACCT-1167,2025-04-23 19:31:19,109.57,Hilton,Seattle,Subscriptions,Online,57,Manager,0
TXN-002183,ACCT-1047,2025-03-14 18:52:23,72.39,DoorDash,Dallas,Shopping,Mobile App,75,Sales Rep,0
TXN-002184,ACCT-1035,2025-05-05 16:38:54,134.84,Whole Foods,Houston,Education,Mobile App,36,Chef,0
TXN-002185,ACCT-1093,2025-04-01 21:24:43,40.5,Apple Store,Boston,Groceries,In-Store,41,Chef,0
TXN-002186,ACCT-1125,2025-09-05 23:47:38,351.51,Marriott,Atlanta,Entertainment,In-Store,61,Teacher,0
TXN-002187,ACCT-1173,2025-08-05 08:54:32,267.16,Lyft,Chicago,Transportation,Mobile App,44,Retired,0
TXN-002188,ACCT-1171,2025-06-09 15:48:57,357.14,Safeway,Boston,Utilities,ATM,57,Doctor,0
TXN-002189,ACCT-1037,2025-05-28 16:01:56,50.69,McDonalds,Atlanta,Transportation,In-Store,18,Designer,0
TXN-002190,ACCT-1089,2025-05-15 07:56:37,45.12,Netflix,Dallas,Gas,Mobile App,18,Driver,0
TXN-002191,ACCT-1104,2025-04-07 19:26:07,91.49,Walmart,Dallas,Subscriptions,Online,24,Engineer,0
TXN-002192,ACCT-1078,2025-05-17 11:30:33,25.76,Whole Foods,Houston,Entertainment,In-Store,24,Freelancer,0
TXN-002193,ACCT-1028,2025-01-03 13:40:04,21.62,Shell Gas,Seattle,Subscriptions,In-Store,23,Freelancer,0
TXN-002194,ACCT-1168,2025-01-12 18:04:57,25.94,Lyft,Boston,Subscriptions,Online,82,Teacher,0
TXN-002195,ACCT-1175,2025-03-06 08:36:57,172.82,Apple Store,Los Angeles,Utilities,Phone,59,Student,0
TXN-002196,ACCT-1008,2025-06-29 14:08:08,63.73,Shell Gas,Nashville,Gas,Online,28,Retired,0
TXN-002197,ACCT-1013,2025-02-15 10:43:22,210.03,McDonalds,Houston,Groceries,Online,45,Driver,0
TXN-002198,ACCT-1008,2025-01-27 19:20:03,138.79,Chevron,Nashville,Groceries,In-Store,28,Retired,0
TXN-002199,ACCT-1078,2025-03-21 12:33:19,50.03,Spotify,Houston,Utilities,In-Store,24,Freelancer,0
TXN-002200,ACCT-1124,2025-12-10 18:28:24,147.12,Airbnb,Miami,Groceries,Phone,33,Analyst,0
TXN-002201,ACCT-1128,2025-04-20 08:03:36,113.22,Target,San Antonio,Transportation,In-Store,21,Engineer,0
TXN-002202,ACCT-1046,2025-03-31 10:45:38,82.29,Trader Joes,Atlanta,Dining,In-Store,27,Driver,0
TXN-002203,ACCT-1093,2025-07-01 06:38:50,58.91,McDonalds,San Francisco,Groceries,In-Store,41,Chef,0
TXN-002204,ACCT-1176,2025-09-17 13:52:15,201.54,Kroger,Boston,Entertainment,Mobile App,62,Designer,0
TXN-002205,ACCT-1038,2025-04-24 18:22:24,53.4,Grubhub,Chicago,Gas,In-Store,42,Nurse,0
TXN-002206,ACCT-1086,2025-10-29 08:57:42,51.43,Netflix,Philadelphia,Groceries,Mobile App,20,Manager,0
TXN-002207,ACCT-1183,2025-04-18 08:21:34,190.84,Lyft,Portland,Gas,Mobile App,60,Retired,0
TXN-002208,ACCT-1071,2025-10-20 18:39:27,47.62,Shell Gas,Nashville,Shopping,Online,42,Analyst,0
TXN-002209,ACCT-1192,2025-04-07 07:06:00,110.45,GoldBullion Direct,Phnom Penh,Shopping,Online,56,Designer,1
TXN-002210,ACCT-1041,2025-04-20 18:19:05,167.41,Shell Gas,Chicago,Entertainment,In-Store,44,Designer,0
TXN-002211,ACCT-1188,2025-02-06 08:56:58,54.12,Apple Store,New York,Entertainment,In-Store,23,Sales Rep,0
TXN-002212,ACCT-1110,2025-04-21 17:51:34,41.79,Kroger,San Francisco,Groceries,Mobile App,34,Analyst,0
TXN-002213,ACCT-1001,2025-01-25 17:03:00,3591.35,Amazon,Minneapolis,Entertainment,In-Store,64,Nurse,1
TXN-002214,ACCT-1030,2025-09-19 20:17:58,220.27,Whole Foods,Seattle,Shopping,In-Store,48,Manager,0
TXN-002215,ACCT-1044,2025-08-20 10:56:27,56.97,Shell Gas,San Diego,Education,Online,73,Doctor,0
TXN-002216,ACCT-1144,2025-06-18 10:40:52,199.68,Walgreens,San Antonio,Groceries,In-Store,27,Chef,0
TXN-002217,ACCT-1078,2025-10-12 06:10:23,26.61,Whole Foods,Houston,Travel,ATM,24,Freelancer,0
TXN-002218,ACCT-1127,2025-01-20 07:15:02,44.9,Trader Joes,Denver,Transportation,In-Store,32,Nurse,0
TXN-002219,ACCT-1123,2025-03-14 08:18:51,38.06,DoorDash,San Diego,Entertainment,Online,37,Lawyer,0
TXN-002220,ACCT-1118,2025-06-16 14:27:17,246.53,Trader Joes,Philadelphia,Groceries,Online,37,Designer,0
TXN-002221,ACCT-1165,2025-11-13 13:02:23,20.09,Safeway,San Antonio,Shopping,ATM,22,Accountant,0
TXN-002222,ACCT-1134,2025-04-25 14:25:33,174.82,Walmart,Miami,Shopping,In-Store,56,Student,0
TXN-002223,ACCT-1191,2025-07-25 19:09:58,428.47,Delta Airlines,San Francisco,Gas,Online,61,Designer,0
TXN-002224,ACCT-1131,2025-10-21 22:18:29,139.69,Walgreens,Dallas,Healthcare,In-Store,34,Lawyer,0
TXN-002225,ACCT-1189,2025-03-04 22:06:26,32.87,Marriott,Detroit,Personal Care,Online,23,Designer,0
TXN-002226,ACCT-1031,2025-09-07 14:06:18,99.71,Whole Foods,Miami,Personal Care,Online,71,Doctor,1
TXN-002227,ACCT-1079,2025-08-17 06:14:20,302.32,Trader Joes,Phoenix,Healthcare,Online,52,Retired,0
TXN-002228,ACCT-1059,2025-12-23 20:13:09,197.13,Hilton,Los Angeles,Shopping,Online,48,Doctor,0
TXN-002229,ACCT-1017,2025-03-06 09:28:50,43.96,Whole Foods,San Diego,Groceries,ATM,76,Nurse,0
TXN-002230,ACCT-1087,2025-04-15 14:51:05,222.24,Chevron,Seattle,Personal Care,Mobile App,61,Manager,0
TXN-002231,ACCT-1074,2025-02-07 08:44:19,183.42,Kroger,Miami,Shopping,Online,42,Freelancer,0
TXN-002232,ACCT-1182,2025-04-21 09:31:06,276.19,Safeway,Denver,Travel,ATM,55,Lawyer,0
TXN-002233,ACCT-1183,2025-01-05 09:53:45,418.97,Starbucks,Portland,Dining,In-Store,60,Retired,0
TXN-002234,ACCT-1193,2025-11-17 17:52:49,104.89,Spotify,San Diego,Dining,Online,42,Sales Rep,0
TXN-002235,ACCT-1007,2025-10-19 11:22:18,203.97,Netflix,Atlanta,Travel,In-Store,66,Sales Rep,0
TXN-002236,ACCT-1055,2025-01-05 14:16:09,259.69,Netflix,Denver,Healthcare,Online,46,Nurse,0
TXN-002237,ACCT-1040,2025-05-03 19:43:29,159.75,Apple Store,Philadelphia,Groceries,Online,29,Driver,0
TXN-002238,ACCT-1106,2025-03-23 18:53:23,20.32,Nike,Seattle,Entertainment,In-Store,23,Retired,0
TXN-002239,ACCT-1148,2025-01-25 20:27:38,35.54,Safeway,Houston,Groceries,Online,23,Chef,0
TXN-002240,ACCT-1193,2025-04-07 04:27:38,45.11,Spotify,San Diego,Groceries,Mobile App,42,Sales Rep,0
TXN-002241,ACCT-1156,2025-05-14 08:11:42,50.01,Zara,Atlanta,Travel,Phone,18,Sales Rep,0
TXN-002242,ACCT-1185,2025-04-11 14:17:59,267.59,Whole Foods,New York,Utilities,In-Store,58,Lawyer,0
TXN-002243,ACCT-1124,2025-12-21 15:39:08,195.39,Costco,Miami,Transportation,Online,33,Analyst,0
TXN-002244,ACCT-1026,2025-07-17 15:57:57,153.29,Chevron,Detroit,Dining,Online,33,Lawyer,0
TXN-002245,ACCT-1072,2025-06-14 11:39:55,343.43,Whole Foods,San Diego,Education,Online,53,Analyst,0
TXN-002246,ACCT-1185,2025-09-21 22:43:21,276.34,McDonalds,New York,Utilities,Online,58,Lawyer,0
TXN-002247,ACCT-1089,2025-05-20 12:09:08,64.94,Whole Foods,Dallas,Healthcare,ATM,18,Driver,0
TXN-002248,ACCT-1067,2025-02-22 12:55:21,146.3,Costco,Boston,Entertainment,Online,62,Doctor,0
TXN-002249,ACCT-1129,2025-10-16 21:03:57,52.16,Kroger,Chicago,Entertainment,In-Store,32,Sales Rep,0
TXN-002250,ACCT-1023,2025-06-21 13:01:20,76.14,Marriott,Dallas,Healthcare,Online,39,Retired,0
TXN-002251,ACCT-1028,2025-10-25 17:02:24,40.64,Airbnb,Seattle,Utilities,ATM,23,Freelancer,0
TXN-002252,ACCT-1067,2025-11-10 12:29:22,523.14,Costco,Boston,Transportation,Online,62,Doctor,0
TXN-002253,ACCT-1190,2025-03-22 11:00:33,164.35,Airbnb,Nashville,Groceries,Mobile App,40,Teacher,0
TXN-002254,ACCT-1057,2025-09-14 13:07:15,81.42,Home Depot,Seattle,Gas,Online,55,Analyst,0
TXN-002255,ACCT-1044,2025-01-25 13:14:07,37.8,Walgreens,Portland,Subscriptions,Mobile App,73,Doctor,0
TXN-002256,ACCT-1073,2025-07-06 11:33:48,149.71,Uber,Miami,Groceries,Mobile App,34,Analyst,0
TXN-002257,ACCT-1070,2025-08-20 18:06:46,352.91,Walmart,Portland,Utilities,Online,56,Student,0
TXN-002258,ACCT-1035,2025-10-09 10:43:03,210.44,Whole Foods,Houston,Gas,Mobile App,36,Chef,0
TXN-002259,ACCT-1035,2025-02-24 13:25:56,139.94,Whole Foods,Houston,Entertainment,ATM,36,Chef,0
TXN-002260,ACCT-1147,2025-11-03 13:37:09,96.9,Walmart,Atlanta,Personal Care,Mobile App,75,Doctor,0
TXN-002261,ACCT-1107,2025-08-05 11:55:03,318.36,Spotify,Denver,Healthcare,In-Store,63,Student,0
TXN-002262,ACCT-1140,2025-01-21 18:12:18,13.11,Costco,Detroit,Entertainment,In-Store,24,Teacher,0
TXN-002263,ACCT-1163,2025-02-16 12:45:00,772.12,OffshorePay Inc,Tirana,Travel,Online,48,Teacher,1
TXN-002264,ACCT-1139,2025-06-28 21:46:30,144.14,Whole Foods,Los Angeles,Groceries,Online,40,Driver,0
TXN-002265,ACCT-1038,2025-09-04 08:58:47,139.13,Trader Joes,Chicago,Travel,Online,42,Nurse,0
TXN-002266,ACCT-1144,2025-05-26 14:36:59,139.02,Walgreens,San Antonio,Groceries,Mobile App,27,Chef,0
TXN-002267,ACCT-1121,2025-09-10 17:04:17,178.86,Whole Foods,New York,Groceries,Mobile App,35,Accountant,0
TXN-002268,ACCT-1122,2025-01-30 18:25:18,164.15,Kroger,Portland,Subscriptions,Online,34,Retired,0
TXN-002269,ACCT-1168,2025-07-05 17:31:37,50.08,Target,Minneapolis,Entertainment,In-Store,82,Teacher,0
TXN-002270,ACCT-1160,2025-10-13 09:09:28,215.59,Starbucks,Denver,Education,ATM,40,Nurse,0
TXN-002271,ACCT-1064,2025-10-05 15:09:00,354.44,CVS Pharmacy,Austin,Entertainment,In-Store,19,Driver,1
TXN-002272,ACCT-1013,2025-10-26 10:00:58,201.6,McDonalds,Houston,Dining,ATM,45,Driver,0
TXN-002273,ACCT-1132,2025-08-11 10:23:59,216.25,Grubhub,Miami,Subscriptions,Online,54,Manager,0
TXN-002274,ACCT-1109,2025-10-13 13:09:55,90.21,Best Buy,Nashville,Healthcare,Mobile App,42,Student,0
TXN-002275,ACCT-1112,2025-01-09 18:13:47,93.31,Lyft,San Antonio,Shopping,In-Store,23,Sales Rep,0
TXN-002276,ACCT-1126,2025-01-15 14:15:32,179.52,Kroger,Atlanta,Travel,In-Store,30,Driver,0
TXN-002277,ACCT-1120,2025-04-11 01:15:00,353.39,Lyft,Minneapolis,Transportation,ATM,54,Teacher,1
TXN-002278,ACCT-1039,2025-08-05 10:30:11,332.36,Uber,Houston,Entertainment,ATM,82,Accountant,0
TXN-002279,ACCT-1042,2025-05-03 22:13:51,77.0,Best Buy,Seattle,Travel,Mobile App,50,Sales Rep,0
TXN-002280,ACCT-1094,2025-02-10 16:08:14,290.83,Lyft,San Francisco,Dining,Online,48,Driver,0
TXN-002281,ACCT-1103,2025-03-09 12:42:14,29.1,Kroger,Houston,Subscriptions,Mobile App,23,Sales Rep,0
TXN-002282,ACCT-1040,2025-08-26 11:28:30,393.41,Lyft,Miami,Entertainment,Mobile App,29,Driver,0
TXN-002283,ACCT-1055,2025-12-04 13:21:28,223.31,Zara,Denver,Healthcare,Online,46,Nurse,0
TXN-002284,ACCT-1129,2025-06-28 11:13:31,44.04,Hilton,Chicago,Transportation,In-Store,32,Sales Rep,0
TXN-002285,ACCT-1095,2025-05-08 13:03:21,62.68,Netflix,San Diego,Transportation,Mobile App,81,Doctor,0
TXN-002286,ACCT-1169,2025-07-08 12:27:48,78.27,Target,Chicago,Subscriptions,Mobile App,36,Designer,0
TXN-002287,ACCT-1116,2025-01-08 09:06:21,34.44,Walgreens,San Francisco,Personal Care,Mobile App,19,Lawyer,0
TXN-002288,ACCT-1114,2025-04-09 22:45:10,35.17,Walmart,Detroit,Subscriptions,Online,65,Teacher,0
TXN-002289,ACCT-1134,2025-07-06 11:05:45,319.3,Whole Foods,Miami,Groceries,Online,56,Student,0
TXN-002290,ACCT-1134,2025-09-12 22:13:05,233.46,Walmart,Miami,Shopping,Online,56,Student,0
TXN-002291,ACCT-1028,2025-04-06 19:22:38,31.79,Shell Gas,Seattle,Groceries,Mobile App,23,Freelancer,0
TXN-002292,ACCT-1135,2025-11-15 13:04:46,120.36,DoorDash,Los Angeles,Education,Mobile App,37,Driver,0
TXN-002293,ACCT-1142,2025-08-20 10:18:59,148.41,Safeway,Los Angeles,Shopping,In-Store,36,Analyst,0
TXN-002294,ACCT-1138,2025-11-30 12:41:01,120.71,Uber,Austin,Personal Care,Mobile App,29,Accountant,0
TXN-002295,ACCT-1196,2025-10-02 22:41:21,654.47,Target,Los Angeles,Entertainment,Mobile App,48,Freelancer,0
TXN-002296,ACCT-1021,2025-01-25 16:53:36,72.19,Chevron,Phoenix,Utilities,In-Store,28,Teacher,0
TXN-002297,ACCT-1154,2025-02-12 16:23:10,33.06,Starbucks,San Diego,Healthcare,In-Store,34,Teacher,0
TXN-002298,ACCT-1106,2025-05-06 22:17:48,11.97,Nike,New York,Groceries,ATM,23,Retired,0
TXN-002299,ACCT-1127,2025-02-23 17:56:13,63.81,Spotify,Denver,Gas,Phone,32,Nurse,0
TXN-002300,ACCT-1195,2025-05-29 12:13:44,383.18,Whole Foods,Dallas,Groceries,ATM,46,Retired,0
TXN-002301,ACCT-1131,2025-07-12 14:07:00,1685.01,Walmart,Dallas,Shopping,Online,34,Lawyer,1
TXN-002302,ACCT-1146,2025-04-06 13:16:11,134.77,Grubhub,Atlanta,Entertainment,In-Store,39,Accountant,0
TXN-002303,ACCT-1128,2025-12-08 18:30:21,107.13,DoorDash,Denver,Personal Care,Mobile App,21,Engineer,0
TXN-002304,ACCT-1035,2025-08-01 19:33:58,256.21,Hilton,Houston,Transportation,ATM,36,Chef,0
TXN-002305,ACCT-1037,2025-10-06 09:47:50,148.21,Costco,Atlanta,Groceries,ATM,18,Designer,0
TXN-002306,ACCT-1141,2025-08-15 07:16:12,82.73,United Airlines,San Diego,Shopping,Mobile App,32,Engineer,0
TXN-002307,ACCT-1130,2025-01-02 14:53:45,46.14,Airbnb,Detroit,Personal Care,Online,27,Lawyer,0
TXN-002308,ACCT-1150,2025-03-21 14:06:20,38.97,Starbucks,Atlanta,Groceries,In-Store,24,Manager,0
TXN-002309,ACCT-1194,2025-12-15 13:17:10,135.69,Walgreens,San Diego,Gas,ATM,84,Lawyer,0
TXN-002310,ACCT-1106,2025-02-10 11:59:45,37.06,DoorDash,Seattle,Dining,Online,23,Retired,0
TXN-002311,ACCT-1049,2025-10-09 09:46:52,284.54,Apple Store,Detroit,Education,Online,48,Accountant,0
TXN-002312,ACCT-1026,2025-05-19 17:09:34,221.22,Netflix,Detroit,Dining,In-Store,33,Lawyer,0
TXN-002313,ACCT-1069,2025-06-09 10:57:25,63.46,Marriott,Minneapolis,Healthcare,In-Store,32,Manager,0
TXN-002314,ACCT-1105,2025-02-08 16:50:30,299.77,Amazon,New York,Shopping,Mobile App,51,Teacher,0
TXN-002315,ACCT-1153,2025-08-28 13:15:47,73.78,Chevron,Denver,Utilities,Mobile App,33,Lawyer,0
TXN-002316,ACCT-1125,2025-01-04 13:47:18,497.38,United Airlines,Atlanta,Groceries,Online,61,Teacher,0
TXN-002317,ACCT-1050,2025-07-06 12:41:16,101.74,Netflix,Minneapolis,Healthcare,ATM,43,Designer,0
TXN-002318,ACCT-1178,2025-11-17 10:49:32,315.48,Amazon,San Diego,Groceries,Phone,59,Retired,0
TXN-002319,ACCT-1039,2025-08-12 16:46:30,107.09,Chevron,Houston,Personal Care,ATM,82,Accountant,0
TXN-002320,ACCT-1190,2025-11-10 10:21:36,297.72,Airbnb,Nashville,Entertainment,Online,40,Teacher,0
TXN-002321,ACCT-1103,2025-07-23 10:43:54,42.27,Hilton,Houston,Healthcare,Online,23,Sales Rep,0
TXN-002322,ACCT-1056,2025-05-02 11:32:52,84.44,Shell Gas,Philadelphia,Dining,Mobile App,39,Freelancer,0
TXN-002323,ACCT-1148,2025-05-26 16:18:09,69.37,Airbnb,Houston,Healthcare,Online,23,Chef,0
TXN-002324,ACCT-1069,2025-08-18 14:11:35,133.88,Marriott,Minneapolis,Education,Online,32,Manager,0
TXN-002325,ACCT-1086,2025-06-01 07:38:45,19.68,Netflix,Philadelphia,Groceries,Online,20,Manager,0
TXN-002326,ACCT-1129,2025-11-26 12:30:00,41.25,Hilton,Chicago,Gas,Online,32,Sales Rep,0
TXN-002327,ACCT-1183,2025-03-06 04:26:00,430.6,Zara,Portland,Transportation,Online,60,Retired,1
TXN-002328,ACCT-1067,2025-01-02 13:47:03,332.98,Uber,Boston,Entertainment,Mobile App,62,Doctor,0
TXN-002329,ACCT-1139,2025-10-12 12:21:59,103.46,Whole Foods,Los Angeles,Groceries,ATM,40,Driver,0
TXN-002330,ACCT-1150,2025-11-13 15:51:01,26.94,Amazon,Atlanta,Healthcare,Phone,24,Manager,0
TXN-002331,ACCT-1058,2025-12-01 15:33:08,266.08,Nike,San Diego,Healthcare,Online,36,Designer,0
TXN-002332,ACCT-1199,2025-08-04 14:31:05,104.91,Home Depot,Boston,Gas,ATM,33,Chef,0
TXN-002333,ACCT-1039,2025-11-17 08:55:31,119.01,United Airlines,Houston,Entertainment,Online,82,Accountant,0
TXN-002334,ACCT-1031,2025-06-29 11:30:19,59.73,Starbucks,San Antonio,Personal Care,Mobile App,71,Doctor,0
TXN-002335,ACCT-1197,2025-04-23 22:09:55,130.99,Spotify,Los Angeles,Shopping,ATM,37,Student,0
TXN-002336,ACCT-1139,2025-01-05 15:16:26,147.26,Airbnb,Los Angeles,Gas,Mobile App,40,Driver,0
TXN-002337,ACCT-1054,2025-09-20 14:31:08,75.69,Shell Gas,Nashville,Healthcare,In-Store,80,Retired,0
TXN-002338,ACCT-1187,2025-12-16 23:01:22,95.29,Airbnb,San Antonio,Shopping,Mobile App,28,Freelancer,0
TXN-002339,ACCT-1142,2025-01-05 14:12:44,69.21,Kroger,Los Angeles,Gas,In-Store,36,Analyst,0
TXN-002340,ACCT-1043,2025-03-22 12:13:38,121.37,McDonalds,Atlanta,Gas,Online,34,Manager,0
TXN-002341,ACCT-1095,2025-08-22 09:56:46,114.29,Safeway,San Diego,Transportation,In-Store,81,Doctor,0
TXN-002342,ACCT-1096,2025-11-05 07:51:31,144.04,Costco,Phoenix,Travel,In-Store,30,Chef,0
TXN-002343,ACCT-1187,2025-09-12 18:15:39,150.12,McDonalds,San Antonio,Entertainment,Online,28,Freelancer,0
TXN-002344,ACCT-1070,2025-08-12 15:39:28,225.94,Best Buy,Portland,Dining,Mobile App,56,Student,0
TXN-002345,ACCT-1089,2025-04-30 19:28:03,29.21,Trader Joes,Dallas,Groceries,In-Store,18,Driver,0
TXN-002346,ACCT-1040,2025-06-22 08:13:36,366.59,Lyft,Miami,Utilities,Online,29,Driver,0
TXN-002347,ACCT-1096,2025-10-30 05:56:07,78.31,Starbucks,New York,Personal Care,ATM,30,Chef,0
TXN-002348,ACCT-1106,2025-05-13 20:08:31,75.67,Hilton,Houston,Shopping,Online,23,Retired,0
TXN-002349,ACCT-1183,2025-08-05 10:29:17,555.23,Chevron,Portland,Healthcare,In-Store,60,Retired,0
TXN-002350,ACCT-1103,2025-08-22 14:35:01,43.46,Kroger,Houston,Subscriptions,Online,23,Sales Rep,0
TXN-002351,ACCT-1018,2025-02-05 09:29:37,162.66,Costco,Detroit,Education,Online,28,Retired,0
TXN-002352,ACCT-1099,2025-01-18 17:47:45,49.28,Nike,Detroit,Utilities,In-Store,32,Sales Rep,0
TXN-002353,ACCT-1057,2025-10-22 09:47:07,130.84,Airbnb,Seattle,Transportation,Mobile App,55,Analyst,0
TXN-002354,ACCT-1019,2025-04-02 15:09:47,160.2,Costco,Chicago,Dining,Online,41,Lawyer,0
TXN-002355,ACCT-1005,2025-06-30 13:22:04,35.41,Hilton,San Antonio,Healthcare,Phone,24,Student,0
TXN-002356,ACCT-1099,2025-09-21 13:29:33,31.48,Netflix,Detroit,Subscriptions,Online,32,Sales Rep,0
TXN-002357,ACCT-1112,2025-06-23 19:39:56,31.58,Kroger,San Antonio,Personal Care,In-Store,23,Sales Rep,0
TXN-002358,ACCT-1058,2025-06-08 20:37:57,155.79,Nike,San Diego,Education,Mobile App,36,Designer,0
TXN-002359,ACCT-1199,2025-08-28 12:17:13,418.23,Home Depot,Houston,Education,In-Store,33,Chef,0
TXN-002360,ACCT-1152,2025-01-13 17:48:25,370.43,Spotify,Chicago,Gas,Online,58,Chef,0
TXN-002361,ACCT-1135,2025-06-15 08:18:52,94.35,Chevron,Detroit,Healthcare,Online,37,Driver,0
TXN-002362,ACCT-1036,2025-08-28 21:57:55,33.62,DoorDash,Boston,Transportation,Mobile App,21,Sales Rep,0
TXN-002363,ACCT-1082,2025-12-28 14:34:49,57.93,Safeway,Philadelphia,Personal Care,ATM,26,Driver,0
TXN-002364,ACCT-1160,2025-06-14 11:26:46,161.88,Marriott,Denver,Shopping,Mobile App,40,Nurse,0
TXN-002365,ACCT-1157,2025-06-16 17:32:57,183.56,Netflix,San Diego,Transportation,In-Store,57,Lawyer,0
TXN-002366,ACCT-1040,2025-05-15 13:26:47,274.55,Zara,Miami,Travel,In-Store,29,Driver,0
TXN-002367,ACCT-1194,2025-03-08 19:05:30,108.55,Walgreens,San Diego,Utilities,Mobile App,84,Lawyer,0
TXN-002368,ACCT-1196,2025-08-31 06:49:14,499.27,Target,Los Angeles,Groceries,ATM,48,Freelancer,0
TXN-002369,ACCT-1118,2025-08-15 21:50:50,112.71,Trader Joes,Detroit,Utilities,In-Store,37,Designer,0
TXN-002370,ACCT-1163,2025-03-12 13:23:27,244.33,Zara,Seattle,Transportation,Online,48,Teacher,0
TXN-002371,ACCT-1087,2025-12-10 01:22:11,282.28,Hilton,Seattle,Dining,Online,61,Manager,0
TXN-002372,ACCT-1008,2025-12-12 20:31:41,231.46,DoorDash,Nashville,Entertainment,Mobile App,28,Retired,0
TXN-002373,ACCT-1043,2025-10-20 09:00:49,159.62,McDonalds,Atlanta,Education,Mobile App,34,Manager,0
TXN-002374,ACCT-1169,2025-01-09 10:56:51,38.4,Nike,Chicago,Shopping,Online,36,Designer,0
TXN-002375,ACCT-1074,2025-12-05 09:00:02,68.82,CVS Pharmacy,Miami,Entertainment,Online,42,Freelancer,0
TXN-002376,ACCT-1031,2025-03-26 15:51:25,58.77,Lyft,San Antonio,Education,Online,71,Doctor,0
TXN-002377,ACCT-1011,2025-05-29 06:12:52,314.83,Marriott,Atlanta,Utilities,In-Store,47,Doctor,0
TXN-002378,ACCT-1162,2025-04-15 20:29:33,568.38,CVS Pharmacy,Denver,Transportation,In-Store,58,Retired,0
TXN-002379,ACCT-1163,2025-03-08 16:34:58,418.52,Whole Foods,Seattle,Shopping,In-Store,48,Teacher,0
TXN-002380,ACCT-1142,2025-10-12 12:26:29,115.18,Safeway,Los Angeles,Education,Mobile App,36,Analyst,0
TXN-002381,ACCT-1185,2025-11-04 19:27:36,78.36,United Airlines,New York,Utilities,In-Store,58,Lawyer,0
TXN-002382,ACCT-1004,2025-08-28 11:05:26,289.07,DoorDash,Denver,Dining,In-Store,28,Designer,0
TXN-002383,ACCT-1129,2025-09-02 11:50:48,51.09,Hilton,Chicago,Subscriptions,Online,32,Sales Rep,0
TXN-002384,ACCT-1184,2025-03-04 17:27:03,57.07,Home Depot,Chicago,Education,Online,30,Analyst,0
TXN-002385,ACCT-1087,2025-02-22 09:15:49,578.98,Zara,Seattle,Dining,In-Store,61,Manager,0
TXN-002386,ACCT-1029,2025-03-27 11:00:32,122.51,Zara,New York,Groceries,Online,32,Freelancer,0
TXN-002387,ACCT-1124,2025-12-14 21:30:26,102.35,McDonalds,Miami,Shopping,ATM,33,Analyst,0
TXN-002388,ACCT-1019,2025-02-02 07:14:25,75.35,Uber,Chicago,Dining,Online,41,Lawyer,0
TXN-002389,ACCT-1057,2025-10-20 19:53:38,173.1,CVS Pharmacy,Seattle,Education,Mobile App,55,Analyst,0
TXN-002390,ACCT-1130,2025-10-05 15:24:02,165.13,Grubhub,Dallas,Subscriptions,In-Store,27,Lawyer,0
TXN-002391,ACCT-1048,2025-07-19 13:39:07,94.26,Walmart,San Antonio,Education,Online,25,Lawyer,0
TXN-002392,ACCT-1074,2025-03-25 10:25:17,366.42,United Airlines,Miami,Shopping,Online,42,Freelancer,0
TXN-002393,ACCT-1130,2025-02-22 15:33:40,28.16,CVS Pharmacy,Detroit,Education,In-Store,27,Lawyer,0
TXN-002394,ACCT-1124,2025-03-26 15:04:57,124.61,McDonalds,San Francisco,Groceries,Mobile App,33,Analyst,0
TXN-002395,ACCT-1061,2025-09-26 15:51:05,352.87,Marriott,Boston,Entertainment,In-Store,50,Analyst,0
TXN-002396,ACCT-1113,2025-11-02 08:51:30,98.95,Marriott,Houston,Education,In-Store,41,Designer,0
TXN-002397,ACCT-1187,2025-11-02 19:43:32,219.8,Amazon,San Antonio,Groceries,In-Store,28,Freelancer,0
TXN-002398,ACCT-1075,2025-01-14 14:27:24,147.92,Costco,Denver,Travel,Online,81,Accountant,0
TXN-002399,ACCT-1153,2025-12-26 09:05:43,62.23,CVS Pharmacy,Los Angeles,Utilities,Online,33,Lawyer,0
TXN-002400,ACCT-1175,2025-11-02 17:04:36,267.21,Hilton,Los Angeles,Shopping,Phone,59,Student,0
TXN-002401,ACCT-1189,2025-07-19 17:53:15,11.62,Uber,Detroit,Utilities,In-Store,23,Designer,0
TXN-002402,ACCT-1049,2025-05-22 15:38:02,383.1,Apple Store,Chicago,Subscriptions,In-Store,48,Accountant,0
TXN-002403,ACCT-1091,2025-09-08 18:46:46,67.7,Apple Store,Miami,Dining,In-Store,36,Manager,0
TXN-002404,ACCT-1011,2025-01-11 17:54:35,458.51,Netflix,Atlanta,Groceries,In-Store,47,Doctor,0
TXN-002405,ACCT-1099,2025-03-31 12:30:09,69.95,Nike,Detroit,Education,Online,32,Sales Rep,0
TXN-002406,ACCT-1076,2025-06-03 16:38:46,9.43,Grubhub,Portland,Subscriptions,Online,18,Teacher,0
TXN-002407,ACCT-1018,2025-06-13 19:29:16,100.28,Uber,Seattle,Healthcare,Online,28,Retired,0
TXN-002408,ACCT-1120,2025-10-29 15:35:48,319.68,McDonalds,Minneapolis,Transportation,Mobile App,54,Teacher,0
TXN-002409,ACCT-1151,2025-09-27 14:43:42,82.41,Walmart,Denver,Entertainment,Online,36,Retired,0
TXN-002410,ACCT-1154,2025-11-03 07:41:31,63.79,Whole Foods,San Diego,Entertainment,Phone,34,Teacher,0
TXN-002411,ACCT-1026,2025-06-14 16:03:13,77.43,Hilton,Detroit,Groceries,Online,33,Lawyer,0
TXN-002412,ACCT-1054,2025-02-18 12:20:34,110.08,Walgreens,Nashville,Subscriptions,In-Store,80,Retired,0
TXN-002413,ACCT-1189,2025-01-18 15:55:41,9.4,Starbucks,Detroit,Utilities,Mobile App,23,Designer,0
TXN-002414,ACCT-1020,2025-08-06 14:42:57,138.84,DoorDash,Detroit,Travel,Mobile App,36,Engineer,0
TXN-002415,ACCT-1141,2025-11-03 13:31:25,174.66,Marriott,San Diego,Entertainment,Mobile App,32,Engineer,0
TXN-002416,ACCT-1031,2025-03-28 11:39:37,112.56,DoorDash,San Antonio,Travel,Mobile App,71,Doctor,0
TXN-002417,ACCT-1160,2025-04-16 16:58:33,125.44,Marriott,Denver,Utilities,In-Store,40,Nurse,0
TXN-002418,ACCT-1185,2025-11-13 11:20:53,109.93,McDonalds,New York,Entertainment,Online,58,Lawyer,0
TXN-002419,ACCT-1114,2025-08-07 20:47:26,35.24,Zara,Detroit,Dining,In-Store,65,Teacher,0
TXN-002420,ACCT-1046,2025-11-02 16:36:44,73.93,Nike,Atlanta,Utilities,In-Store,27,Driver,0
TXN-002421,ACCT-1061,2025-12-15 20:02:19,109.8,Marriott,Boston,Groceries,In-Store,50,Analyst,0
TXN-002422,ACCT-1036,2025-08-04 10:51:17,42.3,DoorDash,Miami,Gas,In-Store,21,Sales Rep,0
TXN-002423,ACCT-1168,2025-11-18 08:13:37,65.81,DoorDash,Boston,Travel,Online,82,Teacher,0
TXN-002424,ACCT-1198,2025-02-24 10:36:03,480.61,Delta Airlines,Houston,Education,ATM,53,Engineer,0
TXN-002425,ACCT-1006,2025-07-15 13:09:20,159.87,Zara,Atlanta,Entertainment,In-Store,55,Nurse,0
TXN-002426,ACCT-1173,2025-10-02 14:00:24,118.55,Home Depot,Chicago,Shopping,Mobile App,44,Retired,0
TXN-002427,ACCT-1135,2025-02-01 12:58:16,117.52,Costco,Los Angeles,Transportation,Online,37,Driver,0
TXN-002428,ACCT-1169,2025-08-24 15:19:32,127.25,Target,Chicago,Gas,Online,36,Designer,0
TXN-002429,ACCT-1115,2025-02-14 18:31:00,909.96,Best Buy,San Francisco,Travel,In-Store,40,Sales Rep,1
TXN-002430,ACCT-1138,2025-08-11 10:52:42,131.58,Walmart,Miami,Transportation,In-Store,29,Accountant,0
TXN-002431,ACCT-1176,2025-11-27 16:54:08,134.61,Netflix,Atlanta,Gas,Phone,62,Designer,0
TXN-002432,ACCT-1146,2025-06-06 17:56:00,139.13,Grubhub,Atlanta,Shopping,ATM,39,Accountant,0
TXN-002433,ACCT-1108,2025-05-10 12:54:06,582.59,Nike,San Francisco,Personal Care,In-Store,34,Retired,0
TXN-002434,ACCT-1124,2025-02-01 08:55:39,214.09,Costco,Miami,Gas,Online,33,Analyst,0
TXN-002435,ACCT-1081,2025-12-26 12:34:04,132.6,Best Buy,Denver,Transportation,In-Store,77,Accountant,0
TXN-002436,ACCT-1020,2025-08-17 09:20:25,195.29,DoorDash,Detroit,Education,Mobile App,36,Engineer,0
TXN-002437,ACCT-1122,2025-04-26 08:32:12,307.08,Lyft,Los Angeles,Gas,In-Store,34,Retired,0
TXN-002438,ACCT-1044,2025-01-17 22:08:38,51.78,McDonalds,Portland,Personal Care,Online,73,Doctor,0
TXN-002439,ACCT-1042,2025-02-10 10:57:53,60.15,United Airlines,Seattle,Dining,In-Store,50,Sales Rep,0
TXN-002440,ACCT-1155,2025-11-15 10:37:35,175.53,United Airlines,Los Angeles,Personal Care,Mobile App,35,Accountant,0
TXN-002441,ACCT-1181,2025-11-08 11:33:32,129.49,Target,Detroit,Shopping,Mobile App,48,Manager,0
TXN-002442,ACCT-1183,2025-01-08 14:40:15,261.91,Uber,Portland,Travel,In-Store,60,Retired,0
TXN-002443,ACCT-1128,2025-02-11 12:24:35,30.7,Hilton,Denver,Personal Care,In-Store,21,Engineer,0
TXN-002444,ACCT-1099,2025-02-09 13:05:04,152.44,Whole Foods,Detroit,Entertainment,Mobile App,32,Sales Rep,0
TXN-002445,ACCT-1183,2025-07-25 13:05:48,384.33,Nike,Portland,Subscriptions,ATM,60,Retired,0
TXN-002446,ACCT-1037,2025-12-14 20:19:32,18.92,Uber,Los Angeles,Transportation,Mobile App,18,Designer,0
TXN-002447,ACCT-1193,2025-08-16 23:06:30,72.91,Spotify,San Diego,Travel,Online,42,Sales Rep,0
TXN-002448,ACCT-1144,2025-04-14 09:38:08,116.06,Walgreens,San Antonio,Dining,Online,27,Chef,0
TXN-002449,ACCT-1054,2025-06-14 15:15:16,49.43,Shell Gas,Nashville,Groceries,In-Store,80,Retired,0
TXN-002450,ACCT-1070,2025-07-28 12:56:54,365.7,Amazon,Portland,Utilities,Online,56,Student,0
TXN-002451,ACCT-1065,2025-10-06 20:16:51,104.61,Amazon,Chicago,Subscriptions,Mobile App,79,Analyst,0
TXN-002452,ACCT-1120,2025-10-21 17:45:25,84.1,Safeway,Minneapolis,Gas,In-Store,54,Teacher,0
TXN-002453,ACCT-1098,2025-04-06 11:17:14,114.29,Apple Store,Houston,Transportation,Online,37,Sales Rep,0
TXN-002454,ACCT-1120,2025-12-18 14:58:04,220.01,Safeway,Minneapolis,Groceries,Online,54,Teacher,0
TXN-002455,ACCT-1073,2025-02-20 11:09:04,215.0,Walmart,Miami,Entertainment,Online,34,Analyst,0
TXN-002456,ACCT-1105,2025-11-08 22:52:28,196.57,Nike,New York,Personal Care,Phone,51,Teacher,0
TXN-002457,ACCT-1044,2025-08-05 21:18:49,65.6,Shell Gas,Portland,Education,Online,73,Doctor,0
TXN-002458,ACCT-1038,2025-03-19 13:51:40,170.3,Home Depot,Chicago,Travel,In-Store,42,Nurse,0
TXN-002459,ACCT-1055,2025-09-26 17:54:50,324.85,Lyft,Denver,Shopping,ATM,46,Nurse,0
TXN-002460,ACCT-1120,2025-06-26 14:15:16,133.24,Whole Foods,Minneapolis,Entertainment,ATM,54,Teacher,0
TXN-002461,ACCT-1110,2025-08-28 19:28:58,37.63,Home Depot,San Francisco,Dining,Online,34,Analyst,0
TXN-002462,ACCT-1029,2025-12-17 13:57:26,198.69,Zara,New York,Subscriptions,ATM,32,Freelancer,0
TXN-002463,ACCT-1166,2025-12-29 12:47:28,66.78,Walmart,Austin,Gas,Mobile App,21,Designer,0
TXN-002464,ACCT-1123,2025-11-25 21:37:33,24.07,DoorDash,San Diego,Entertainment,In-Store,37,Lawyer,0
TXN-002465,ACCT-1048,2025-03-22 17:23:42,72.12,Walmart,San Antonio,Entertainment,Online,25,Lawyer,0
TXN-002466,ACCT-1192,2025-10-24 12:53:07,179.25,Uber,San Antonio,Dining,Online,56,Designer,0
TXN-002467,ACCT-1124,2025-06-18 23:18:09,133.52,McDonalds,Miami,Shopping,In-Store,33,Analyst,0
TXN-002468,ACCT-1117,2025-01-30 17:40:26,272.5,Zara,Houston,Utilities,Mobile App,56,Teacher,0
TXN-002469,ACCT-1144,2025-09-15 16:41:56,76.9,Marriott,Dallas,Dining,Mobile App,27,Chef,0
TXN-002470,ACCT-1127,2025-01-07 10:57:35,75.18,Amazon,Denver,Shopping,Online,32,Nurse,0
TXN-002471,ACCT-1037,2025-02-09 16:24:35,84.58,Costco,Atlanta,Shopping,Online,18,Designer,0
TXN-002472,ACCT-1164,2025-11-07 13:00:26,40.47,Target,Seattle,Travel,Online,36,Freelancer,0
TXN-002473,ACCT-1172,2025-07-01 13:52:43,100.27,Apple Store,Minneapolis,Groceries,In-Store,25,Nurse,0
TXN-002474,ACCT-1196,2025-03-06 20:29:17,108.55,Uber,Los Angeles,Transportation,In-Store,48,Freelancer,0
TXN-002475,ACCT-1061,2025-11-05 17:35:26,309.77,Safeway,Boston,Entertainment,In-Store,50,Analyst,0
TXN-002476,ACCT-1126,2025-08-30 13:38:39,106.55,Starbucks,Portland,Dining,Online,30,Driver,0
TXN-002477,ACCT-1089,2025-05-17 10:39:45,28.76,Delta Airlines,Dallas,Travel,In-Store,18,Driver,0
TXN-002478,ACCT-1069,2025-11-06 07:00:44,57.16,Home Depot,Minneapolis,Education,Online,32,Manager,0
TXN-002479,ACCT-1124,2025-06-10 13:40:33,184.2,Walgreens,Miami,Shopping,In-Store,33,Analyst,0
TXN-002480,ACCT-1001,2025-04-21 10:49:15,331.68,Chevron,Minneapolis,Gas,Mobile App,64,Nurse,0
TXN-002481,ACCT-1113,2025-02-02 17:44:47,152.84,Netflix,Houston,Groceries,Online,41,Designer,0
TXN-002482,ACCT-1174,2025-11-12 08:14:35,226.87,Kroger,San Francisco,Travel,Mobile App,34,Retired,0
TXN-002483,ACCT-1195,2025-02-09 08:31:29,325.68,DoorDash,Houston,Shopping,Online,46,Retired,0
TXN-002484,ACCT-1098,2025-09-26 20:57:16,150.21,Hilton,Houston,Transportation,Online,37,Sales Rep,0
TXN-002485,ACCT-1066,2025-08-12 15:16:41,96.17,Hilton,Houston,Groceries,In-Store,38,Teacher,0
TXN-002486,ACCT-1071,2025-06-11 12:54:37,313.14,Home Depot,Nashville,Subscriptions,Online,42,Analyst,0
TXN-002487,ACCT-1099,2025-03-02 20:59:20,138.01,Airbnb,Detroit,Entertainment,Online,32,Sales Rep,0
TXN-002488,ACCT-1111,2025-01-03 14:20:23,15.84,Uber,Houston,Gas,In-Store,22,Analyst,0
TXN-002489,ACCT-1182,2025-06-07 19:34:36,686.06,Safeway,Denver,Subscriptions,Online,55,Lawyer,0
TXN-002490,ACCT-1175,2025-04-10 09:35:18,377.0,Netflix,Los Angeles,Subscriptions,In-Store,59,Student,0
TXN-002491,ACCT-1120,2025-09-26 19:17:51,395.52,Safeway,Boston,Personal Care,In-Store,54,Teacher,0
TXN-002492,ACCT-1116,2025-03-03 09:45:42,31.75,Walgreens,San Francisco,Travel,Online,19,Lawyer,0
TXN-002493,ACCT-1129,2025-12-14 15:48:03,42.06,Delta Airlines,Chicago,Subscriptions,Mobile App,32,Sales Rep,0
TXN-002494,ACCT-1045,2025-12-04 12:45:42,72.93,Walgreens,Philadelphia,Dining,Mobile App,66,Chef,0
TXN-002495,ACCT-1108,2025-04-02 11:51:38,129.53,Amazon,San Francisco,Entertainment,ATM,34,Retired,0
TXN-002496,ACCT-1140,2025-11-02 19:41:44,71.19,Apple Store,Detroit,Groceries,Online,24,Teacher,0
TXN-002497,ACCT-1164,2025-10-09 22:44:44,77.55,Target,Seattle,Healthcare,Online,36,Freelancer,0
TXN-002498,ACCT-1009,2025-12-06 09:31:29,41.46,Costco,Austin,Subscriptions,In-Store,69,Analyst,0
TXN-002499,ACCT-1132,2025-03-12 16:30:05,606.12,Whole Foods,San Francisco,Education,In-Store,54,Manager,0
TXN-002500,ACCT-1154,2025-09-08 02:01:00,217.49,Best Buy,San Diego,Transportation,ATM,34,Teacher,1
TXN-002501,ACCT-1142,2025-02-04 12:05:14,73.39,Safeway,Los Angeles,Gas,Online,36,Analyst,0
TXN-002502,ACCT-1020,2025-12-10 14:55:30,193.86,Airbnb,Detroit,Utilities,In-Store,36,Engineer,0
TXN-002503,ACCT-1095,2025-08-01 21:20:19,79.22,Netflix,San Diego,Travel,Online,81,Doctor,0
TXN-002504,ACCT-1006,2025-05-30 23:44:09,207.71,Delta Airlines,Atlanta,Education,Mobile App,55,Nurse,0
TXN-002505,ACCT-1133,2025-06-02 12:25:07,117.29,Nike,Nashville,Utilities,In-Store,19,Student,0
TXN-002506,ACCT-1043,2025-10-10 11:51:41,367.33,Amazon,Atlanta,Healthcare,In-Store,34,Manager,0
TXN-002507,ACCT-1117,2025-11-10 14:12:53,846.53,Zara,Houston,Personal Care,ATM,56,Teacher,0
TXN-002508,ACCT-1071,2025-09-06 12:54:28,98.52,Best Buy,Nashville,Personal Care,In-Store,42,Analyst,0
TXN-002509,ACCT-1024,2025-04-26 15:51:06,190.91,Spotify,Portland,Gas,In-Store,44,Lawyer,0
TXN-002510,ACCT-1017,2025-06-04 10:59:09,84.35,Whole Foods,San Diego,Transportation,In-Store,76,Nurse,0
TXN-002511,ACCT-1020,2025-06-18 09:02:44,120.95,Kroger,Detroit,Entertainment,Mobile App,36,Engineer,0
TXN-002512,ACCT-1052,2025-05-15 12:23:27,38.88,Zara,Philadelphia,Transportation,In-Store,68,Accountant,0
TXN-002513,ACCT-1083,2025-01-08 13:16:51,195.22,Starbucks,Detroit,Shopping,Mobile App,52,Freelancer,0
TXN-002514,ACCT-1118,2025-08-15 23:51:50,164.94,Best Buy,Detroit,Utilities,Mobile App,37,Designer,0
TXN-002515,ACCT-1033,2025-10-14 19:27:43,92.81,Zara,Miami,Shopping,Online,43,Teacher,0
TXN-002516,ACCT-1012,2025-05-05 12:53:41,72.69,Walgreens,Denver,Travel,Online,22,Teacher,0
TXN-002517,ACCT-1062,2025-10-29 16:55:16,409.31,United Airlines,Chicago,Personal Care,In-Store,52,Student,0
TXN-002518,ACCT-1190,2025-01-25 14:44:55,134.5,DoorDash,Nashville,Groceries,Phone,40,Teacher,0
TXN-002519,ACCT-1018,2025-01-28 11:21:29,48.57,Nike,Seattle,Entertainment,ATM,28,Retired,0
TXN-002520,ACCT-1036,2025-07-12 12:15:19,17.05,Netflix,Miami,Dining,In-Store,21,Sales Rep,0
TXN-002521,ACCT-1102,2025-04-13 16:31:54,408.93,Shell Gas,San Diego,Transportation,Mobile App,30,Accountant,0
TXN-002522,ACCT-1065,2025-12-04 16:15:14,79.92,Amazon,Chicago,Travel,In-Store,79,Analyst,0
TXN-002523,ACCT-1138,2025-08-14 10:25:16,185.77,Best Buy,Miami,Healthcare,Online,29,Accountant,0
TXN-002524,ACCT-1183,2025-03-04 14:26:38,337.98,Uber,Portland,Education,Mobile App,60,Retired,0
TXN-002525,ACCT-1023,2025-12-24 17:46:14,36.76,CVS Pharmacy,Dallas,Dining,Mobile App,39,Retired,0
TXN-002526,ACCT-1158,2025-04-30 08:41:49,27.69,Uber,Nashville,Personal Care,Online,23,Doctor,0
TXN-002527,ACCT-1061,2025-10-10 10:40:27,268.05,Marriott,Boston,Groceries,In-Store,50,Analyst,0
TXN-002528,ACCT-1196,2025-06-11 15:05:26,275.19,Amazon,Los Angeles,Education,Online,48,Freelancer,0
TXN-002529,ACCT-1179,2025-10-19 19:34:12,24.29,Apple Store,Nashville,Travel,In-Store,41,Engineer,0
TXN-002530,ACCT-1084,2025-06-08 06:06:12,88.78,CVS Pharmacy,Dallas,Gas,ATM,24,Engineer,0
TXN-002531,ACCT-1173,2025-04-16 16:11:59,295.29,Lyft,Chicago,Healthcare,In-Store,44,Retired,0
TXN-002532,ACCT-1185,2025-02-25 13:08:43,137.0,Amazon,Houston,Gas,ATM,58,Lawyer,0
TXN-002533,ACCT-1047,2025-12-21 13:37:00,60.97,Nike,Dallas,Gas,ATM,75,Sales Rep,0
TXN-002534,ACCT-1117,2025-01-30 18:54:39,309.53,Zara,San Diego,Healthcare,In-Store,56,Teacher,0
TXN-002535,ACCT-1058,2025-01-30 14:09:27,345.99,Nike,San Diego,Travel,Online,36,Designer,0
TXN-002536,ACCT-1199,2025-10-14 13:52:59,171.97,DoorDash,Houston,Entertainment,In-Store,33,Chef,0
TXN-002537,ACCT-1187,2025-09-03 11:37:31,197.38,Safeway,San Antonio,Groceries,Online,28,Freelancer,0
TXN-002538,ACCT-1197,2025-07-19 09:21:50,81.2,Marriott,Los Angeles,Personal Care,In-Store,37,Student,0
TXN-002539,ACCT-1103,2025-11-29 10:31:28,17.77,Airbnb,Houston,Shopping,Online,23,Sales Rep,0
TXN-002540,ACCT-1018,2025-11-16 20:05:14,76.32,Target,Seattle,Healthcare,In-Store,28,Retired,0
TXN-002541,ACCT-1062,2025-01-11 08:22:39,173.29,Target,Chicago,Entertainment,Online,52,Student,0
TXN-002542,ACCT-1161,2025-01-18 18:39:40,33.41,Hilton,Detroit,Gas,Online,75,Engineer,0
TXN-002543,ACCT-1082,2025-04-12 21:19:02,186.63,Shell Gas,Philadelphia,Dining,Online,26,Driver,0
TXN-002544,ACCT-1169,2025-08-27 11:38:52,179.06,DoorDash,Chicago,Travel,Phone,36,Designer,0
TXN-002545,ACCT-1147,2025-08-19 20:59:33,93.69,Amazon,Atlanta,Transportation,Online,75,Doctor,0
TXN-002546,ACCT-1113,2025-03-07 19:35:11,138.61,Starbucks,Houston,Healthcare,Mobile App,41,Designer,0
TXN-002547,ACCT-1043,2025-09-25 12:52:14,80.16,McDonalds,Atlanta,Healthcare,In-Store,34,Manager,0
TXN-002548,ACCT-1097,2025-02-10 16:31:09,326.79,DoorDash,San Francisco,Subscriptions,Online,52,Teacher,0
TXN-002549,ACCT-1105,2025-12-16 11:28:53,346.21,Nike,New York,Travel,In-Store,51,Teacher,0
TXN-002550,ACCT-1170,2025-05-06 14:56:16,264.04,Spotify,San Francisco,Transportation,ATM,60,Lawyer,0
TXN-002551,ACCT-1020,2025-07-15 12:08:24,105.17,Kroger,Detroit,Subscriptions,In-Store,36,Engineer,0
TXN-002552,ACCT-1121,2025-06-21 16:38:43,329.32,Starbucks,Houston,Personal Care,Mobile App,35,Accountant,0
TXN-002553,ACCT-1144,2025-04-02 13:49:33,55.93,Apple Store,San Antonio,Travel,Online,27,Chef,0
TXN-002554,ACCT-1086,2025-05-20 12:59:29,63.24,Zara,Philadelphia,Groceries,Online,20,Manager,0
TXN-002555,ACCT-1186,2025-11-02 08:48:35,16.87,Amazon,Dallas,Travel,In-Store,19,Freelancer,0
TXN-002556,ACCT-1006,2025-08-29 12:27:11,228.39,Lyft,Atlanta,Personal Care,Mobile App,55,Nurse,0
TXN-002557,ACCT-1028,2025-05-17 12:22:02,36.47,Kroger,Seattle,Gas,Online,23,Freelancer,0
TXN-002558,ACCT-1095,2025-12-10 21:25:10,21.46,Spotify,San Diego,Entertainment,Online,81,Doctor,0
TXN-002559,ACCT-1078,2025-04-05 18:32:51,133.81,Starbucks,Houston,Groceries,ATM,24,Freelancer,0
TXN-002560,ACCT-1016,2025-08-25 11:36:54,102.05,Uber,Miami,Healthcare,Online,26,Driver,0
TXN-002561,ACCT-1116,2025-08-07 15:58:57,15.84,Grubhub,San Francisco,Shopping,In-Store,19,Lawyer,0
TXN-002562,ACCT-1194,2025-10-30 09:28:58,58.23,Delta Airlines,San Diego,Shopping,In-Store,84,Lawyer,0
TXN-002563,ACCT-1117,2025-11-22 17:36:21,208.54,Zara,Houston,Transportation,Mobile App,56,Teacher,0
TXN-002564,ACCT-1057,2025-09-15 15:24:37,321.18,Home Depot,Seattle,Subscriptions,ATM,55,Analyst,0
TXN-002565,ACCT-1058,2025-02-20 12:42:26,237.35,Zara,San Diego,Transportation,Online,36,Designer,0
TXN-002566,ACCT-1056,2025-11-13 10:25:27,218.32,Shell Gas,Philadelphia,Personal Care,In-Store,39,Freelancer,0
TXN-002567,ACCT-1014,2025-07-30 17:25:04,733.2,United Airlines,Nashville,Transportation,In-Store,54,Chef,0
TXN-002568,ACCT-1056,2025-09-01 20:06:19,261.38,Hilton,New York,Healthcare,In-Store,39,Freelancer,0
TXN-002569,ACCT-1092,2025-08-09 17:39:05,259.61,Shell Gas,Minneapolis,Travel,Mobile App,32,Accountant,0
TXN-002570,ACCT-1091,2025-12-17 19:46:51,268.17,Whole Foods,Houston,Transportation,In-Store,36,Manager,0
TXN-002571,ACCT-1051,2025-04-11 09:27:57,209.95,CVS Pharmacy,Phoenix,Entertainment,ATM,45,Chef,0
TXN-002572,ACCT-1048,2025-05-15 19:13:57,92.82,United Airlines,San Antonio,Shopping,Online,25,Lawyer,0
TXN-002573,ACCT-1157,2025-03-05 18:21:00,2150.05,Whole Foods,San Diego,Entertainment,In-Store,57,Lawyer,1
TXN-002574,ACCT-1080,2025-07-27 10:51:31,198.1,Netflix,San Francisco,Groceries,In-Store,79,Freelancer,0
TXN-002575,ACCT-1119,2025-01-24 11:38:33,92.98,Home Depot,Boston,Entertainment,In-Store,41,Designer,0
TXN-002576,ACCT-1116,2025-10-10 09:56:12,42.03,Walgreens,San Francisco,Utilities,ATM,19,Lawyer,0
TXN-002577,ACCT-1186,2025-04-18 10:04:34,31.02,McDonalds,Dallas,Personal Care,In-Store,19,Freelancer,0
TXN-002578,ACCT-1073,2025-07-04 07:42:27,155.58,Uber,Miami,Gas,In-Store,34,Analyst,0
TXN-002579,ACCT-1100,2025-11-29 15:30:19,143.41,CVS Pharmacy,Phoenix,Education,ATM,80,Manager,0
TXN-002580,ACCT-1033,2025-11-25 21:22:10,175.77,CVS Pharmacy,Miami,Shopping,Online,43,Teacher,0
TXN-002581,ACCT-1094,2025-10-28 12:13:40,579.38,Lyft,San Francisco,Healthcare,Online,48,Driver,0
TXN-002582,ACCT-1027,2025-12-06 20:14:20,228.61,Home Depot,Houston,Gas,In-Store,28,Sales Rep,0
TXN-002583,ACCT-1036,2025-10-22 14:53:15,100.33,Best Buy,Miami,Education,Online,21,Sales Rep,0
TXN-002584,ACCT-1052,2025-08-17 11:47:39,61.72,Shell Gas,Houston,Education,Phone,68,Accountant,0
TXN-002585,ACCT-1176,2025-03-08 10:21:44,297.18,Best Buy,Boston,Travel,In-Store,62,Designer,0
TXN-002586,ACCT-1068,2025-02-24 17:08:43,18.42,Chevron,Atlanta,Shopping,Online,22,Accountant,0
TXN-002587,ACCT-1166,2025-09-10 13:43:55,54.53,Hilton,Boston,Shopping,Online,21,Designer,0
TXN-002588,ACCT-1161,2025-11-08 12:28:44,65.82,CVS Pharmacy,Detroit,Education,Mobile App,75,Engineer,0
TXN-002589,ACCT-1189,2025-08-12 20:29:14,11.31,DoorDash,Detroit,Shopping,Online,23,Designer,0
TXN-002590,ACCT-1096,2025-03-18 11:07:57,66.78,Airbnb,New York,Utilities,Mobile App,30,Chef,0
TXN-002591,ACCT-1034,2025-09-08 20:37:23,195.79,Amazon,Philadelphia,Travel,Online,41,Lawyer,0
TXN-002592,ACCT-1171,2025-11-28 17:19:01,201.93,Costco,Boston,Groceries,In-Store,57,Doctor,0
TXN-002593,ACCT-1184,2025-12-23 22:40:16,159.93,Chevron,Miami,Entertainment,In-Store,30,Analyst,0
TXN-002594,ACCT-1110,2025-01-09 16:44:14,93.96,Nike,San Francisco,Personal Care,In-Store,34,Analyst,0
TXN-002595,ACCT-1053,2025-05-19 13:25:44,51.09,Spotify,Philadelphia,Subscriptions,Online,20,Student,0
TXN-002596,ACCT-1169,2025-10-07 21:32:18,112.76,Nike,Chicago,Groceries,Mobile App,36,Designer,0
TXN-002597,ACCT-1091,2025-04-29 17:46:10,74.87,United Airlines,New York,Healthcare,In-Store,36,Manager,0
TXN-002598,ACCT-1097,2025-03-06 07:02:25,522.95,DoorDash,Los Angeles,Personal Care,Online,52,Teacher,0
TXN-002599,ACCT-1045,2025-03-13 06:17:51,133.16,Walgreens,Portland,Utilities,ATM,66,Chef,0
TXN-002600,ACCT-1199,2025-12-05 17:31:20,103.28,Shell Gas,Denver,Utilities,Online,33,Chef,0
TXN-002601,ACCT-1134,2025-03-18 15:31:41,541.67,Whole Foods,Miami,Education,Online,56,Student,0
TXN-002602,ACCT-1043,2025-06-28 19:20:25,396.02,McDonalds,Atlanta,Shopping,Mobile App,34,Manager,0
TXN-002603,ACCT-1087,2025-03-19 16:52:29,351.57,Chevron,Seattle,Entertainment,In-Store,61,Manager,0
TXN-002604,ACCT-1067,2025-03-10 10:52:13,115.71,Costco,Boston,Subscriptions,In-Store,62,Doctor,0
TXN-002605,ACCT-1137,2025-06-01 12:33:56,116.33,Marriott,Miami,Education,In-Store,41,Lawyer,0
TXN-002606,ACCT-1198,2025-09-26 19:33:12,134.75,Airbnb,Houston,Utilities,Phone,53,Engineer,0
TXN-002607,ACCT-1175,2025-08-01 20:28:44,274.09,DoorDash,Los Angeles,Entertainment,Online,59,Student,0
TXN-002608,ACCT-1124,2025-11-15 12:58:47,98.85,United Airlines,Miami,Shopping,Online,33,Analyst,0
TXN-002609,ACCT-1113,2025-08-15 17:57:44,110.82,Home Depot,Detroit,Shopping,In-Store,41,Designer,0
TXN-002610,ACCT-1113,2025-03-02 05:12:11,80.16,Starbucks,Houston,Entertainment,Online,41,Designer,0
TXN-002611,ACCT-1152,2025-02-06 12:12:33,311.99,Lyft,San Francisco,Subscriptions,Online,58,Chef,0
TXN-002612,ACCT-1154,2025-03-08 09:50:40,119.41,Home Depot,San Diego,Transportation,Mobile App,34,Teacher,0
TXN-002613,ACCT-1051,2025-09-20 09:47:50,336.69,Nike,Phoenix,Groceries,Mobile App,45,Chef,0
TXN-002614,ACCT-1070,2025-12-25 08:31:27,709.84,Hilton,Portland,Education,Mobile App,56,Student,0
TXN-002615,ACCT-1154,2025-02-20 08:48:12,115.69,DoorDash,San Diego,Dining,Mobile App,34,Teacher,0
TXN-002616,ACCT-1006,2025-10-21 09:08:52,71.41,Walgreens,Houston,Personal Care,Online,55,Nurse,0
TXN-002617,ACCT-1137,2025-08-13 08:44:33,88.01,Marriott,San Diego,Utilities,Mobile App,41,Lawyer,0
TXN-002618,ACCT-1005,2025-09-03 21:38:16,36.87,CVS Pharmacy,Phoenix,Healthcare,ATM,24,Student,0
TXN-002619,ACCT-1198,2025-07-18 18:04:13,252.33,Kroger,Houston,Groceries,Mobile App,53,Engineer,0
TXN-002620,ACCT-1060,2025-04-23 16:05:58,81.45,Apple Store,Phoenix,Transportation,ATM,42,Accountant,0
TXN-002621,ACCT-1073,2025-09-12 15:29:33,91.11,Walmart,New York,Dining,Online,34,Analyst,0
TXN-002622,ACCT-1001,2025-02-08 21:32:41,80.38,Nike,Minneapolis,Transportation,Online,64,Nurse,0
TXN-002623,ACCT-1004,2025-05-14 20:44:38,83.83,Delta Airlines,Denver,Education,In-Store,28,Designer,0
TXN-002624,ACCT-1041,2025-10-11 12:40:59,182.66,Shell Gas,Los Angeles,Transportation,Mobile App,44,Designer,0
TXN-002625,ACCT-1197,2025-02-16 18:10:04,77.18,DoorDash,Los Angeles,Personal Care,In-Store,37,Student,0
TXN-002626,ACCT-1171,2025-08-20 10:31:47,356.79,Trader Joes,Boston,Gas,In-Store,57,Doctor,0
TXN-002627,ACCT-1087,2025-11-24 06:23:48,388.7,Home Depot,Seattle,Dining,In-Store,61,Manager,0
TXN-002628,ACCT-1089,2025-07-14 14:21:30,33.42,Kroger,Dallas,Utilities,Mobile App,18,Driver,0
TXN-002629,ACCT-1151,2025-02-28 14:43:37,92.74,Home Depot,Houston,Gas,ATM,36,Retired,0
TXN-002630,ACCT-1100,2025-12-22 12:29:54,291.48,Marriott,Phoenix,Travel,ATM,80,Manager,0
TXN-002631,ACCT-1054,2025-09-04 15:43:57,196.59,Lyft,Nashville,Groceries,Mobile App,80,Retired,0
TXN-002632,ACCT-1047,2025-03-19 15:47:38,54.71,Amazon,Dallas,Dining,Online,75,Sales Rep,0
TXN-002633,ACCT-1009,2025-01-22 15:01:31,133.13,Costco,Austin,Transportation,Online,69,Analyst,0
TXN-002634,ACCT-1134,2025-11-25 19:08:40,355.21,Lyft,Miami,Entertainment,In-Store,56,Student,0
TXN-002635,ACCT-1148,2025-02-04 19:35:40,26.66,United Airlines,Houston,Gas,Online,23,Chef,0
TXN-002636,ACCT-1082,2025-12-16 18:36:41,78.79,Safeway,Philadelphia,Utilities,Online,26,Driver,0
TXN-002637,ACCT-1063,2025-06-26 17:08:31,165.32,Walmart,Portland,Healthcare,Mobile App,70,Driver,0
TXN-002638,ACCT-1196,2025-01-06 14:30:36,422.23,Uber,Los Angeles,Education,Online,48,Freelancer,0
TXN-002639,ACCT-1172,2025-07-07 15:52:57,64.14,Amazon,Austin,Personal Care,Online,25,Nurse,0
TXN-002640,ACCT-1094,2025-01-24 13:19:05,219.36,Trader Joes,San Francisco,Utilities,Mobile App,48,Driver,0
TXN-002641,ACCT-1186,2025-08-24 12:57:52,27.62,Amazon,Dallas,Subscriptions,ATM,19,Freelancer,0
TXN-002642,ACCT-1052,2025-02-25 08:54:32,95.2,Target,Houston,Personal Care,In-Store,68,Accountant,0
TXN-002643,ACCT-1015,2025-05-01 10:50:00,188.47,Marriott,Minneapolis,Groceries,Online,43,Lawyer,0
TXN-002644,ACCT-1093,2025-09-27 12:33:51,49.01,Amazon,San Antonio,Subscriptions,Phone,41,Chef,0
TXN-002645,ACCT-1041,2025-03-17 05:05:42,315.6,CVS Pharmacy,Los Angeles,Personal Care,In-Store,44,Designer,0
TXN-002646,ACCT-1130,2025-06-07 16:46:33,28.75,Netflix,San Diego,Transportation,Mobile App,27,Lawyer,0
TXN-002647,ACCT-1042,2025-07-31 14:12:17,86.44,United Airlines,Seattle,Healthcare,In-Store,50,Sales Rep,0
TXN-002648,ACCT-1194,2025-06-11 12:59:31,99.14,Walmart,San Diego,Healthcare,Online,84,Lawyer,0
TXN-002649,ACCT-1013,2025-02-20 22:11:40,444.04,DoorDash,Houston,Utilities,Online,45,Driver,0
TXN-002650,ACCT-1093,2025-10-11 09:13:10,35.36,Apple Store,Boston,Entertainment,Online,41,Chef,0
TXN-002651,ACCT-1182,2025-06-17 09:49:52,460.59,United Airlines,Denver,Subscriptions,Mobile App,55,Lawyer,0
TXN-002652,ACCT-1003,2025-06-22 11:33:18,104.3,Zara,San Antonio,Personal Care,Mobile App,73,Engineer,0
TXN-002653,ACCT-1133,2025-01-06 00:12:01,50.41,Kroger,Nashville,Subscriptions,Mobile App,19,Student,0
TXN-002654,ACCT-1065,2025-10-19 08:35:15,28.26,Kroger,Chicago,Travel,Online,79,Analyst,0
TXN-002655,ACCT-1110,2025-08-13 13:21:51,32.02,Safeway,San Francisco,Education,ATM,34,Analyst,0
TXN-002656,ACCT-1165,2025-09-12 12:47:56,8.4,Safeway,San Antonio,Gas,Mobile App,22,Accountant,0
TXN-002657,ACCT-1039,2025-05-26 11:01:04,145.59,Netflix,Houston,Gas,ATM,82,Accountant,0
TXN-002658,ACCT-1009,2025-01-21 06:47:20,110.08,Marriott,Austin,Healthcare,Mobile App,69,Analyst,0
TXN-002659,ACCT-1161,2025-07-04 15:06:53,70.94,Hilton,Detroit,Utilities,Online,75,Engineer,0
TXN-002660,ACCT-1041,2025-11-30 11:04:35,149.4,Shell Gas,Los Angeles,Shopping,In-Store,44,Designer,0
TXN-002661,ACCT-1108,2025-06-27 14:54:26,60.08,Marriott,San Francisco,Subscriptions,Online,34,Retired,0
TXN-002662,ACCT-1054,2025-11-23 10:37:47,88.21,Walgreens,Nashville,Gas,In-Store,80,Retired,0
TXN-002663,ACCT-1105,2025-12-03 01:39:00,345.19,Safeway,New York,Shopping,ATM,51,Teacher,1
TXN-002664,ACCT-1000,2025-12-01 18:31:56,386.48,Hilton,Portland,Education,Phone,59,Freelancer,0
TXN-002665,ACCT-1098,2025-06-10 14:32:59,307.87,Amazon,Houston,Travel,In-Store,37,Sales Rep,0
TXN-002666,ACCT-1000,2025-05-15 11:11:41,201.12,Best Buy,Portland,Personal Care,Phone,59,Freelancer,0
TXN-002667,ACCT-1070,2025-01-05 18:52:38,266.1,Amazon,Portland,Groceries,Mobile App,56,Student,0
TXN-002668,ACCT-1033,2025-05-03 12:47:15,182.05,Hilton,Miami,Travel,In-Store,43,Teacher,0
TXN-002669,ACCT-1090,2025-12-04 09:36:25,78.14,Chevron,San Francisco,Utilities,ATM,24,Retired,0
TXN-002670,ACCT-1029,2025-01-25 16:01:00,169.59,Grubhub,New York,Gas,Mobile App,32,Freelancer,0
TXN-002671,ACCT-1153,2025-06-19 12:01:56,86.44,McDonalds,Los Angeles,Education,Online,33,Lawyer,0
TXN-002672,ACCT-1098,2025-05-09 14:25:17,257.05,Uber,Houston,Travel,Online,37,Sales Rep,0
TXN-002673,ACCT-1037,2025-09-03 23:40:08,55.82,Costco,Atlanta,Dining,In-Store,18,Designer,0
TXN-002674,ACCT-1186,2025-02-03 02:40:21,27.41,Apple Store,Dallas,Education,Online,19,Freelancer,0
TXN-002675,ACCT-1067,2025-12-19 17:04:50,342.42,Costco,San Antonio,Travel,Online,62,Doctor,0
TXN-002676,ACCT-1119,2025-06-13 18:42:24,97.34,Costco,Boston,Healthcare,In-Store,41,Designer,0
TXN-002677,ACCT-1026,2025-02-17 16:12:01,56.76,Hilton,Detroit,Gas,In-Store,33,Lawyer,0
TXN-002678,ACCT-1028,2025-08-07 18:14:16,63.77,Target,Seattle,Entertainment,Mobile App,23,Freelancer,0
TXN-002679,ACCT-1118,2025-01-16 09:43:57,171.18,Walgreens,Detroit,Healthcare,Mobile App,37,Designer,0
TXN-002680,ACCT-1196,2025-01-25 13:30:19,342.95,Marriott,Los Angeles,Transportation,Online,48,Freelancer,0
TXN-002681,ACCT-1136,2025-03-06 12:46:28,321.27,Walmart,Boston,Utilities,Online,60,Sales Rep,0
TXN-002682,ACCT-1164,2025-12-09 11:12:07,125.24,Shell Gas,Dallas,Shopping,Mobile App,36,Freelancer,0
TXN-002683,ACCT-1079,2025-04-05 14:17:47,437.43,Zara,Phoenix,Dining,ATM,52,Retired,0
TXN-002684,ACCT-1106,2025-10-23 17:15:19,37.02,Shell Gas,Seattle,Gas,In-Store,23,Retired,0
TXN-002685,ACCT-1102,2025-04-11 11:56:08,69.73,Airbnb,Miami,Travel,In-Store,30,Accountant,0
TXN-002686,ACCT-1094,2025-06-22 11:08:17,189.37,Trader Joes,San Francisco,Personal Care,Online,48,Driver,0
TXN-002687,ACCT-1037,2025-03-23 10:58:48,65.48,Amazon,Phoenix,Healthcare,In-Store,18,Designer,0
TXN-002688,ACCT-1133,2025-05-24 18:39:39,22.78,Kroger,Nashville,Utilities,In-Store,19,Student,0
TXN-002689,ACCT-1011,2025-04-02 20:33:57,336.99,Chevron,Atlanta,Gas,ATM,47,Doctor,0
TXN-002690,ACCT-1062,2025-02-24 07:00:30,685.46,Grubhub,New York,Groceries,Online,52,Student,0
TXN-002691,ACCT-1090,2025-03-26 17:56:00,50.38,Safeway,Dallas,Utilities,Phone,24,Retired,0
TXN-002692,ACCT-1049,2025-11-30 22:26:59,119.73,Hilton,Dallas,Travel,Phone,48,Accountant,0
TXN-002693,ACCT-1140,2025-02-21 13:46:14,47.37,Kroger,Detroit,Dining,In-Store,24,Teacher,0
TXN-002694,ACCT-1136,2025-12-10 13:39:45,261.41,Grubhub,Boston,Education,Online,60,Sales Rep,0
TXN-002695,ACCT-1066,2025-11-06 11:18:20,78.29,Hilton,Houston,Healthcare,In-Store,38,Teacher,0
TXN-002696,ACCT-1032,2025-10-07 13:23:18,117.53,Kroger,New York,Education,In-Store,34,Analyst,0
TXN-002697,ACCT-1163,2025-08-03 12:57:17,757.86,Zara,Seattle,Dining,In-Store,48,Teacher,0
TXN-002698,ACCT-1015,2025-12-25 09:18:25,70.87,Spotify,Minneapolis,Education,In-Store,43,Lawyer,0
TXN-002699,ACCT-1051,2025-09-09 12:34:16,976.0,Nike,Phoenix,Healthcare,Mobile App,45,Chef,0
TXN-002700,ACCT-1196,2025-01-26 21:27:13,924.84,Amazon,Los Angeles,Personal Care,Online,48,Freelancer,0
TXN-002701,ACCT-1075,2025-04-16 10:33:50,131.28,Nike,San Diego,Shopping,Online,81,Accountant,0
TXN-002702,ACCT-1067,2025-10-24 13:09:14,251.62,Uber,Boston,Dining,Online,62,Doctor,0
TXN-002703,ACCT-1111,2025-01-03 00:01:22,80.6,United Airlines,Houston,Utilities,In-Store,22,Analyst,0
TXN-002704,ACCT-1114,2025-01-13 00:12:00,72.09,Apple Store,Detroit,Entertainment,Mobile App,65,Teacher,0
TXN-002705,ACCT-1082,2025-05-13 20:50:27,29.22,Shell Gas,Philadelphia,Shopping,Mobile App,26,Driver,0
TXN-002706,ACCT-1090,2025-05-06 12:31:06,124.29,Chevron,Dallas,Healthcare,Online,24,Retired,0
TXN-002707,ACCT-1193,2025-10-02 10:01:10,59.64,United Airlines,San Diego,Education,In-Store,42,Sales Rep,0
TXN-002708,ACCT-1060,2025-04-12 12:05:00,2500.0,Starbucks,Karachi,Utilities,Phone,42,Accountant,1
TXN-002709,ACCT-1154,2025-06-28 21:00:06,150.36,Home Depot,Atlanta,Transportation,Online,34,Teacher,0
TXN-002710,ACCT-1027,2025-09-10 13:03:19,297.96,CVS Pharmacy,Minneapolis,Transportation,Online,28,Sales Rep,1
TXN-002711,ACCT-1184,2025-05-30 14:06:22,57.31,Trader Joes,Seattle,Travel,Online,30,Analyst,0
TXN-002712,ACCT-1003,2025-03-31 10:26:14,72.9,Home Depot,San Antonio,Personal Care,Online,73,Engineer,0
TXN-002713,ACCT-1005,2025-11-17 11:35:07,74.45,Apple Store,Miami,Subscriptions,In-Store,24,Student,0
TXN-002714,ACCT-1059,2025-03-01 21:53:38,994.26,Whole Foods,San Antonio,Shopping,Phone,48,Doctor,0
TXN-002715,ACCT-1133,2025-04-11 11:36:45,44.78,Kroger,Nashville,Shopping,In-Store,19,Student,0
TXN-002716,ACCT-1071,2025-06-06 11:49:46,31.46,Best Buy,Nashville,Travel,Mobile App,42,Analyst,0
TXN-002717,ACCT-1108,2025-07-26 13:38:33,248.96,McDonalds,San Francisco,Entertainment,ATM,34,Retired,0
TXN-002718,ACCT-1142,2025-10-13 14:01:20,102.41,Nike,Los Angeles,Entertainment,In-Store,36,Analyst,0
TXN-002719,ACCT-1063,2025-08-14 10:14:10,46.8,Walmart,Austin,Utilities,ATM,70,Driver,0
TXN-002720,ACCT-1147,2025-06-16 22:00:30,121.48,Walmart,Atlanta,Healthcare,Online,75,Doctor,0
TXN-002721,ACCT-1067,2025-08-16 11:34:02,115.88,Walgreens,Phoenix,Dining,Online,62,Doctor,0
TXN-002722,ACCT-1128,2025-06-23 13:45:16,66.92,DoorDash,Denver,Healthcare,Online,21,Engineer,0
TXN-002723,ACCT-1007,2025-04-29 06:29:52,160.32,Netflix,Atlanta,Utilities,In-Store,66,Sales Rep,0
TXN-002724,ACCT-1038,2025-07-13 11:56:34,103.96,Chevron,Chicago,Entertainment,Online,42,Nurse,0
TXN-002725,ACCT-1169,2025-03-19 19:11:23,67.94,Nike,Chicago,Utilities,Online,36,Designer,0
TXN-002726,ACCT-1162,2025-05-11 19:12:34,948.26,CVS Pharmacy,Denver,Travel,Mobile App,58,Retired,0
TXN-002727,ACCT-1188,2025-11-04 13:33:29,10.39,Marriott,New York,Education,Online,23,Sales Rep,0
TXN-002728,ACCT-1083,2025-10-14 18:55:03,148.02,CVS Pharmacy,Detroit,Dining,Mobile App,52,Freelancer,0
TXN-002729,ACCT-1100,2025-03-24 16:07:28,293.94,Chevron,Boston,Personal Care,Mobile App,80,Manager,1
TXN-002730,ACCT-1062,2025-09-30 13:09:47,325.77,Airbnb,Chicago,Groceries,Online,52,Student,0
TXN-002731,ACCT-1096,2025-11-20 21:38:04,92.97,Costco,New York,Subscriptions,Online,30,Chef,0
TXN-002732,ACCT-1195,2025-06-23 23:03:37,175.15,Walmart,Houston,Travel,Online,46,Retired,0
TXN-002733,ACCT-1111,2025-08-03 10:00:25,51.47,Uber,Houston,Entertainment,ATM,22,Analyst,0
TXN-002734,ACCT-1067,2025-05-19 07:08:03,157.45,Costco,Boston,Gas,Online,62,Doctor,0
TXN-002735,ACCT-1129,2025-07-15 14:37:59,29.28,United Airlines,Chicago,Healthcare,ATM,32,Sales Rep,0
TXN-002736,ACCT-1067,2025-03-02 15:20:24,259.89,Marriott,Boston,Travel,Online,62,Doctor,0
TXN-002737,ACCT-1126,2025-07-29 08:35:08,126.76,Starbucks,Portland,Education,Mobile App,30,Driver,0
TXN-002738,ACCT-1059,2025-05-16 10:34:54,570.62,CVS Pharmacy,Los Angeles,Transportation,In-Store,48,Doctor,0
TXN-002739,ACCT-1014,2025-11-29 13:25:20,173.68,Kroger,Nashville,Transportation,In-Store,54,Chef,0
TXN-002740,ACCT-1059,2025-01-26 18:01:25,667.42,United Airlines,Los Angeles,Dining,In-Store,48,Doctor,0
TXN-002741,ACCT-1021,2025-01-13 17:24:43,43.64,Walmart,Phoenix,Transportation,In-Store,28,Teacher,0
TXN-002742,ACCT-1004,2025-05-15 18:10:31,39.46,Delta Airlines,Denver,Personal Care,Mobile App,28,Designer,0
TXN-002743,ACCT-1088,2025-08-31 13:16:17,130.46,Uber,Chicago,Education,ATM,33,Designer,0
TXN-002744,ACCT-1119,2025-01-18 15:01:41,158.55,Safeway,Boston,Healthcare,Online,41,Designer,0
TXN-002745,ACCT-1031,2025-08-24 11:34:58,41.36,Home Depot,San Antonio,Utilities,In-Store,71,Doctor,0
TXN-002746,ACCT-1165,2025-10-03 03:05:38,7.38,Best Buy,San Antonio,Healthcare,Mobile App,22,Accountant,0
TXN-002747,ACCT-1168,2025-04-21 08:03:25,46.41,Netflix,Philadelphia,Groceries,Online,82,Teacher,0
TXN-002748,ACCT-1181,2025-12-19 11:00:12,100.59,Lyft,Detroit,Subscriptions,Online,48,Manager,0
TXN-002749,ACCT-1013,2025-02-06 07:13:47,291.1,DoorDash,Houston,Travel,Online,45,Driver,0
TXN-002750,ACCT-1074,2025-06-25 11:17:13,119.18,Walgreens,Miami,Entertainment,Online,42,Freelancer,0
TXN-002751,ACCT-1144,2025-02-17 10:12:17,194.59,Apple Store,San Antonio,Entertainment,Online,27,Chef,0
TXN-002752,ACCT-1095,2025-11-07 06:18:17,138.07,Netflix,San Diego,Healthcare,Online,81,Doctor,0
TXN-002753,ACCT-1038,2025-03-24 10:40:45,57.14,Spotify,Chicago,Transportation,Online,42,Nurse,0
TXN-002754,ACCT-1058,2025-07-15 12:42:21,220.76,DoorDash,Miami,Personal Care,In-Store,36,Designer,0
TXN-002755,ACCT-1066,2025-12-03 11:45:15,132.8,Hilton,Houston,Utilities,Online,38,Teacher,0
TXN-002756,ACCT-1124,2025-10-29 22:21:44,127.59,Amazon,Miami,Travel,Mobile App,33,Analyst,0
TXN-002757,ACCT-1003,2025-04-09 12:40:59,310.25,Walgreens,San Antonio,Healthcare,Online,73,Engineer,0
TXN-002758,ACCT-1113,2025-05-06 10:06:01,94.94,Starbucks,Houston,Entertainment,In-Store,41,Designer,0
TXN-002759,ACCT-1180,2025-05-26 21:09:00,1346.43,CVS Pharmacy,Detroit,Travel,Online,45,Freelancer,1
TXN-002760,ACCT-1017,2025-05-20 13:17:43,52.64,Delta Airlines,San Diego,Travel,In-Store,76,Nurse,0
TXN-002761,ACCT-1141,2025-09-27 16:14:00,2000.0,Best Buy,Chicago,Travel,ATM,32,Engineer,1
TXN-002762,ACCT-1082,2025-07-25 13:04:42,51.29,Shell Gas,Philadelphia,Dining,Online,26,Driver,0
TXN-002763,ACCT-1077,2025-03-12 17:37:25,66.31,CVS Pharmacy,Seattle,Travel,ATM,80,Driver,0
TXN-002764,ACCT-1049,2025-04-16 17:26:01,577.92,Zara,Chicago,Groceries,In-Store,48,Accountant,0
TXN-002765,ACCT-1100,2025-10-23 07:35:38,199.85,Marriott,Phoenix,Dining,In-Store,80,Manager,0
TXN-002766,ACCT-1055,2025-07-21 20:16:25,156.48,Target,Denver,Education,In-Store,46,Nurse,0
TXN-002767,ACCT-1094,2025-09-30 12:32:33,301.95,Trader Joes,San Francisco,Transportation,Online,48,Driver,0
TXN-002768,ACCT-1116,2025-03-07 15:04:59,23.02,Marriott,San Francisco,Personal Care,ATM,19,Lawyer,0
TXN-002769,ACCT-1165,2025-03-09 14:00:53,41.85,Best Buy,San Antonio,Entertainment,In-Store,22,Accountant,0
TXN-002770,ACCT-1075,2025-05-10 15:08:04,168.25,Zara,Denver,Healthcare,In-Store,81,Accountant,0
TXN-002771,ACCT-1199,2025-04-11 15:17:32,208.41,Home Depot,Houston,Education,Online,33,Chef,0
TXN-002772,ACCT-1072,2025-04-03 13:41:10,272.12,Whole Foods,San Diego,Travel,Online,53,Analyst,0
TXN-002773,ACCT-1198,2025-05-20 12:01:21,111.05,CVS Pharmacy,Houston,Entertainment,Mobile App,53,Engineer,0
TXN-002774,ACCT-1113,2025-09-13 12:47:26,192.49,Home Depot,Houston,Travel,Online,41,Designer,0
TXN-002775,ACCT-1107,2025-09-17 16:02:45,234.86,Amazon,Chicago,Travel,Online,63,Student,0
TXN-002776,ACCT-1051,2025-05-27 19:53:35,226.0,United Airlines,Phoenix,Utilities,In-Store,45,Chef,0
TXN-002777,ACCT-1104,2025-10-13 07:59:30,30.52,Uber,Dallas,Utilities,In-Store,24,Engineer,0
TXN-002778,ACCT-1088,2025-01-16 09:50:47,156.4,Kroger,Phoenix,Personal Care,Phone,33,Designer,0
TXN-002779,ACCT-1053,2025-02-12 20:35:11,27.44,Delta Airlines,Philadelphia,Transportation,Mobile App,20,Student,0
TXN-002780,ACCT-1066,2025-12-07 10:42:26,342.9,Best Buy,Seattle,Travel,In-Store,38,Teacher,0
TXN-002781,ACCT-1068,2025-12-24 18:01:21,35.06,Trader Joes,Atlanta,Travel,Mobile App,22,Accountant,0
TXN-002782,ACCT-1053,2025-09-01 11:39:15,29.28,Nike,Philadelphia,Transportation,Mobile App,20,Student,0
TXN-002783,ACCT-1035,2025-06-01 22:25:20,106.83,Netflix,Houston,Personal Care,In-Store,36,Chef,0
TXN-002784,ACCT-1081,2025-06-18 00:19:20,187.22,Best Buy,Denver,Personal Care,Online,77,Accountant,0
TXN-002785,ACCT-1150,2025-08-31 22:10:55,54.97,Home Depot,Atlanta,Transportation,Online,24,Manager,0
TXN-002786,ACCT-1112,2025-02-15 01:52:23,52.56,Walgreens,San Antonio,Shopping,Mobile App,23,Sales Rep,0
TXN-002787,ACCT-1031,2025-12-25 17:32:25,71.83,Costco,Minneapolis,Shopping,Phone,71,Doctor,0
TXN-002788,ACCT-1036,2025-08-18 09:11:06,49.48,Trader Joes,Chicago,Travel,Online,21,Sales Rep,0
TXN-002789,ACCT-1067,2025-05-20 15:00:43,345.66,Costco,Boston,Entertainment,Mobile App,62,Doctor,0
TXN-002790,ACCT-1154,2025-10-02 07:29:13,80.78,DoorDash,San Diego,Gas,In-Store,34,Teacher,0
TXN-002791,ACCT-1056,2025-08-10 08:25:33,139.45,Walmart,Philadelphia,Shopping,Phone,39,Freelancer,0
TXN-002792,ACCT-1049,2025-02-17 18:34:19,272.87,Lyft,Chicago,Education,Phone,48,Accountant,0
TXN-002793,ACCT-1101,2025-08-25 12:59:58,46.99,Airbnb,Minneapolis,Gas,Phone,24,Doctor,0
TXN-002794,ACCT-1111,2025-04-21 12:04:28,26.48,Uber,Houston,Subscriptions,Phone,22,Analyst,0
TXN-002795,ACCT-1004,2025-05-19 18:56:07,192.81,Delta Airlines,Minneapolis,Groceries,In-Store,28,Designer,0
TXN-002796,ACCT-1071,2025-11-04 12:57:18,82.59,Airbnb,Nashville,Education,In-Store,42,Analyst,0
TXN-002797,ACCT-1099,2025-07-08 11:22:30,67.75,Grubhub,Detroit,Entertainment,Online,32,Sales Rep,0
TXN-002798,ACCT-1070,2025-05-20 14:46:14,295.76,Amazon,Portland,Healthcare,Online,56,Student,0
TXN-002799,ACCT-1031,2025-06-10 13:01:53,226.93,DoorDash,San Antonio,Healthcare,In-Store,71,Doctor,0
TXN-002800,ACCT-1150,2025-04-20 21:01:02,83.58,Delta Airlines,Atlanta,Personal Care,Mobile App,24,Manager,0
TXN-002801,ACCT-1038,2025-10-27 12:29:04,93.18,Grubhub,Chicago,Travel,In-Store,42,Nurse,0
TXN-002802,ACCT-1032,2025-01-26 17:30:26,122.87,Airbnb,New York,Shopping,ATM,34,Analyst,0
TXN-002803,ACCT-1134,2025-08-19 09:27:13,207.04,Kroger,Miami,Groceries,In-Store,56,Student,0
TXN-002804,ACCT-1014,2025-04-18 21:05:37,257.43,Target,San Diego,Transportation,Mobile App,54,Chef,0
TXN-002805,ACCT-1059,2025-02-20 13:04:00,853.06,Uber,Los Angeles,Entertainment,Phone,48,Doctor,0
TXN-002806,ACCT-1182,2025-09-27 14:09:16,375.31,Best Buy,Denver,Dining,Mobile App,55,Lawyer,0
TXN-002807,ACCT-1194,2025-11-02 15:36:57,93.87,Walgreens,San Diego,Healthcare,In-Store,84,Lawyer,0
TXN-002808,ACCT-1044,2025-05-18 09:30:45,188.28,Shell Gas,Portland,Education,In-Store,73,Doctor,0
TXN-002809,ACCT-1153,2025-03-24 14:47:49,24.24,Kroger,Los Angeles,Subscriptions,In-Store,33,Lawyer,0
TXN-002810,ACCT-1126,2025-03-24 19:49:40,87.1,Netflix,Portland,Gas,Mobile App,30,Driver,0
TXN-002811,ACCT-1027,2025-09-28 17:43:55,178.93,Home Depot,Houston,Travel,Mobile App,28,Sales Rep,0
TXN-002812,ACCT-1046,2025-09-23 09:33:56,147.89,Safeway,Atlanta,Gas,In-Store,27,Driver,0
TXN-002813,ACCT-1162,2025-01-28 10:06:48,936.12,Nike,Denver,Healthcare,Mobile App,58,Retired,0
TXN-002814,ACCT-1169,2025-02-07 15:43:48,76.82,Nike,Phoenix,Shopping,Online,36,Designer,0
TXN-002815,ACCT-1013,2025-06-27 23:32:47,712.24,Grubhub,Houston,Shopping,In-Store,45,Driver,0
TXN-002816,ACCT-1157,2025-02-13 13:30:25,481.66,United Airlines,San Diego,Travel,In-Store,57,Lawyer,0
TXN-002817,ACCT-1133,2025-11-16 08:30:52,39.39,Kroger,Nashville,Transportation,Mobile App,19,Student,0
TXN-002818,ACCT-1058,2025-10-18 12:12:57,288.89,CVS Pharmacy,San Diego,Dining,Online,36,Designer,0
TXN-002819,ACCT-1024,2025-02-04 10:19:11,189.71,Netflix,Portland,Education,In-Store,44,Lawyer,0
TXN-002820,ACCT-1177,2025-02-17 11:08:55,63.0,Zara,Portland,Travel,Phone,24,Teacher,0
TXN-002821,ACCT-1119,2025-09-15 13:43:49,179.88,Safeway,Boston,Education,Online,41,Designer,0
TXN-002822,ACCT-1054,2025-04-01 11:11:18,247.58,Kroger,Nashville,Gas,ATM,80,Retired,0
TXN-002823,ACCT-1034,2025-07-09 10:38:35,131.15,Walgreens,Philadelphia,Groceries,Online,41,Lawyer,0
TXN-002824,ACCT-1172,2025-03-03 16:46:04,64.26,Walgreens,Austin,Entertainment,In-Store,25,Nurse,0
TXN-002825,ACCT-1171,2025-10-23 13:49:50,230.62,Walgreens,Boston,Education,Online,57,Doctor,0
TXN-002826,ACCT-1009,2025-08-09 13:15:35,54.74,Zara,Austin,Utilities,ATM,69,Analyst,0
TXN-002827,ACCT-1157,2025-09-22 09:10:21,212.08,Spotify,San Diego,Dining,Mobile App,57,Lawyer,0
TXN-002828,ACCT-1112,2025-11-22 17:30:17,19.86,Lyft,San Antonio,Entertainment,Mobile App,23,Sales Rep,0
TXN-002829,ACCT-1005,2025-07-30 11:24:34,23.84,CVS Pharmacy,Phoenix,Education,ATM,24,Student,0
TXN-002830,ACCT-1005,2025-12-17 17:52:28,29.79,Apple Store,Phoenix,Transportation,In-Store,24,Student,0
TXN-002831,ACCT-1004,2025-08-02 17:16:21,108.26,DoorDash,Miami,Transportation,Online,28,Designer,0
TXN-002832,ACCT-1118,2025-09-04 21:20:13,197.22,Walgreens,Detroit,Groceries,Online,37,Designer,0
TXN-002833,ACCT-1027,2025-08-25 12:40:53,240.75,Home Depot,Houston,Subscriptions,ATM,28,Sales Rep,0
TXN-002834,ACCT-1067,2025-04-10 17:00:59,391.37,Marriott,Boston,Utilities,Online,62,Doctor,0
TXN-002835,ACCT-1094,2025-01-04 17:36:43,431.35,Lyft,San Francisco,Transportation,Online,48,Driver,0
TXN-002836,ACCT-1037,2025-02-14 14:23:32,96.3,DoorDash,Atlanta,Education,Online,18,Designer,0
TXN-002837,ACCT-1049,2025-09-11 12:22:34,212.84,Apple Store,Chicago,Travel,Mobile App,48,Accountant,0
TXN-002838,ACCT-1066,2025-10-13 16:04:46,335.15,Grubhub,Seattle,Education,Mobile App,38,Teacher,0
TXN-002839,ACCT-1138,2025-10-14 13:59:14,112.39,Uber,Miami,Utilities,Mobile App,29,Accountant,0
TXN-002840,ACCT-1184,2025-10-27 07:42:44,30.77,Zara,Seattle,Travel,Online,30,Analyst,0
TXN-002841,ACCT-1117,2025-11-28 14:24:29,148.05,Zara,Dallas,Transportation,In-Store,56,Teacher,0
TXN-002842,ACCT-1104,2025-10-21 20:16:58,70.21,Walgreens,Dallas,Shopping,Mobile App,24,Engineer,0
TXN-002843,ACCT-1099,2025-01-16 08:12:32,63.92,Costco,Denver,Healthcare,Online,32,Sales Rep,0
TXN-002844,ACCT-1073,2025-11-11 22:12:31,179.43,Walmart,Miami,Groceries,Online,34,Analyst,0
TXN-002845,ACCT-1126,2025-05-31 21:42:10,115.42,Apple Store,Portland,Utilities,Online,30,Driver,0
TXN-002846,ACCT-1034,2025-12-25 10:27:22,144.99,Kroger,Philadelphia,Shopping,ATM,41,Lawyer,0
TXN-002847,ACCT-1058,2025-11-09 12:54:56,143.53,Nike,San Diego,Subscriptions,Online,36,Designer,0
TXN-002848,ACCT-1182,2025-12-26 23:17:33,454.22,Home Depot,Denver,Travel,Mobile App,55,Lawyer,0
TXN-002849,ACCT-1056,2025-02-23 19:33:27,61.73,Walmart,Philadelphia,Dining,Online,39,Freelancer,0
TXN-002850,ACCT-1163,2025-05-13 17:06:05,202.5,Zara,Seattle,Utilities,In-Store,48,Teacher,0
TXN-002851,ACCT-1031,2025-08-23 14:03:00,5000.0,Best Buy,Nashville,Utilities,ATM,71,Doctor,1
TXN-002852,ACCT-1011,2025-10-17 05:22:20,260.75,Marriott,Atlanta,Personal Care,Online,47,Doctor,0
TXN-002853,ACCT-1089,2025-06-07 14:52:16,73.65,Airbnb,Dallas,Shopping,In-Store,18,Driver,0
TXN-002854,ACCT-1016,2025-07-12 20:53:01,408.54,Uber,Miami,Personal Care,ATM,26,Driver,0
TXN-002855,ACCT-1117,2025-11-22 12:10:59,303.14,Zara,Houston,Utilities,In-Store,56,Teacher,0
TXN-002856,ACCT-1064,2025-10-16 07:54:43,66.99,Delta Airlines,Austin,Groceries,In-Store,19,Driver,0
TXN-002857,ACCT-1021,2025-08-04 11:24:35,46.39,Delta Airlines,Phoenix,Transportation,In-Store,28,Teacher,0
TXN-002858,ACCT-1092,2025-04-27 21:54:59,199.86,Shell Gas,Minneapolis,Entertainment,In-Store,32,Accountant,0
TXN-002859,ACCT-1053,2025-02-25 16:59:56,106.36,Delta Airlines,Philadelphia,Travel,Online,20,Student,0
TXN-002860,ACCT-1045,2025-04-10 11:23:21,49.89,Netflix,San Francisco,Groceries,Mobile App,66,Chef,0
TXN-002861,ACCT-1025,2025-05-03 13:18:06,172.19,Home Depot,Phoenix,Transportation,Online,43,Chef,0
TXN-002862,ACCT-1101,2025-11-19 09:25:55,23.5,Zara,Minneapolis,Education,Online,24,Doctor,0
TXN-002863,ACCT-1050,2025-08-01 10:22:26,100.88,Netflix,Minneapolis,Dining,Online,43,Designer,0
TXN-002864,ACCT-1179,2025-12-11 14:08:09,40.51,Best Buy,Nashville,Transportation,Mobile App,41,Engineer,0
TXN-002865,ACCT-1145,2025-07-23 16:13:58,23.71,Grubhub,Atlanta,Dining,In-Store,19,Chef,0
TXN-002866,ACCT-1115,2025-02-05 14:26:25,106.08,Apple Store,San Francisco,Transportation,Online,40,Sales Rep,0
TXN-002867,ACCT-1195,2025-06-01 09:40:09,562.6,DoorDash,Houston,Personal Care,Mobile App,46,Retired,0
TXN-002868,ACCT-1064,2025-03-06 12:53:48,66.98,Starbucks,Austin,Personal Care,Online,19,Driver,0
TXN-002869,ACCT-1146,2025-02-21 10:38:44,71.57,Grubhub,Atlanta,Healthcare,Online,39,Accountant,0
TXN-002870,ACCT-1173,2025-04-22 11:55:00,2156.61,Hilton,Chicago,Entertainment,Online,44,Retired,1
TXN-002871,ACCT-1014,2025-08-11 15:42:57,244.5,Kroger,Nashville,Shopping,In-Store,54,Chef,0
TXN-002872,ACCT-1051,2025-12-08 23:24:54,426.06,Safeway,Phoenix,Shopping,Mobile App,45,Chef,0
TXN-002873,ACCT-1072,2025-03-19 15:44:56,327.82,Kroger,San Diego,Transportation,ATM,53,Analyst,0
TXN-002874,ACCT-1074,2025-08-20 20:12:09,150.41,McDonalds,Nashville,Travel,Online,42,Freelancer,0
TXN-002875,ACCT-1161,2025-01-22 11:09:01,54.25,Hilton,Detroit,Education,Mobile App,75,Engineer,0
TXN-002876,ACCT-1051,2025-03-09 16:22:55,168.61,Hilton,Austin,Education,Online,45,Chef,0
TXN-002877,ACCT-1036,2025-08-12 13:33:34,52.88,Spotify,Miami,Dining,In-Store,21,Sales Rep,0
TXN-002878,ACCT-1140,2025-11-11 21:28:49,23.47,Home Depot,Detroit,Entertainment,Mobile App,24,Teacher,0
TXN-002879,ACCT-1174,2025-01-07 12:00:11,243.23,Costco,Minneapolis,Groceries,Mobile App,34,Retired,0
TXN-002880,ACCT-1014,2025-04-20 06:32:15,171.06,Kroger,Dallas,Transportation,Online,54,Chef,0
TXN-002881,ACCT-1174,2025-12-21 17:02:17,78.15,Apple Store,San Francisco,Dining,Mobile App,34,Retired,0
TXN-002882,ACCT-1177,2025-03-21 18:24:07,22.6,Whole Foods,Los Angeles,Personal Care,Online,24,Teacher,0
TXN-002883,ACCT-1004,2025-06-17 17:28:14,212.77,Apple Store,Boston,Transportation,Mobile App,28,Designer,0
TXN-002884,ACCT-1156,2025-09-18 15:34:16,38.27,Target,Atlanta,Healthcare,Online,18,Sales Rep,0
TXN-002885,ACCT-1117,2025-07-07 11:14:55,122.9,Whole Foods,Houston,Shopping,Online,56,Teacher,0
TXN-002886,ACCT-1076,2025-07-06 20:03:15,8.36,Best Buy,Portland,Shopping,In-Store,18,Teacher,0
TXN-002887,ACCT-1019,2025-01-06 18:28:28,59.59,CVS Pharmacy,Chicago,Groceries,In-Store,41,Lawyer,0
TXN-002888,ACCT-1060,2025-01-15 15:11:16,243.44,Whole Foods,Phoenix,Healthcare,Online,42,Accountant,0
TXN-002889,ACCT-1009,2025-08-02 17:12:26,152.39,Safeway,Austin,Travel,In-Store,69,Analyst,0
TXN-002890,ACCT-1163,2025-12-30 04:42:53,354.39,Zara,Seattle,Personal Care,In-Store,48,Teacher,0
TXN-002891,ACCT-1138,2025-09-05 11:19:42,105.11,Starbucks,Miami,Entertainment,Online,29,Accountant,0
TXN-002892,ACCT-1073,2025-08-13 20:38:48,130.88,Walmart,Miami,Subscriptions,ATM,34,Analyst,0
TXN-002893,ACCT-1151,2025-07-15 12:48:56,303.8,Amazon,Denver,Personal Care,Online,36,Retired,0
TXN-002894,ACCT-1063,2025-10-19 12:49:22,61.27,Airbnb,San Diego,Personal Care,Online,70,Driver,0
TXN-002895,ACCT-1092,2025-08-09 12:34:56,301.38,Walmart,Minneapolis,Education,Phone,32,Accountant,0
TXN-002896,ACCT-1141,2025-02-09 21:24:06,151.33,CVS Pharmacy,San Diego,Shopping,In-Store,32,Engineer,0
TXN-002897,ACCT-1176,2025-05-18 09:22:07,209.62,Spotify,Portland,Gas,Online,62,Designer,1
TXN-002898,ACCT-1176,2025-10-31 18:48:13,125.69,Shell Gas,Boston,Travel,Online,62,Designer,0
TXN-002899,ACCT-1081,2025-12-12 05:40:56,263.62,Best Buy,Denver,Utilities,Online,77,Accountant,0
TXN-002900,ACCT-1185,2025-07-19 18:05:36,239.7,CVS Pharmacy,New York,Utilities,In-Store,58,Lawyer,0
TXN-002901,ACCT-1191,2025-08-04 12:36:26,110.88,Grubhub,San Francisco,Entertainment,Mobile App,61,Designer,0
TXN-002902,ACCT-1078,2025-07-02 07:35:15,36.63,Lyft,Houston,Utilities,In-Store,24,Freelancer,0
TXN-002903,ACCT-1023,2025-05-07 17:26:49,48.23,Chevron,Dallas,Utilities,In-Store,39,Retired,0
TXN-002904,ACCT-1129,2025-01-06 16:27:12,41.67,Grubhub,Chicago,Transportation,In-Store,32,Sales Rep,0
TXN-002905,ACCT-1147,2025-08-15 17:28:36,69.2,Walmart,Los Angeles,Dining,ATM,75,Doctor,0
TXN-002906,ACCT-1012,2025-01-23 15:18:14,95.98,DoorDash,Chicago,Subscriptions,ATM,22,Teacher,0
TXN-002907,ACCT-1015,2025-05-14 08:38:10,41.48,Walgreens,Minneapolis,Subscriptions,In-Store,43,Lawyer,0
TXN-002908,ACCT-1006,2025-05-13 18:53:44,199.39,Delta Airlines,Atlanta,Education,ATM,55,Nurse,0
TXN-002909,ACCT-1084,2025-02-04 07:34:44,56.32,Chevron,Dallas,Groceries,In-Store,24,Engineer,0
TXN-002910,ACCT-1145,2025-09-16 15:42:22,20.48,Shell Gas,San Diego,Utilities,In-Store,19,Chef,0
TXN-002911,ACCT-1162,2025-01-09 10:13:22,713.84,CVS Pharmacy,Denver,Subscriptions,Mobile App,58,Retired,0
TXN-002912,ACCT-1052,2025-11-02 22:53:47,54.99,Grubhub,Philadelphia,Utilities,Mobile App,68,Accountant,0
TXN-002913,ACCT-1056,2025-10-10 10:22:11,69.59,Shell Gas,Philadelphia,Dining,In-Store,39,Freelancer,0
TXN-002914,ACCT-1084,2025-01-28 18:04:16,36.75,Walgreens,Dallas,Subscriptions,Online,24,Engineer,0
TXN-002915,ACCT-1150,2025-03-05 19:28:49,30.86,Zara,Atlanta,Travel,Online,24,Manager,0
TXN-002916,ACCT-1007,2025-07-03 14:00:01,136.35,Amazon,Houston,Transportation,Online,66,Sales Rep,0
TXN-002917,ACCT-1120,2025-12-16 16:52:45,519.03,Safeway,Minneapolis,Groceries,Mobile App,54,Teacher,0
TXN-002918,ACCT-1149,2025-06-14 12:19:09,247.24,Zara,Los Angeles,Personal Care,Mobile App,41,Sales Rep,0
TXN-002919,ACCT-1069,2025-07-23 21:02:03,110.4,McDonalds,Minneapolis,Travel,Online,32,Manager,0
TXN-002920,ACCT-1116,2025-01-15 20:12:28,36.79,Costco,San Francisco,Travel,In-Store,19,Lawyer,0
TXN-002921,ACCT-1018,2025-10-23 10:57:42,145.46,Walgreens,Seattle,Entertainment,In-Store,28,Retired,0
TXN-002922,ACCT-1148,2025-09-28 11:25:45,93.9,United Airlines,Houston,Entertainment,Mobile App,23,Chef,0
TXN-002923,ACCT-1113,2025-12-11 08:28:54,89.52,Home Depot,Houston,Entertainment,Mobile App,41,Designer,0
TXN-002924,ACCT-1034,2025-08-12 12:34:16,152.2,Zara,Philadelphia,Healthcare,Mobile App,41,Lawyer,0
TXN-002925,ACCT-1069,2025-12-02 13:58:31,76.44,Marriott,Minneapolis,Personal Care,Online,32,Manager,0
TXN-002926,ACCT-1162,2025-12-17 11:27:02,228.35,Lyft,Denver,Gas,In-Store,58,Retired,0
TXN-002927,ACCT-1128,2025-11-23 13:30:50,80.98,Marriott,Denver,Education,ATM,21,Engineer,0
TXN-002928,ACCT-1152,2025-10-07 12:27:46,216.67,Walmart,San Francisco,Education,Mobile App,58,Chef,0
TXN-002929,ACCT-1104,2025-03-03 10:36:40,73.32,Kroger,Dallas,Personal Care,Mobile App,24,Engineer,0
TXN-002930,ACCT-1035,2025-10-05 09:49:35,140.06,Netflix,Houston,Utilities,ATM,36,Chef,0
TXN-002931,ACCT-1041,2025-12-27 12:19:48,180.2,Shell Gas,Los Angeles,Healthcare,ATM,44,Designer,0
TXN-002932,ACCT-1078,2025-11-28 21:38:51,48.92,Whole Foods,Houston,Transportation,Mobile App,24,Freelancer,0
TXN-002933,ACCT-1118,2025-10-12 13:39:31,202.94,Trader Joes,Detroit,Shopping,In-Store,37,Designer,0
TXN-002934,ACCT-1074,2025-12-03 13:42:25,148.77,CVS Pharmacy,Philadelphia,Dining,In-Store,42,Freelancer,0
TXN-002935,ACCT-1102,2025-05-26 11:37:54,363.64,Grubhub,Miami,Personal Care,Mobile App,30,Accountant,0
TXN-002936,ACCT-1163,2025-09-16 18:13:57,517.15,Whole Foods,Seattle,Gas,ATM,48,Teacher,0
TXN-002937,ACCT-1116,2025-11-18 22:24:33,49.93,Walgreens,San Francisco,Shopping,Mobile App,19,Lawyer,0
TXN-002938,ACCT-1023,2025-03-10 09:10:03,96.04,Lyft,Dallas,Shopping,Online,39,Retired,0
TXN-002939,ACCT-1087,2025-07-09 09:56:26,671.49,Home Depot,Seattle,Subscriptions,Online,61,Manager,0
TXN-002940,ACCT-1102,2025-04-28 21:07:06,214.68,Shell Gas,Miami,Gas,Mobile App,30,Accountant,0
TXN-002941,ACCT-1153,2025-07-31 23:24:09,126.74,Zara,Los Angeles,Healthcare,Online,33,Lawyer,0
TXN-002942,ACCT-1128,2025-01-12 19:31:22,44.76,Lyft,Denver,Healthcare,Mobile App,21,Engineer,0
TXN-002943,ACCT-1140,2025-04-06 11:24:18,39.25,Zara,Detroit,Transportation,In-Store,24,Teacher,0
TXN-002944,ACCT-1142,2025-06-18 14:52:54,110.07,Chevron,San Diego,Shopping,Online,36,Analyst,0
TXN-002945,ACCT-1084,2025-03-06 12:12:06,61.07,Target,Dallas,Utilities,In-Store,24,Engineer,0
TXN-002946,ACCT-1167,2025-06-25 11:14:16,340.1,Hilton,Seattle,Dining,Mobile App,57,Manager,0
TXN-002947,ACCT-1090,2025-09-16 19:32:41,48.51,Chevron,Dallas,Education,Online,24,Retired,0
TXN-002948,ACCT-1142,2025-11-21 15:37:42,41.19,Safeway,Los Angeles,Education,In-Store,36,Analyst,0
TXN-002949,ACCT-1095,2025-01-26 03:58:57,85.26,Nike,San Diego,Groceries,Online,81,Doctor,0
TXN-002950,ACCT-1028,2025-02-12 20:33:25,30.95,Shell Gas,Seattle,Entertainment,Mobile App,23,Freelancer,0
TXN-002951,ACCT-1016,2025-07-15 10:45:31,248.33,Marriott,Miami,Shopping,In-Store,26,Driver,0
TXN-002952,ACCT-1011,2025-06-15 11:15:00,409.77,Airbnb,Atlanta,Utilities,ATM,47,Doctor,0
TXN-002953,ACCT-1117,2025-12-29 09:34:11,210.01,Uber,Houston,Personal Care,Online,56,Teacher,0
TXN-002954,ACCT-1021,2025-07-31 10:10:20,71.19,Zara,Phoenix,Shopping,In-Store,28,Teacher,0
TXN-002955,ACCT-1120,2025-05-21 16:39:02,390.43,Kroger,Minneapolis,Education,Online,54,Teacher,0
TXN-002956,ACCT-1151,2025-07-31 20:40:00,1578.31,UnknownVendor_X9,Minsk,Shopping,Online,36,Retired,1
TXN-002957,ACCT-1154,2025-08-07 11:37:29,127.12,Whole Foods,San Diego,Gas,Online,34,Teacher,0
TXN-002958,ACCT-1069,2025-04-18 17:51:48,169.85,Shell Gas,Minneapolis,Personal Care,Online,32,Manager,0
TXN-002959,ACCT-1015,2025-01-18 22:10:51,132.74,Hilton,Minneapolis,Groceries,Phone,43,Lawyer,0
TXN-002960,ACCT-1132,2025-04-22 10:22:33,582.05,Marriott,Miami,Education,Mobile App,54,Manager,0
TXN-002961,ACCT-1067,2025-01-04 00:49:24,224.73,Uber,Boston,Healthcare,In-Store,62,Doctor,0
TXN-002962,ACCT-1033,2025-12-25 13:13:49,138.77,Zara,Miami,Transportation,In-Store,43,Teacher,0
TXN-002963,ACCT-1006,2025-09-29 08:20:12,65.61,Lyft,Atlanta,Shopping,Online,55,Nurse,0
TXN-002964,ACCT-1125,2025-03-14 13:10:53,287.06,Costco,Atlanta,Groceries,In-Store,61,Teacher,0
TXN-002965,ACCT-1127,2025-03-26 14:47:53,56.1,Spotify,Denver,Subscriptions,Mobile App,32,Nurse,0
TXN-002966,ACCT-1092,2025-03-18 11:26:12,285.83,Walmart,Minneapolis,Gas,Mobile App,32,Accountant,0
TXN-002967,ACCT-1015,2025-01-23 10:59:30,73.1,Walgreens,Minneapolis,Education,Online,43,Lawyer,0
TXN-002968,ACCT-1180,2025-12-17 18:42:55,339.58,Zara,Detroit,Subscriptions,ATM,45,Freelancer,0
TXN-002969,ACCT-1069,2025-10-08 12:57:32,57.08,Delta Airlines,Minneapolis,Education,In-Store,32,Manager,0
TXN-002970,ACCT-1142,2025-02-11 20:28:28,73.89,Safeway,Los Angeles,Personal Care,Online,36,Analyst,0
TXN-002971,ACCT-1063,2025-09-04 16:36:15,111.47,Home Depot,Austin,Shopping,In-Store,70,Driver,0
TXN-002972,ACCT-1049,2025-03-30 00:05:29,338.8,Zara,Chicago,Education,Online,48,Accountant,0
TXN-002973,ACCT-1112,2025-10-18 19:58:27,25.68,Spotify,San Antonio,Personal Care,Mobile App,23,Sales Rep,0
TXN-002974,ACCT-1165,2025-01-26 14:28:57,17.97,Best Buy,San Antonio,Transportation,Mobile App,22,Accountant,0
TXN-002975,ACCT-1193,2025-04-17 11:17:01,138.64,Whole Foods,San Diego,Education,ATM,42,Sales Rep,0
TXN-002976,ACCT-1028,2025-12-30 22:57:35,59.18,Hilton,Phoenix,Education,Online,23,Freelancer,0
TXN-002977,ACCT-1172,2025-09-12 21:00:08,62.67,Whole Foods,Austin,Groceries,Online,25,Nurse,0
TXN-002978,ACCT-1116,2025-09-16 14:27:22,45.06,Costco,San Francisco,Personal Care,Online,19,Lawyer,0
TXN-002979,ACCT-1090,2025-12-26 11:37:29,40.68,Safeway,Dallas,Personal Care,Online,24,Retired,0
TXN-002980,ACCT-1070,2025-05-05 19:28:59,348.24,Walmart,Portland,Education,Online,56,Student,0
TXN-002981,ACCT-1121,2025-09-20 10:38:08,93.68,Chevron,Houston,Shopping,ATM,35,Accountant,0
TXN-002982,ACCT-1188,2025-09-08 01:36:59,73.93,Starbucks,Minneapolis,Groceries,Mobile App,23,Sales Rep,0
TXN-002983,ACCT-1046,2025-02-26 15:19:06,58.06,Target,San Diego,Transportation,In-Store,27,Driver,0
TXN-002984,ACCT-1125,2025-04-14 16:17:47,160.18,Costco,Atlanta,Shopping,Mobile App,61,Teacher,0
TXN-002985,ACCT-1191,2025-05-22 07:41:48,296.13,Delta Airlines,San Francisco,Healthcare,Online,61,Designer,0
TXN-002986,ACCT-1037,2025-08-22 04:19:00,461.3,Whole Foods,Atlanta,Shopping,Online,18,Designer,1
TXN-002987,ACCT-1042,2025-09-21 17:20:34,39.95,United Airlines,Minneapolis,Transportation,In-Store,50,Sales Rep,0
TXN-002988,ACCT-1050,2025-12-29 13:37:05,210.42,Nike,Minneapolis,Utilities,ATM,43,Designer,0
TXN-002989,ACCT-1005,2025-10-24 08:04:24,5.02,Target,Miami,Travel,In-Store,24,Student,0
TXN-002990,ACCT-1084,2025-03-26 17:44:08,53.65,CVS Pharmacy,Dallas,Groceries,Mobile App,24,Engineer,0
TXN-002991,ACCT-1125,2025-05-19 01:34:01,478.36,United Airlines,Atlanta,Personal Care,In-Store,61,Teacher,0
TXN-002992,ACCT-1127,2025-04-29 22:52:56,145.18,Delta Airlines,Denver,Travel,ATM,32,Nurse,0
TXN-002993,ACCT-1148,2025-11-09 10:19:21,62.55,Safeway,Houston,Shopping,Online,23,Chef,0
TXN-002994,ACCT-1124,2025-11-02 21:20:50,189.25,Walgreens,Miami,Healthcare,Mobile App,33,Analyst,0
TXN-002995,ACCT-1127,2025-07-05 16:40:57,114.66,Uber,Denver,Subscriptions,Phone,32,Nurse,0
TXN-002996,ACCT-1188,2025-04-25 11:45:06,55.39,Starbucks,New York,Utilities,Mobile App,23,Sales Rep,0
TXN-002997,ACCT-1092,2025-02-26 12:23:09,191.21,Shell Gas,Minneapolis,Education,In-Store,32,Accountant,0
TXN-002998,ACCT-1017,2025-03-21 16:36:08,36.33,United Airlines,San Diego,Utilities,Online,76,Nurse,0
TXN-002999,ACCT-1002,2025-06-11 08:01:14,162.98,Target,New York,Dining,In-Store,26,Lawyer,0
TXN-003000,ACCT-1117,2025-08-18 15:08:54,276.42,Lyft,Houston,Subscriptions,Phone,56,Teacher,0
TXN-003001,ACCT-1026,2025-04-02 13:12:07,99.16,Best Buy,Detroit,Utilities,Mobile App,33,Lawyer,0
TXN-003002,ACCT-1137,2025-09-12 19:51:30,49.95,Marriott,Miami,Shopping,Online,41,Lawyer,0
TXN-003003,ACCT-1077,2025-09-07 22:43:48,49.9,Walgreens,Seattle,Dining,In-Store,80,Driver,0
TXN-003004,ACCT-1009,2025-12-24 15:07:47,43.35,Costco,Austin,Transportation,ATM,69,Analyst,0
TXN-003005,ACCT-1115,2025-01-21 14:54:26,184.27,Home Depot,San Francisco,Groceries,Online,40,Sales Rep,0
TXN-003006,ACCT-1125,2025-12-10 11:22:25,135.19,McDonalds,Atlanta,Healthcare,Mobile App,61,Teacher,0
TXN-003007,ACCT-1005,2025-11-20 16:57:22,56.12,Whole Foods,Detroit,Groceries,ATM,24,Student,0
TXN-003008,ACCT-1143,2025-07-05 19:01:15,24.35,Nike,Minneapolis,Education,Online,76,Retired,0
TXN-003009,ACCT-1189,2025-01-20 15:50:19,24.94,Home Depot,Detroit,Personal Care,Mobile App,23,Designer,0
TXN-003010,ACCT-1079,2025-02-01 16:12:10,558.89,Starbucks,Nashville,Personal Care,In-Store,52,Retired,0
TXN-003011,ACCT-1000,2025-12-24 17:21:04,449.23,United Airlines,Portland,Utilities,ATM,59,Freelancer,0
TXN-003012,ACCT-1038,2025-09-22 09:14:39,188.14,Uber,Chicago,Utilities,In-Store,42,Nurse,0
TXN-003013,ACCT-1091,2025-03-23 16:21:40,177.29,Apple Store,Miami,Transportation,Online,36,Manager,0
TXN-003014,ACCT-1081,2025-05-17 14:38:37,47.2,Delta Airlines,Austin,Education,Online,77,Accountant,0
TXN-003015,ACCT-1053,2025-09-02 19:11:34,41.07,Delta Airlines,Philadelphia,Entertainment,In-Store,20,Student,0
TXN-003016,ACCT-1137,2025-03-05 22:17:23,117.87,Walgreens,Miami,Education,Online,41,Lawyer,0
TXN-003017,ACCT-1036,2025-08-28 14:07:23,46.52,Hilton,Miami,Healthcare,Online,21,Sales Rep,0
TXN-003018,ACCT-1183,2025-10-07 13:41:02,84.23,Lyft,Portland,Travel,Online,60,Retired,0
TXN-003019,ACCT-1079,2025-07-07 12:24:14,366.21,Whole Foods,Phoenix,Transportation,In-Store,52,Retired,0
TXN-003020,ACCT-1091,2025-05-13 19:12:38,317.83,Whole Foods,Miami,Personal Care,Mobile App,36,Manager,0
TXN-003021,ACCT-1049,2025-08-29 11:55:20,131.26,Zara,Chicago,Healthcare,In-Store,48,Accountant,0
TXN-003022,ACCT-1026,2025-05-27 15:20:58,112.54,Walmart,Detroit,Utilities,Online,33,Lawyer,0
TXN-003023,ACCT-1182,2025-06-11 16:02:50,307.68,United Airlines,Denver,Gas,In-Store,55,Lawyer,0
TXN-003024,ACCT-1117,2025-09-08 09:02:02,237.76,Netflix,Houston,Transportation,In-Store,56,Teacher,0
TXN-003025,ACCT-1085,2025-11-08 11:49:00,861.63,DoorDash,Dallas,Shopping,Online,38,Student,1
TXN-003026,ACCT-1059,2025-03-27 14:38:22,413.22,CVS Pharmacy,Phoenix,Groceries,Mobile App,48,Doctor,0
TXN-003027,ACCT-1174,2025-10-29 10:25:09,184.86,CVS Pharmacy,San Francisco,Gas,In-Store,34,Retired,0
TXN-003028,ACCT-1080,2025-07-15 09:14:29,62.07,Best Buy,Seattle,Shopping,ATM,79,Freelancer,0
TXN-003029,ACCT-1151,2025-11-26 10:24:40,245.21,Home Depot,Denver,Dining,Online,36,Retired,0
TXN-003030,ACCT-1026,2025-08-27 17:31:56,167.17,Walgreens,Detroit,Transportation,Online,33,Lawyer,0
TXN-003031,ACCT-1055,2025-08-17 16:37:19,83.88,Zara,Denver,Shopping,In-Store,46,Nurse,0
TXN-003032,ACCT-1024,2025-05-05 00:34:05,202.87,Spotify,Portland,Entertainment,In-Store,44,Lawyer,0
TXN-003033,ACCT-1154,2025-04-05 23:59:57,85.18,Whole Foods,San Diego,Utilities,In-Store,34,Teacher,0
TXN-003034,ACCT-1105,2025-05-16 02:58:00,189.77,Costco,New York,Entertainment,Online,51,Teacher,1
TXN-003035,ACCT-1165,2025-04-27 11:53:54,12.08,Best Buy,San Antonio,Travel,In-Store,22,Accountant,0
TXN-003036,ACCT-1080,2025-05-30 17:40:52,139.07,Netflix,Seattle,Shopping,Online,79,Freelancer,0
TXN-003037,ACCT-1118,2025-04-18 14:48:02,449.82,Amazon,Detroit,Travel,ATM,37,Designer,0
TXN-003038,ACCT-1131,2025-02-18 15:53:41,314.63,Airbnb,Boston,Healthcare,In-Store,34,Lawyer,0
TXN-003039,ACCT-1044,2025-09-13 14:51:03,88.0,Target,Los Angeles,Healthcare,Online,73,Doctor,0
TXN-003040,ACCT-1185,2025-04-10 14:18:03,174.79,CVS Pharmacy,New York,Gas,In-Store,58,Lawyer,0
TXN-003041,ACCT-1182,2025-11-08 03:55:00,267.52,Whole Foods,Denver,Entertainment,ATM,55,Lawyer,1
TXN-003042,ACCT-1084,2025-04-02 10:16:08,51.57,Chevron,Dallas,Shopping,In-Store,24,Engineer,0
TXN-003043,ACCT-1130,2025-01-09 10:25:04,103.81,Airbnb,San Antonio,Education,Online,27,Lawyer,0
TXN-003044,ACCT-1103,2025-09-22 22:45:39,37.29,Hilton,Miami,Groceries,Mobile App,23,Sales Rep,0
TXN-003045,ACCT-1003,2025-04-30 18:31:35,93.53,Chevron,San Antonio,Utilities,Online,73,Engineer,0
TXN-003046,ACCT-1098,2025-09-07 12:56:58,219.32,Kroger,Houston,Dining,Online,37,Sales Rep,0
TXN-003047,ACCT-1136,2025-05-31 18:09:46,614.8,Starbucks,San Diego,Utilities,In-Store,60,Sales Rep,0
TXN-003048,ACCT-1066,2025-02-13 16:27:38,200.4,Home Depot,Houston,Personal Care,In-Store,38,Teacher,0
TXN-003049,ACCT-1154,2025-12-24 07:29:21,83.65,Home Depot,San Diego,Travel,Mobile App,34,Teacher,0
TXN-003050,ACCT-1070,2025-04-14 17:50:55,130.65,Hilton,Portland,Dining,Online,56,Student,0
TXN-003051,ACCT-1059,2025-10-27 16:57:04,140.27,Target,Los Angeles,Travel,In-Store,48,Doctor,0
TXN-003052,ACCT-1014,2025-03-26 18:34:57,720.28,Target,Nashville,Entertainment,In-Store,54,Chef,0
TXN-003053,ACCT-1052,2025-12-04 20:16:35,81.45,Shell Gas,Philadelphia,Transportation,Phone,68,Accountant,0
TXN-003054,ACCT-1051,2025-05-20 10:18:56,174.7,Nike,Phoenix,Shopping,Mobile App,45,Chef,0
TXN-003055,ACCT-1117,2025-06-12 12:43:36,332.66,Uber,Portland,Groceries,In-Store,56,Teacher,0
TXN-003056,ACCT-1134,2025-01-11 20:29:40,759.84,CVS Pharmacy,Miami,Healthcare,Online,56,Student,0
TXN-003057,ACCT-1122,2025-05-13 15:41:01,165.97,Lyft,Portland,Subscriptions,Online,34,Retired,0
TXN-003058,ACCT-1175,2025-10-03 17:52:41,366.19,Marriott,Los Angeles,Subscriptions,Mobile App,59,Student,0
TXN-003059,ACCT-1105,2025-12-30 22:02:09,599.27,Shell Gas,Dallas,Gas,ATM,51,Teacher,0
TXN-003060,ACCT-1198,2025-03-27 13:01:37,248.15,Delta Airlines,Houston,Entertainment,Phone,53,Engineer,0
TXN-003061,ACCT-1184,2025-11-19 10:10:40,34.68,Kroger,Seattle,Subscriptions,Mobile App,30,Analyst,0
TXN-003062,ACCT-1075,2025-07-07 17:17:27,156.4,Home Depot,Denver,Travel,Phone,81,Accountant,0
TXN-003063,ACCT-1118,2025-06-16 08:07:14,204.76,Trader Joes,Atlanta,Subscriptions,In-Store,37,Designer,0
TXN-003064,ACCT-1061,2025-10-04 05:54:03,136.04,Grubhub,Boston,Entertainment,In-Store,50,Analyst,0
TXN-003065,ACCT-1116,2025-01-27 11:41:36,18.75,Apple Store,San Francisco,Travel,Mobile App,19,Lawyer,0
TXN-003066,ACCT-1166,2025-07-26 15:34:04,109.2,Home Depot,Boston,Utilities,Mobile App,21,Designer,0
TXN-003067,ACCT-1178,2025-04-26 08:39:21,284.86,Amazon,Chicago,Subscriptions,In-Store,59,Retired,0
TXN-003068,ACCT-1187,2025-05-23 18:49:04,122.58,McDonalds,San Antonio,Shopping,In-Store,28,Freelancer,0
TXN-003069,ACCT-1054,2025-01-31 09:27:16,155.84,Kroger,Boston,Education,Online,80,Retired,0
TXN-003070,ACCT-1190,2025-03-05 13:36:13,137.49,Shell Gas,Minneapolis,Personal Care,Mobile App,40,Teacher,0
TXN-003071,ACCT-1180,2025-09-22 20:35:51,98.51,Whole Foods,Seattle,Travel,Online,45,Freelancer,0
TXN-003072,ACCT-1027,2025-07-21 01:07:53,213.16,Nike,Houston,Transportation,Online,28,Sales Rep,0
TXN-003073,ACCT-1198,2025-02-24 19:12:46,123.35,Kroger,Houston,Groceries,Online,53,Engineer,0
TXN-003074,ACCT-1097,2025-04-23 08:46:44,380.25,Starbucks,Los Angeles,Education,Phone,52,Teacher,0
TXN-003075,ACCT-1157,2025-03-15 18:12:26,148.96,Grubhub,Portland,Personal Care,Mobile App,57,Lawyer,0
TXN-003076,ACCT-1068,2025-01-23 19:33:03,8.65,Hilton,New York,Healthcare,Online,22,Accountant,0
TXN-003077,ACCT-1197,2025-05-30 19:24:00,1500.0,United Airlines,Philadelphia,Utilities,ATM,37,Student,1
TXN-003078,ACCT-1159,2025-07-21 22:30:51,185.34,Spotify,San Diego,Personal Care,Online,39,Student,0
TXN-003079,ACCT-1135,2025-07-21 15:04:20,154.16,Costco,Los Angeles,Groceries,In-Store,37,Driver,0
TXN-003080,ACCT-1057,2025-08-27 11:24:07,338.58,Zara,Seattle,Entertainment,In-Store,55,Analyst,0
TXN-003081,ACCT-1051,2025-04-06 23:49:21,121.48,CVS Pharmacy,Phoenix,Healthcare,In-Store,45,Chef,0
TXN-003082,ACCT-1133,2025-05-26 19:51:10,38.03,Kroger,Los Angeles,Transportation,In-Store,19,Student,0
TXN-003083,ACCT-1090,2025-03-23 13:53:16,63.66,Grubhub,Dallas,Utilities,Mobile App,24,Retired,0
TXN-003084,ACCT-1080,2025-11-12 15:40:45,138.24,Delta Airlines,Seattle,Entertainment,Mobile App,79,Freelancer,0
TXN-003085,ACCT-1004,2025-08-18 14:49:03,141.68,DoorDash,Denver,Shopping,Online,28,Designer,0
TXN-003086,ACCT-1013,2025-01-28 20:53:58,142.05,McDonalds,Houston,Education,In-Store,45,Driver,0
TXN-003087,ACCT-1132,2025-07-27 06:50:54,198.63,Best Buy,Miami,Entertainment,In-Store,54,Manager,0
TXN-003088,ACCT-1154,2025-01-21 12:37:45,147.06,Home Depot,San Diego,Education,In-Store,34,Teacher,0
TXN-003089,ACCT-1062,2025-01-19 09:56:23,750.85,Grubhub,Minneapolis,Travel,ATM,52,Student,0
TXN-003090,ACCT-1057,2025-09-28 13:56:14,489.43,Zara,New York,Transportation,Mobile App,55,Analyst,0
TXN-003091,ACCT-1193,2025-11-30 15:24:26,75.26,Grubhub,San Diego,Transportation,Online,42,Sales Rep,0
TXN-003092,ACCT-1028,2025-04-04 19:50:39,18.43,Shell Gas,Seattle,Entertainment,Online,23,Freelancer,0
TXN-003093,ACCT-1071,2025-09-15 09:55:38,157.7,Best Buy,Nashville,Transportation,Phone,42,Analyst,0
TXN-003094,ACCT-1164,2025-02-25 16:28:44,32.35,Target,Chicago,Healthcare,Phone,36,Freelancer,0
TXN-003095,ACCT-1040,2025-06-06 07:22:30,167.31,Walgreens,Miami,Subscriptions,In-Store,29,Driver,0
TXN-003096,ACCT-1142,2025-01-23 19:26:05,54.55,Home Depot,Los Angeles,Transportation,Phone,36,Analyst,0
TXN-003097,ACCT-1024,2025-10-20 17:50:39,130.22,Spotify,Portland,Healthcare,Phone,44,Lawyer,0
TXN-003098,ACCT-1070,2025-01-28 10:07:28,268.37,Walmart,Portland,Shopping,In-Store,56,Student,0
TXN-003099,ACCT-1010,2025-10-20 10:07:52,15.21,Home Depot,Philadelphia,Gas,In-Store,19,Sales Rep,0
TXN-003100,ACCT-1086,2025-03-15 19:04:30,40.37,Zara,Philadelphia,Gas,Mobile App,20,Manager,0
TXN-003101,ACCT-1109,2025-05-08 08:57:00,63.15,Best Buy,Nashville,Transportation,In-Store,42,Student,0
TXN-003102,ACCT-1032,2025-11-12 08:50:34,449.95,Netflix,New York,Groceries,ATM,34,Analyst,0
TXN-003103,ACCT-1113,2025-12-18 11:26:36,131.45,Starbucks,Houston,Dining,In-Store,41,Designer,0
TXN-003104,ACCT-1146,2025-08-23 06:26:59,85.62,Walgreens,Atlanta,Transportation,Online,39,Accountant,0
TXN-003105,ACCT-1165,2025-05-26 09:55:37,42.34,Safeway,San Antonio,Transportation,ATM,22,Accountant,0
TXN-003106,ACCT-1088,2025-12-07 23:58:55,130.41,Zara,Phoenix,Utilities,In-Store,33,Designer,0
TXN-003107,ACCT-1067,2025-12-11 18:42:38,447.79,Marriott,Boston,Transportation,ATM,62,Doctor,0
TXN-003108,ACCT-1112,2025-10-08 16:57:14,31.34,Lyft,San Antonio,Travel,In-Store,23,Sales Rep,0
TXN-003109,ACCT-1107,2025-07-23 16:18:47,210.47,Amazon,Austin,Healthcare,Phone,63,Student,0
TXN-003110,ACCT-1083,2025-12-02 09:09:12,206.97,Starbucks,Detroit,Dining,Mobile App,52,Freelancer,0
TXN-003111,ACCT-1160,2025-05-30 13:08:00,750.0,Uber,Karachi,Shopping,Phone,40,Nurse,1
TXN-003112,ACCT-1150,2025-11-24 16:55:27,50.13,Costco,Atlanta,Entertainment,Phone,24,Manager,0
TXN-003113,ACCT-1149,2025-03-10 18:22:22,44.84,Delta Airlines,Portland,Personal Care,Online,41,Sales Rep,0
TXN-003114,ACCT-1028,2025-05-19 20:55:20,30.24,Hilton,Seattle,Entertainment,Mobile App,23,Freelancer,0
TXN-003115,ACCT-1042,2025-08-26 09:13:56,81.14,Airbnb,Seattle,Groceries,ATM,50,Sales Rep,0
TXN-003116,ACCT-1149,2025-02-03 10:18:37,284.93,Apple Store,Los Angeles,Entertainment,Mobile App,41,Sales Rep,0
TXN-003117,ACCT-1017,2025-02-13 19:25:56,64.62,Whole Foods,San Diego,Groceries,In-Store,76,Nurse,0
TXN-003118,ACCT-1186,2025-07-25 09:08:54,30.33,Amazon,Dallas,Personal Care,Mobile App,19,Freelancer,0
TXN-003119,ACCT-1128,2025-03-02 12:07:16,99.0,DoorDash,Denver,Subscriptions,Mobile App,21,Engineer,0
TXN-003120,ACCT-1114,2025-06-15 13:05:11,36.1,Zara,Detroit,Education,Online,65,Teacher,0
TXN-003121,ACCT-1125,2025-01-14 11:43:11,234.31,United Airlines,Atlanta,Education,Online,61,Teacher,0
TXN-003122,ACCT-1092,2025-06-12 11:07:28,329.69,Shell Gas,Minneapolis,Personal Care,In-Store,32,Accountant,0
TXN-003123,ACCT-1087,2025-12-21 14:20:07,378.71,Chevron,Detroit,Shopping,Online,61,Manager,0
TXN-003124,ACCT-1172,2025-07-02 15:53:53,49.6,Best Buy,Austin,Shopping,Mobile App,25,Nurse,0
TXN-003125,ACCT-1133,2025-01-18 08:06:29,48.77,Grubhub,Nashville,Travel,Online,19,Student,0
TXN-003126,ACCT-1005,2025-09-17 10:08:00,937.98,CryptoXchange Ltd,Phnom Penh,Shopping,Online,24,Student,1
TXN-003127,ACCT-1152,2025-07-27 16:27:30,517.39,Whole Foods,San Francisco,Healthcare,Online,58,Chef,0
TXN-003128,ACCT-1096,2025-12-30 20:54:00,91.57,Shell Gas,New York,Gas,Online,30,Chef,0
TXN-003129,ACCT-1105,2025-04-14 14:43:59,311.99,Home Depot,New York,Utilities,ATM,51,Teacher,0
TXN-003130,ACCT-1052,2025-08-18 19:52:59,192.77,Shell Gas,Nashville,Gas,Online,68,Accountant,0
TXN-003131,ACCT-1077,2025-06-05 12:10:16,40.24,Whole Foods,Seattle,Shopping,In-Store,80,Driver,0
TXN-003132,ACCT-1001,2025-12-15 08:58:45,515.52,Whole Foods,Minneapolis,Transportation,In-Store,64,Nurse,0
TXN-003133,ACCT-1012,2025-10-22 21:05:18,55.05,McDonalds,Denver,Gas,Mobile App,22,Teacher,0
TXN-003134,ACCT-1004,2025-07-09 17:02:19,153.29,Uber,Denver,Gas,In-Store,28,Designer,0
TXN-003135,ACCT-1198,2025-12-13 10:29:59,171.58,Starbucks,Houston,Transportation,Mobile App,53,Engineer,0
TXN-003136,ACCT-1011,2025-10-04 14:32:20,496.02,Netflix,Atlanta,Dining,In-Store,47,Doctor,0
TXN-003137,ACCT-1032,2025-04-05 20:44:01,122.21,Trader Joes,New York,Travel,Mobile App,34,Analyst,0
TXN-003138,ACCT-1133,2025-07-23 09:45:37,42.05,Safeway,Nashville,Utilities,Online,19,Student,0
TXN-003139,ACCT-1148,2025-09-12 16:04:45,66.11,Shell Gas,Houston,Personal Care,Mobile App,23,Chef,0
TXN-003140,ACCT-1190,2025-04-21 10:24:02,69.0,Whole Foods,Nashville,Utilities,Online,40,Teacher,0
TXN-003141,ACCT-1141,2025-09-16 16:46:43,340.08,Airbnb,San Diego,Education,Online,32,Engineer,0
TXN-003142,ACCT-1127,2025-05-13 14:18:27,60.28,Uber,Denver,Shopping,In-Store,32,Nurse,0
TXN-003143,ACCT-1017,2025-07-30 13:01:52,56.41,Marriott,San Diego,Subscriptions,ATM,76,Nurse,0
TXN-003144,ACCT-1063,2025-03-12 10:55:40,77.36,Walmart,Austin,Entertainment,In-Store,70,Driver,0
TXN-003145,ACCT-1150,2025-10-29 11:18:27,20.62,Delta Airlines,Atlanta,Travel,ATM,24,Manager,0
TXN-003146,ACCT-1145,2025-03-30 09:19:40,75.93,Grubhub,Nashville,Groceries,ATM,19,Chef,0
TXN-003147,ACCT-1045,2025-12-09 10:09:39,59.14,Walgreens,Philadelphia,Subscriptions,Mobile App,66,Chef,0
TXN-003148,ACCT-1070,2025-11-26 23:31:43,304.3,Amazon,Portland,Subscriptions,In-Store,56,Student,0
TXN-003149,ACCT-1044,2025-10-17 10:32:46,173.34,McDonalds,Portland,Education,In-Store,73,Doctor,0
TXN-003150,ACCT-1105,2025-03-18 08:06:46,333.91,United Airlines,New York,Gas,Online,51,Teacher,0
TXN-003151,ACCT-1118,2025-04-08 16:09:17,142.79,United Airlines,San Francisco,Travel,Mobile App,37,Designer,0
TXN-003152,ACCT-1087,2025-02-02 22:26:33,430.28,Hilton,Seattle,Shopping,Mobile App,61,Manager,0
TXN-003153,ACCT-1037,2025-06-30 11:05:13,27.35,DoorDash,Atlanta,Healthcare,In-Store,18,Designer,0
TXN-003154,ACCT-1177,2025-07-18 15:28:24,20.26,Grubhub,San Antonio,Personal Care,In-Store,24,Teacher,0
TXN-003155,ACCT-1066,2025-06-16 11:10:48,430.25,Grubhub,Portland,Utilities,Online,38,Teacher,0
TXN-003156,ACCT-1006,2025-07-30 22:11:02,307.59,CVS Pharmacy,Atlanta,Healthcare,ATM,55,Nurse,0
TXN-003157,ACCT-1113,2025-10-03 23:34:11,63.08,Home Depot,Houston,Entertainment,Online,41,Designer,0
TXN-003158,ACCT-1154,2025-01-16 12:49:37,251.84,DoorDash,San Diego,Healthcare,Online,34,Teacher,0
TXN-003159,ACCT-1057,2025-06-07 13:36:57,345.03,Home Depot,Seattle,Entertainment,Online,55,Analyst,0
TXN-003160,ACCT-1054,2025-09-09 14:10:51,129.76,Shell Gas,Nashville,Personal Care,In-Store,80,Retired,0
TXN-003161,ACCT-1066,2025-03-22 11:35:13,299.24,Delta Airlines,Houston,Personal Care,Online,38,Teacher,0
TXN-003162,ACCT-1094,2025-02-11 21:15:09,212.39,Hilton,San Francisco,Healthcare,Phone,48,Driver,0
TXN-003163,ACCT-1085,2025-01-01 22:56:12,133.91,Best Buy,Dallas,Subscriptions,In-Store,38,Student,0
TXN-003164,ACCT-1042,2025-05-04 08:54:54,62.48,Shell Gas,Seattle,Dining,ATM,50,Sales Rep,0
TXN-003165,ACCT-1075,2025-11-25 18:36:23,202.49,United Airlines,Denver,Transportation,In-Store,81,Accountant,0
TXN-003166,ACCT-1062,2025-06-20 19:53:58,429.63,Grubhub,Chicago,Shopping,Online,52,Student,0
TXN-003167,ACCT-1167,2025-12-06 08:26:02,280.16,Grubhub,Seattle,Transportation,In-Store,57,Manager,0
TXN-003168,ACCT-1197,2025-05-27 15:52:08,83.03,Spotify,Los Angeles,Groceries,Online,37,Student,0
TXN-003169,ACCT-1197,2025-05-16 13:53:13,370.49,Trader Joes,Chicago,Subscriptions,In-Store,37,Student,0
TXN-003170,ACCT-1063,2025-01-22 13:04:16,61.34,Airbnb,Austin,Groceries,Online,70,Driver,0
TXN-003171,ACCT-1199,2025-05-08 12:41:22,343.67,Home Depot,Houston,Subscriptions,Mobile App,33,Chef,0
TXN-003172,ACCT-1005,2025-01-30 12:12:35,20.51,Starbucks,Phoenix,Transportation,Mobile App,24,Student,0
TXN-003173,ACCT-1155,2025-06-16 10:29:57,142.96,Lyft,Los Angeles,Groceries,In-Store,35,Accountant,0
TXN-003174,ACCT-1060,2025-05-26 10:58:44,188.8,DoorDash,Phoenix,Entertainment,In-Store,42,Accountant,0
TXN-003175,ACCT-1026,2025-08-09 07:19:28,66.14,Shell Gas,Detroit,Dining,ATM,33,Lawyer,0
TXN-003176,ACCT-1150,2025-03-20 22:36:23,88.44,Costco,Atlanta,Subscriptions,ATM,24,Manager,0
TXN-003177,ACCT-1032,2025-09-29 12:24:16,71.62,Spotify,New York,Dining,In-Store,34,Analyst,0
TXN-003178,ACCT-1121,2025-02-17 11:22:37,100.45,Chevron,Houston,Gas,Phone,35,Accountant,0
TXN-003179,ACCT-1177,2025-11-21 12:16:12,35.95,DoorDash,Portland,Dining,Online,24,Teacher,0
TXN-003180,ACCT-1064,2025-03-09 15:25:39,33.34,Starbucks,Austin,Utilities,Phone,19,Driver,0
TXN-003181,ACCT-1091,2025-03-24 12:52:45,157.47,Whole Foods,Miami,Entertainment,Online,36,Manager,0
TXN-003182,ACCT-1073,2025-05-01 19:50:13,90.65,Walmart,Miami,Shopping,In-Store,34,Analyst,0
TXN-003183,ACCT-1176,2025-05-14 21:36:26,166.53,Netflix,Boston,Dining,Online,62,Designer,0
TXN-003184,ACCT-1161,2025-01-29 12:39:15,45.52,CVS Pharmacy,Detroit,Groceries,Online,75,Engineer,0
TXN-003185,ACCT-1076,2025-05-15 12:44:42,5.58,Walgreens,Portland,Education,In-Store,18,Teacher,0
TXN-003186,ACCT-1133,2025-11-18 12:14:11,18.23,Kroger,San Diego,Entertainment,ATM,19,Student,0
TXN-003187,ACCT-1183,2025-10-02 12:11:02,416.64,Starbucks,Portland,Entertainment,In-Store,60,Retired,0
TXN-003188,ACCT-1104,2025-07-16 15:49:04,54.7,Uber,Dallas,Groceries,Online,24,Engineer,0
TXN-003189,ACCT-1098,2025-01-02 16:39:27,165.79,Kroger,Houston,Entertainment,ATM,37,Sales Rep,0
TXN-003190,ACCT-1003,2025-12-12 09:33:44,151.0,Whole Foods,San Antonio,Gas,Mobile App,73,Engineer,0
TXN-003191,ACCT-1164,2025-01-20 08:19:14,119.28,Apple Store,Minneapolis,Groceries,Mobile App,36,Freelancer,0
TXN-003192,ACCT-1115,2025-08-25 10:18:02,91.19,Hilton,San Francisco,Utilities,ATM,40,Sales Rep,0
TXN-003193,ACCT-1081,2025-12-25 15:40:22,60.88,Best Buy,Denver,Utilities,In-Store,77,Accountant,0
TXN-003194,ACCT-1062,2025-04-07 17:35:35,407.33,Airbnb,Chicago,Transportation,In-Store,52,Student,0
TXN-003195,ACCT-1006,2025-08-11 21:46:34,342.03,Grubhub,Atlanta,Dining,In-Store,55,Nurse,0
TXN-003196,ACCT-1190,2025-07-21 11:11:42,66.56,Costco,Nashville,Healthcare,Mobile App,40,Teacher,0
TXN-003197,ACCT-1089,2025-06-29 11:11:38,24.7,CVS Pharmacy,Dallas,Travel,Online,18,Driver,0
TXN-003198,ACCT-1138,2025-08-01 10:56:33,54.44,Starbucks,Miami,Shopping,ATM,29,Accountant,0
TXN-003199,ACCT-1120,2025-12-29 16:47:22,353.05,Best Buy,Minneapolis,Travel,Online,54,Teacher,0
TXN-003200,ACCT-1106,2025-08-07 11:37:44,27.13,Shell Gas,Seattle,Groceries,ATM,23,Retired,0
TXN-003201,ACCT-1016,2025-01-10 12:31:55,52.18,Uber,Miami,Groceries,Online,26,Driver,0
TXN-003202,ACCT-1184,2025-06-15 14:44:15,48.49,Home Depot,Seattle,Education,Online,30,Analyst,0
TXN-003203,ACCT-1029,2025-12-15 06:15:53,112.62,Grubhub,New York,Shopping,Mobile App,32,Freelancer,0
TXN-003204,ACCT-1152,2025-08-30 10:52:55,405.29,Lyft,Seattle,Shopping,Online,58,Chef,0
TXN-003205,ACCT-1061,2025-08-10 08:39:39,1122.16,Marriott,Boston,Personal Care,In-Store,50,Analyst,0
TXN-003206,ACCT-1035,2025-11-01 11:32:37,236.77,Netflix,Houston,Entertainment,Online,36,Chef,0
TXN-003207,ACCT-1044,2025-12-28 21:45:10,77.77,McDonalds,Portland,Groceries,Online,73,Doctor,0
TXN-003208,ACCT-1148,2025-11-05 07:29:32,151.95,McDonalds,Houston,Education,In-Store,23,Chef,0
TXN-003209,ACCT-1113,2025-06-02 15:53:15,55.56,Starbucks,Houston,Healthcare,In-Store,41,Designer,0
TXN-003210,ACCT-1058,2025-12-01 12:15:35,210.14,Nike,Seattle,Personal Care,Online,36,Designer,0
TXN-003211,ACCT-1069,2025-08-23 17:24:53,80.32,Shell Gas,Minneapolis,Education,Mobile App,32,Manager,0
TXN-003212,ACCT-1090,2025-10-27 16:21:03,48.61,McDonalds,Dallas,Personal Care,Mobile App,24,Retired,0
TXN-003213,ACCT-1032,2025-10-23 11:50:37,273.07,Grubhub,Austin,Gas,Phone,34,Analyst,0
TXN-003214,ACCT-1105,2025-11-03 17:24:54,470.7,United Airlines,New York,Healthcare,Online,51,Teacher,0
TXN-003215,ACCT-1149,2025-02-19 11:20:34,75.22,Apple Store,Los Angeles,Utilities,Online,41,Sales Rep,0
TXN-003216,ACCT-1066,2025-01-23 20:49:44,214.03,Hilton,Houston,Subscriptions,Phone,38,Teacher,0
TXN-003217,ACCT-1062,2025-03-18 17:15:03,183.14,DoorDash,Chicago,Personal Care,Mobile App,52,Student,0
TXN-003218,ACCT-1154,2025-11-03 15:53:16,91.19,Starbucks,San Diego,Healthcare,In-Store,34,Teacher,0
TXN-003219,ACCT-1074,2025-12-30 14:54:31,320.04,United Airlines,Miami,Gas,ATM,42,Freelancer,0
TXN-003220,ACCT-1193,2025-08-30 13:43:36,41.95,Kroger,San Diego,Gas,In-Store,42,Sales Rep,0
TXN-003221,ACCT-1086,2025-09-12 11:11:17,51.14,Zara,Philadelphia,Shopping,Online,20,Manager,0
TXN-003222,ACCT-1199,2025-12-24 11:13:07,90.57,Starbucks,Houston,Education,Online,33,Chef,0
TXN-003223,ACCT-1160,2025-02-27 19:52:34,234.32,DoorDash,Denver,Gas,Mobile App,40,Nurse,0
TXN-003224,ACCT-1122,2025-11-30 17:40:00,1904.46,Shell Gas,Portland,Shopping,Online,34,Retired,1
TXN-003225,ACCT-1023,2025-06-15 09:06:47,58.78,CVS Pharmacy,Dallas,Shopping,Mobile App,39,Retired,0
TXN-003226,ACCT-1083,2025-05-30 15:19:59,170.84,Starbucks,Detroit,Groceries,Mobile App,52,Freelancer,0
TXN-003227,ACCT-1012,2025-06-12 09:55:46,40.9,Grubhub,Minneapolis,Healthcare,Mobile App,22,Teacher,0
TXN-003228,ACCT-1187,2025-08-22 10:38:38,194.54,DoorDash,San Antonio,Personal Care,Online,28,Freelancer,0
TXN-003229,ACCT-1011,2025-09-07 20:05:19,645.32,Costco,Atlanta,Travel,In-Store,47,Doctor,0
TXN-003230,ACCT-1072,2025-10-04 18:04:23,144.77,McDonalds,Denver,Travel,Online,53,Analyst,0
TXN-003231,ACCT-1098,2025-05-28 09:30:20,197.21,Target,Houston,Shopping,Online,37,Sales Rep,0
TXN-003232,ACCT-1142,2025-04-09 18:01:57,101.99,Delta Airlines,Los Angeles,Dining,Online,36,Analyst,0
TXN-003233,ACCT-1028,2025-04-25 14:11:57,60.86,Hilton,Seattle,Subscriptions,Mobile App,23,Freelancer,0
TXN-003234,ACCT-1052,2025-08-29 12:04:35,68.91,Trader Joes,Philadelphia,Entertainment,In-Store,68,Accountant,0
TXN-003235,ACCT-1076,2025-07-17 12:56:33,17.59,DoorDash,Portland,Education,In-Store,18,Teacher,0
TXN-003236,ACCT-1075,2025-10-20 07:13:36,277.77,Safeway,Denver,Dining,Online,81,Accountant,0
TXN-003237,ACCT-1080,2025-05-15 11:00:21,168.71,Marriott,Seattle,Subscriptions,ATM,79,Freelancer,0
TXN-003238,ACCT-1097,2025-02-18 11:05:32,238.69,Spotify,Los Angeles,Gas,In-Store,52,Teacher,0
TXN-003239,ACCT-1101,2025-09-24 12:37:53,77.86,Airbnb,Minneapolis,Gas,In-Store,24,Doctor,0
TXN-003240,ACCT-1146,2025-09-13 21:37:08,55.22,CVS Pharmacy,San Francisco,Gas,ATM,39,Accountant,0
TXN-003241,ACCT-1146,2025-10-31 19:40:01,21.56,CVS Pharmacy,Atlanta,Gas,Online,39,Accountant,0
TXN-003242,ACCT-1056,2025-01-12 13:11:52,181.68,Shell Gas,Atlanta,Education,ATM,39,Freelancer,0
TXN-003243,ACCT-1115,2025-10-15 14:48:28,35.18,Hilton,San Francisco,Personal Care,Online,40,Sales Rep,0
TXN-003244,ACCT-1074,2025-02-14 11:02:04,153.17,Whole Foods,Miami,Travel,Online,42,Freelancer,0
TXN-003245,ACCT-1179,2025-11-24 15:28:41,71.85,Best Buy,Nashville,Dining,Online,41,Engineer,0
TXN-003246,ACCT-1196,2025-10-09 05:33:52,160.34,Uber,Denver,Entertainment,In-Store,48,Freelancer,0
TXN-003247,ACCT-1080,2025-05-17 17:09:48,154.89,Apple Store,Seattle,Gas,In-Store,79,Freelancer,0
TXN-003248,ACCT-1027,2025-04-15 08:20:11,199.5,Delta Airlines,Houston,Gas,ATM,28,Sales Rep,0
TXN-003249,ACCT-1034,2025-10-10 11:01:06,367.08,Chevron,Philadelphia,Utilities,In-Store,41,Lawyer,0
TXN-003250,ACCT-1139,2025-10-24 18:26:26,297.45,Target,Los Angeles,Gas,Online,40,Driver,0
TXN-003251,ACCT-1168,2025-04-10 11:48:06,39.6,Marriott,Boston,Dining,Mobile App,82,Teacher,0
TXN-003252,ACCT-1106,2025-02-14 14:21:39,41.28,Costco,Seattle,Subscriptions,In-Store,23,Retired,0
TXN-003253,ACCT-1170,2025-04-21 15:10:38,625.94,Best Buy,San Francisco,Subscriptions,Mobile App,60,Lawyer,0
TXN-003254,ACCT-1057,2025-01-19 09:57:07,422.67,Lyft,Seattle,Shopping,In-Store,55,Analyst,0
TXN-003255,ACCT-1019,2025-06-17 16:28:48,91.96,McDonalds,Chicago,Groceries,Online,41,Lawyer,0
TXN-003256,ACCT-1078,2025-12-23 10:49:30,76.35,Airbnb,Houston,Entertainment,ATM,24,Freelancer,0
TXN-003257,ACCT-1005,2025-07-26 12:10:02,12.73,Apple Store,Phoenix,Education,Online,24,Student,0
TXN-003258,ACCT-1030,2025-11-21 17:08:36,535.06,Whole Foods,Seattle,Groceries,Online,48,Manager,0
TXN-003259,ACCT-1114,2025-05-11 22:28:51,36.93,DoorDash,Detroit,Travel,Mobile App,65,Teacher,0
TXN-003260,ACCT-1020,2025-12-17 12:41:40,170.35,DoorDash,Detroit,Groceries,Online,36,Engineer,0
TXN-003261,ACCT-1021,2025-08-31 09:22:25,68.71,Walmart,New York,Dining,Online,28,Teacher,0
TXN-003262,ACCT-1136,2025-10-15 09:44:59,277.28,Marriott,Boston,Healthcare,ATM,60,Sales Rep,0
TXN-003263,ACCT-1151,2025-08-09 10:05:33,134.52,Amazon,Philadelphia,Transportation,Online,36,Retired,0
TXN-003264,ACCT-1007,2025-10-28 08:55:18,61.75,Netflix,Atlanta,Subscriptions,In-Store,66,Sales Rep,0
TXN-003265,ACCT-1119,2025-08-20 15:45:59,176.42,United Airlines,Boston,Transportation,In-Store,41,Designer,0
TXN-003266,ACCT-1160,2025-12-23 05:14:16,127.61,Marriott,Denver,Education,Phone,40,Nurse,0
TXN-003267,ACCT-1104,2025-07-20 17:12:29,104.09,Walmart,Dallas,Shopping,Online,24,Engineer,0
TXN-003268,ACCT-1009,2025-12-11 11:58:25,59.12,Nike,Austin,Personal Care,In-Store,69,Analyst,0
TXN-003269,ACCT-1043,2025-12-14 11:36:53,159.58,McDonalds,Atlanta,Education,Mobile App,34,Manager,0
TXN-003270,ACCT-1185,2025-05-08 09:55:48,273.39,Hilton,New York,Dining,Mobile App,58,Lawyer,0
TXN-003271,ACCT-1080,2025-10-22 11:24:45,30.06,Chevron,Seattle,Transportation,In-Store,79,Freelancer,0
TXN-003272,ACCT-1050,2025-08-23 08:52:09,93.26,Netflix,Minneapolis,Groceries,Mobile App,43,Designer,0
TXN-003273,ACCT-1197,2025-07-10 03:59:00,354.71,Grubhub,Los Angeles,Transportation,ATM,37,Student,1
TXN-003274,ACCT-1073,2025-02-16 14:36:22,276.48,Walmart,Miami,Dining,Mobile App,34,Analyst,0
TXN-003275,ACCT-1032,2025-01-27 12:14:43,118.59,Hilton,Detroit,Subscriptions,Mobile App,34,Analyst,0
TXN-003276,ACCT-1137,2025-10-19 15:14:08,165.88,Marriott,Denver,Personal Care,In-Store,41,Lawyer,0
TXN-003277,ACCT-1143,2025-04-05 18:45:49,130.2,Trader Joes,Minneapolis,Healthcare,Phone,76,Retired,0
TXN-003278,ACCT-1171,2025-10-28 09:18:36,137.17,Netflix,Boston,Education,Online,57,Doctor,0
TXN-003279,ACCT-1105,2025-03-18 11:16:32,535.26,Nike,New York,Dining,Online,51,Teacher,0
TXN-003280,ACCT-1141,2025-11-04 20:53:04,162.78,McDonalds,San Diego,Subscriptions,In-Store,32,Engineer,0
TXN-003281,ACCT-1074,2025-07-07 11:32:25,381.82,Delta Airlines,Miami,Shopping,Mobile App,42,Freelancer,0
TXN-003282,ACCT-1037,2025-03-04 18:50:45,54.93,Delta Airlines,Atlanta,Gas,In-Store,18,Designer,0
TXN-003283,ACCT-1163,2025-05-05 07:47:18,172.69,Zara,Seattle,Subscriptions,Online,48,Teacher,0
TXN-003284,ACCT-1047,2025-05-04 16:33:41,66.25,Amazon,Miami,Subscriptions,Mobile App,75,Sales Rep,0
TXN-003285,ACCT-1020,2025-05-21 18:47:31,153.52,Kroger,Detroit,Dining,Mobile App,36,Engineer,0
TXN-003286,ACCT-1003,2025-09-15 14:29:47,143.08,Whole Foods,San Antonio,Healthcare,Online,73,Engineer,0
TXN-003287,ACCT-1192,2025-11-23 10:41:34,301.19,Apple Store,San Antonio,Groceries,Mobile App,56,Designer,0
TXN-003288,ACCT-1054,2025-08-14 14:44:25,58.9,Delta Airlines,Nashville,Gas,In-Store,80,Retired,0
TXN-003289,ACCT-1181,2025-03-24 12:12:13,68.21,Whole Foods,Detroit,Entertainment,Mobile App,48,Manager,0
TXN-003290,ACCT-1046,2025-12-16 18:49:55,96.86,CVS Pharmacy,Atlanta,Gas,Online,27,Driver,0
TXN-003291,ACCT-1076,2025-01-11 07:28:43,22.34,United Airlines,Portland,Transportation,In-Store,18,Teacher,0
TXN-003292,ACCT-1125,2025-12-11 11:41:27,345.65,Marriott,Atlanta,Personal Care,Online,61,Teacher,0
TXN-003293,ACCT-1154,2025-02-16 14:53:39,62.35,Shell Gas,San Diego,Entertainment,Online,34,Teacher,0
TXN-003294,ACCT-1027,2025-04-17 12:27:18,163.09,Costco,Houston,Travel,Online,28,Sales Rep,0
TXN-003295,ACCT-1016,2025-07-23 10:16:51,238.55,Safeway,Miami,Education,Online,26,Driver,0
TXN-003296,ACCT-1135,2025-11-17 21:53:05,240.93,Chevron,Los Angeles,Gas,Online,37,Driver,0
TXN-003297,ACCT-1070,2025-04-04 09:10:00,354.33,Hilton,Portland,Shopping,ATM,56,Student,0
TXN-003298,ACCT-1004,2025-07-26 12:05:58,98.39,Delta Airlines,Denver,Groceries,Online,28,Designer,0
TXN-003299,ACCT-1009,2025-02-20 17:25:10,86.17,DoorDash,Austin,Personal Care,Online,69,Analyst,0
TXN-003300,ACCT-1176,2025-01-03 09:06:56,241.4,Home Depot,Boston,Travel,Mobile App,62,Designer,0
TXN-003301,ACCT-1065,2025-05-19 09:09:52,83.2,Spotify,Chicago,Shopping,Mobile App,79,Analyst,0
TXN-003302,ACCT-1161,2025-03-02 11:37:10,62.31,Safeway,Detroit,Travel,In-Store,75,Engineer,0
TXN-003303,ACCT-1196,2025-06-25 16:43:02,440.19,Uber,Los Angeles,Entertainment,Phone,48,Freelancer,0
TXN-003304,ACCT-1135,2025-09-11 08:00:33,220.69,Chevron,Los Angeles,Utilities,In-Store,37,Driver,0
TXN-003305,ACCT-1186,2025-02-19 15:16:10,30.36,Amazon,Boston,Shopping,Mobile App,19,Freelancer,0
TXN-003306,ACCT-1000,2025-01-02 22:44:32,196.65,Costco,Portland,Subscriptions,ATM,59,Freelancer,0
TXN-003307,ACCT-1074,2025-10-28 13:17:06,110.43,United Airlines,Miami,Utilities,Online,42,Freelancer,0
TXN-003308,ACCT-1044,2025-02-27 10:40:03,102.0,Target,Portland,Healthcare,Online,73,Doctor,0
TXN-003309,ACCT-1077,2025-08-18 12:29:31,34.94,Whole Foods,San Antonio,Personal Care,In-Store,80,Driver,0
TXN-003310,ACCT-1148,2025-04-22 09:27:26,66.81,Walmart,Philadelphia,Subscriptions,Online,23,Chef,0
TXN-003311,ACCT-1069,2025-07-20 13:10:01,82.64,Shell Gas,Minneapolis,Healthcare,In-Store,32,Manager,0
TXN-003312,ACCT-1072,2025-07-31 08:50:23,430.06,Whole Foods,San Diego,Dining,In-Store,53,Analyst,0
TXN-003313,ACCT-1057,2025-03-09 19:19:02,362.14,Netflix,Seattle,Groceries,Mobile App,55,Analyst,0
TXN-003314,ACCT-1189,2025-06-18 15:00:40,8.97,Walmart,Chicago,Gas,In-Store,23,Designer,0
TXN-003315,ACCT-1074,2025-02-12 09:39:26,212.42,CVS Pharmacy,Miami,Healthcare,ATM,42,Freelancer,0
TXN-003316,ACCT-1163,2025-12-10 10:07:13,282.67,Zara,Seattle,Healthcare,Online,48,Teacher,0
TXN-003317,ACCT-1153,2025-07-25 02:33:00,192.14,Starbucks,Los Angeles,Transportation,ATM,33,Lawyer,1
TXN-003318,ACCT-1163,2025-02-14 13:49:36,408.06,Whole Foods,Detroit,Healthcare,Mobile App,48,Teacher,0
TXN-003319,ACCT-1162,2025-07-22 19:41:22,583.25,CVS Pharmacy,Denver,Groceries,In-Store,58,Retired,0
TXN-003320,ACCT-1177,2025-02-27 08:04:53,55.24,Grubhub,New York,Travel,Online,24,Teacher,0
TXN-003321,ACCT-1032,2025-04-14 02:45:00,245.63,Costco,New York,Shopping,ATM,34,Analyst,1
TXN-003322,ACCT-1113,2025-10-02 12:05:11,95.5,Walgreens,Houston,Dining,Online,41,Designer,0
TXN-003323,ACCT-1077,2025-06-10 10:04:07,7.69,Apple Store,Austin,Shopping,ATM,80,Driver,0
TXN-003324,ACCT-1102,2025-05-21 15:19:02,187.0,Zara,Houston,Groceries,ATM,30,Accountant,0
TXN-003325,ACCT-1104,2025-02-18 16:48:57,152.14,Walmart,Dallas,Healthcare,ATM,24,Engineer,0
TXN-003326,ACCT-1028,2025-11-15 16:09:14,31.85,Hilton,Seattle,Gas,Online,23,Freelancer,0
TXN-003327,ACCT-1094,2025-11-17 16:46:30,211.51,Trader Joes,San Francisco,Subscriptions,Online,48,Driver,0
TXN-003328,ACCT-1157,2025-06-25 12:25:31,137.38,CVS Pharmacy,San Diego,Personal Care,ATM,57,Lawyer,0
TXN-003329,ACCT-1017,2025-06-13 11:00:46,72.55,Kroger,San Diego,Travel,Online,76,Nurse,0
TXN-003330,ACCT-1031,2025-10-23 17:50:19,141.19,Grubhub,San Antonio,Travel,Mobile App,71,Doctor,0
TXN-003331,ACCT-1119,2025-11-22 08:04:19,367.86,Chevron,San Diego,Dining,In-Store,41,Designer,0
TXN-003332,ACCT-1148,2025-08-29 11:06:04,30.17,United Airlines,Houston,Gas,Online,23,Chef,0
TXN-003333,ACCT-1170,2025-11-01 11:24:19,698.02,Delta Airlines,San Francisco,Subscriptions,In-Store,60,Lawyer,0
TXN-003334,ACCT-1197,2025-02-25 12:38:23,82.6,Trader Joes,Los Angeles,Utilities,In-Store,37,Student,0
TXN-003335,ACCT-1031,2025-04-24 12:04:51,59.11,DoorDash,San Antonio,Personal Care,Mobile App,71,Doctor,0
TXN-003336,ACCT-1011,2025-01-12 12:10:52,309.2,Marriott,Atlanta,Groceries,ATM,47,Doctor,0
TXN-003337,ACCT-1156,2025-02-14 15:01:14,36.17,Trader Joes,Atlanta,Transportation,Online,18,Sales Rep,0
TXN-003338,ACCT-1180,2025-07-15 16:45:07,103.07,Zara,Detroit,Dining,In-Store,45,Freelancer,0
TXN-003339,ACCT-1155,2025-04-07 18:54:49,196.83,United Airlines,Los Angeles,Personal Care,In-Store,35,Accountant,0
TXN-003340,ACCT-1005,2025-06-03 19:56:04,30.86,CVS Pharmacy,Phoenix,Entertainment,In-Store,24,Student,0
TXN-003341,ACCT-1059,2025-05-22 20:32:12,418.95,Lyft,Los Angeles,Utilities,ATM,48,Doctor,0
TXN-003342,ACCT-1160,2025-02-12 15:01:22,272.96,Spotify,Denver,Groceries,Online,40,Nurse,0
TXN-003343,ACCT-1050,2025-12-19 16:46:07,99.42,Walmart,Minneapolis,Entertainment,Mobile App,43,Designer,0
TXN-003344,ACCT-1014,2025-06-02 12:35:38,823.33,Kroger,Nashville,Dining,In-Store,54,Chef,0
TXN-003345,ACCT-1091,2025-05-30 13:47:25,98.34,Whole Foods,Miami,Groceries,In-Store,36,Manager,0
TXN-003346,ACCT-1124,2025-04-11 19:51:28,100.68,Costco,Miami,Travel,In-Store,33,Analyst,0
TXN-003347,ACCT-1111,2025-05-05 09:23:44,110.94,United Airlines,Houston,Shopping,Mobile App,22,Analyst,0
TXN-003348,ACCT-1111,2025-12-05 13:31:24,131.08,Netflix,New York,Transportation,Online,22,Analyst,1
TXN-003349,ACCT-1177,2025-01-21 23:41:50,34.41,Trader Joes,Portland,Transportation,In-Store,24,Teacher,0
TXN-003350,ACCT-1086,2025-02-10 05:47:28,51.11,Netflix,Philadelphia,Personal Care,In-Store,20,Manager,0
TXN-003351,ACCT-1049,2025-04-15 12:55:19,486.92,Netflix,Chicago,Transportation,In-Store,48,Accountant,0
TXN-003352,ACCT-1090,2025-08-08 16:28:04,80.79,Netflix,Dallas,Education,ATM,24,Retired,0
TXN-003353,ACCT-1165,2025-05-23 10:45:35,22.07,Chevron,San Antonio,Shopping,Online,22,Accountant,0
TXN-003354,ACCT-1192,2025-01-19 20:43:36,181.72,Uber,San Antonio,Transportation,Mobile App,56,Designer,0
TXN-003355,ACCT-1152,2025-12-09 21:59:43,577.69,Walmart,San Francisco,Shopping,Online,58,Chef,0
TXN-003356,ACCT-1065,2025-07-09 15:11:51,59.82,Amazon,Chicago,Dining,Mobile App,79,Analyst,0
TXN-003357,ACCT-1109,2025-04-23 16:45:42,99.81,Best Buy,Nashville,Groceries,Online,42,Student,0
TXN-003358,ACCT-1196,2025-02-06 18:27:18,511.77,Grubhub,Los Angeles,Transportation,In-Store,48,Freelancer,0
TXN-003359,ACCT-1023,2025-12-26 16:21:54,61.72,Marriott,Portland,Gas,Online,39,Retired,0
TXN-003360,ACCT-1160,2025-03-12 14:10:55,73.84,Spotify,Denver,Transportation,Online,40,Nurse,0
TXN-003361,ACCT-1044,2025-05-21 10:28:01,80.63,Target,Portland,Utilities,In-Store,73,Doctor,0
TXN-003362,ACCT-1121,2025-04-19 12:19:50,258.99,Chevron,Houston,Dining,In-Store,35,Accountant,0
TXN-003363,ACCT-1164,2025-10-15 15:01:04,120.89,Target,Seattle,Transportation,In-Store,36,Freelancer,0
TXN-003364,ACCT-1043,2025-03-24 10:00:24,475.83,Amazon,Atlanta,Groceries,Online,34,Manager,0
TXN-003365,ACCT-1190,2025-01-29 20:28:05,91.94,Kroger,Nashville,Dining,Online,40,Teacher,0
TXN-003366,ACCT-1001,2025-03-12 16:32:39,301.35,Airbnb,Minneapolis,Travel,Online,64,Nurse,0
TXN-003367,ACCT-1069,2025-06-24 13:06:49,46.64,Marriott,Minneapolis,Transportation,Mobile App,32,Manager,0
TXN-003368,ACCT-1140,2025-01-27 12:24:36,47.0,Uber,San Antonio,Travel,Online,24,Teacher,0
TXN-003369,ACCT-1154,2025-09-14 16:32:39,119.43,DoorDash,San Diego,Subscriptions,Online,34,Teacher,0
TXN-003370,ACCT-1159,2025-11-12 09:32:53,96.55,Spotify,San Diego,Shopping,In-Store,39,Student,0
TXN-003371,ACCT-1138,2025-10-11 19:01:40,101.1,Grubhub,Miami,Transportation,In-Store,29,Accountant,0
TXN-003372,ACCT-1000,2025-10-12 19:33:18,151.76,Airbnb,Portland,Personal Care,Mobile App,59,Freelancer,0
TXN-003373,ACCT-1111,2025-05-14 15:09:23,106.42,Uber,Houston,Education,Online,22,Analyst,0
TXN-003374,ACCT-1038,2025-09-06 11:15:49,89.55,Grubhub,Chicago,Dining,Mobile App,42,Nurse,0
TXN-003375,ACCT-1097,2025-12-02 11:39:50,223.15,Target,Denver,Personal Care,Online,52,Teacher,0
TXN-003376,ACCT-1118,2025-04-19 09:33:29,148.01,Costco,Detroit,Gas,Mobile App,37,Designer,0
TXN-003377,ACCT-1165,2025-03-16 12:15:50,8.3,Chevron,San Antonio,Healthcare,ATM,22,Accountant,0
TXN-003378,ACCT-1020,2025-09-16 08:02:36,120.06,DoorDash,Atlanta,Dining,Online,36,Engineer,0
TXN-003379,ACCT-1003,2025-08-16 18:12:45,110.05,Whole Foods,San Antonio,Utilities,Mobile App,73,Engineer,0
TXN-003380,ACCT-1050,2025-08-27 14:16:02,91.44,Marriott,Minneapolis,Subscriptions,In-Store,43,Designer,0
TXN-003381,ACCT-1124,2025-04-26 10:09:13,120.37,DoorDash,Miami,Healthcare,Online,33,Analyst,0
TXN-003382,ACCT-1146,2025-09-26 12:47:22,64.52,Walgreens,Atlanta,Healthcare,ATM,39,Accountant,0
TXN-003383,ACCT-1022,2025-07-06 22:09:53,82.27,Trader Joes,Detroit,Gas,Online,34,Analyst,0
TXN-003384,ACCT-1059,2025-05-12 10:46:55,309.02,Delta Airlines,Los Angeles,Transportation,Mobile App,48,Doctor,0
TXN-003385,ACCT-1046,2025-12-09 09:56:02,166.69,Best Buy,Atlanta,Travel,Online,27,Driver,0
TXN-003386,ACCT-1105,2025-02-16 14:38:24,325.69,Shell Gas,New York,Utilities,Online,51,Teacher,0
TXN-003387,ACCT-1150,2025-05-07 10:38:43,46.18,Costco,Atlanta,Gas,Online,24,Manager,0
TXN-003388,ACCT-1010,2025-07-09 06:59:12,6.3,Home Depot,Philadelphia,Personal Care,Online,19,Sales Rep,0
TXN-003389,ACCT-1051,2025-07-18 21:34:48,166.75,Hilton,Phoenix,Healthcare,Mobile App,45,Chef,0
TXN-003390,ACCT-1054,2025-04-27 12:10:11,294.71,Nike,Boston,Travel,Mobile App,80,Retired,1
TXN-003391,ACCT-1021,2025-06-04 16:37:23,38.77,Walmart,Phoenix,Entertainment,Mobile App,28,Teacher,0
TXN-003392,ACCT-1100,2025-11-19 14:00:15,47.36,Marriott,Phoenix,Education,Online,80,Manager,0
TXN-003393,ACCT-1112,2025-12-23 13:50:23,68.29,Kroger,San Antonio,Gas,ATM,23,Sales Rep,0
TXN-003394,ACCT-1059,2025-04-12 08:37:00,316.75,CVS Pharmacy,Los Angeles,Utilities,Online,48,Doctor,0
TXN-003395,ACCT-1078,2025-03-21 13:39:16,24.59,Whole Foods,Houston,Entertainment,Phone,24,Freelancer,0
TXN-003396,ACCT-1034,2025-12-01 08:39:16,187.29,Best Buy,Philadelphia,Healthcare,In-Store,41,Lawyer,0
TXN-003397,ACCT-1164,2025-02-02 18:54:37,88.76,Target,Miami,Education,Online,36,Freelancer,0
TXN-003398,ACCT-1033,2025-02-16 10:34:09,111.59,Hilton,Miami,Subscriptions,Online,43,Teacher,0
TXN-003399,ACCT-1072,2025-09-24 09:08:24,641.83,Shell Gas,San Diego,Entertainment,In-Store,53,Analyst,0
TXN-003400,ACCT-1003,2025-11-26 16:53:57,151.4,Hilton,Los Angeles,Education,In-Store,73,Engineer,0
TXN-003401,ACCT-1000,2025-01-05 07:04:18,236.54,Best Buy,Portland,Subscriptions,Online,59,Freelancer,0
TXN-003402,ACCT-1135,2025-11-27 10:58:50,137.27,Costco,Los Angeles,Utilities,In-Store,37,Driver,0
TXN-003403,ACCT-1114,2025-01-17 18:25:46,12.65,Walmart,Detroit,Travel,Online,65,Teacher,0
TXN-003404,ACCT-1104,2025-05-21 09:31:04,49.36,Uber,New York,Travel,In-Store,24,Engineer,0
TXN-003405,ACCT-1103,2025-03-18 13:36:24,53.84,Costco,Phoenix,Travel,Phone,23,Sales Rep,0
TXN-003406,ACCT-1015,2025-09-15 09:22:53,83.25,Walgreens,Minneapolis,Groceries,ATM,43,Lawyer,0
TXN-003407,ACCT-1008,2025-05-19 08:24:00,163.91,Walgreens,Nashville,Gas,Online,28,Retired,0
TXN-003408,ACCT-1005,2025-03-07 08:17:22,67.22,Safeway,Phoenix,Healthcare,Phone,24,Student,0
TXN-003409,ACCT-1117,2025-11-20 15:31:28,140.61,Best Buy,Houston,Entertainment,Online,56,Teacher,0
TXN-003410,ACCT-1165,2025-09-21 15:06:19,15.58,Best Buy,Minneapolis,Healthcare,In-Store,22,Accountant,0
TXN-003411,ACCT-1065,2025-01-18 11:32:51,40.98,Safeway,Chicago,Groceries,Online,79,Analyst,0
TXN-003412,ACCT-1117,2025-02-15 19:00:31,355.39,Best Buy,Houston,Travel,In-Store,56,Teacher,0
TXN-003413,ACCT-1183,2025-05-30 10:12:10,470.72,Uber,Portland,Utilities,Online,60,Retired,0
TXN-003414,ACCT-1115,2025-01-12 12:17:50,54.52,Grubhub,San Francisco,Healthcare,Online,40,Sales Rep,0
TXN-003415,ACCT-1021,2025-11-27 14:28:54,85.78,Best Buy,Phoenix,Shopping,Online,28,Teacher,0
TXN-003416,ACCT-1180,2025-02-03 09:40:42,232.3,Trader Joes,Detroit,Groceries,In-Store,45,Freelancer,0
TXN-003417,ACCT-1086,2025-02-09 22:07:34,36.44,Netflix,Philadelphia,Personal Care,In-Store,20,Manager,0
TXN-003418,ACCT-1183,2025-08-09 12:26:41,281.84,Uber,Portland,Travel,In-Store,60,Retired,0
TXN-003419,ACCT-1164,2025-04-05 10:09:11,75.38,Apple Store,Seattle,Transportation,Online,36,Freelancer,0
TXN-003420,ACCT-1089,2025-04-12 17:11:17,65.34,Delta Airlines,Atlanta,Gas,Online,18,Driver,0
TXN-003421,ACCT-1009,2025-12-20 09:13:04,127.1,Nike,Austin,Personal Care,Mobile App,69,Analyst,0
TXN-003422,ACCT-1043,2025-06-03 09:49:35,195.53,Amazon,Portland,Groceries,In-Store,34,Manager,0
TXN-003423,ACCT-1129,2025-08-16 20:08:01,107.02,Netflix,Chicago,Groceries,Mobile App,32,Sales Rep,0
TXN-003424,ACCT-1166,2025-04-21 13:44:39,58.62,Starbucks,Boston,Travel,Online,21,Designer,0
TXN-003425,ACCT-1050,2025-09-07 16:38:54,99.82,Walmart,Minneapolis,Groceries,Mobile App,43,Designer,0
TXN-003426,ACCT-1178,2025-03-23 15:42:09,232.13,Home Depot,Chicago,Healthcare,In-Store,59,Retired,0
TXN-003427,ACCT-1091,2025-01-24 13:51:06,156.52,Apple Store,Miami,Dining,Online,36,Manager,0
TXN-003428,ACCT-1160,2025-09-06 11:29:15,246.19,Spotify,Denver,Gas,Online,40,Nurse,0
TXN-003429,ACCT-1190,2025-11-14 19:19:00,344.57,UnknownVendor_X9,Phnom Penh,Shopping,Online,40,Teacher,1
TXN-003430,ACCT-1194,2025-03-16 12:27:43,149.07,Walgreens,San Diego,Groceries,Online,84,Lawyer,0
TXN-003431,ACCT-1004,2025-07-07 12:21:12,178.94,DoorDash,Denver,Entertainment,Online,28,Designer,0
TXN-003432,ACCT-1034,2025-02-03 17:05:03,111.73,Amazon,Philadelphia,Dining,In-Store,41,Lawyer,0
TXN-003433,ACCT-1001,2025-08-01 09:35:16,730.95,Whole Foods,Minneapolis,Healthcare,Mobile App,64,Nurse,0
TXN-003434,ACCT-1070,2025-07-02 09:01:34,262.46,Hilton,Portland,Healthcare,Mobile App,56,Student,0
TXN-003435,ACCT-1164,2025-07-24 20:39:20,108.93,Target,Seattle,Transportation,In-Store,36,Freelancer,0
TXN-003436,ACCT-1172,2025-08-03 17:14:47,64.83,Marriott,Austin,Entertainment,Phone,25,Nurse,0
TXN-003437,ACCT-1168,2025-02-27 12:42:48,20.93,Chevron,Los Angeles,Entertainment,In-Store,82,Teacher,0
TXN-003438,ACCT-1079,2025-01-03 03:09:00,150.76,QuickWire Transfers,Phoenix,Entertainment,ATM,52,Retired,1
TXN-003439,ACCT-1196,2025-07-23 15:01:48,685.14,Uber,Houston,Travel,Mobile App,48,Freelancer,0
TXN-003440,ACCT-1097,2025-07-16 19:16:36,85.77,Spotify,Dallas,Gas,In-Store,52,Teacher,0
TXN-003441,ACCT-1116,2025-05-30 08:32:08,42.75,Walgreens,Chicago,Subscriptions,ATM,19,Lawyer,0
TXN-003442,ACCT-1110,2025-08-17 20:57:47,59.73,Home Depot,San Francisco,Dining,Online,34,Analyst,0
TXN-003443,ACCT-1139,2025-11-09 16:27:56,207.03,Delta Airlines,Los Angeles,Groceries,Mobile App,40,Driver,0
TXN-003444,ACCT-1040,2025-07-27 14:47:31,211.07,Zara,Miami,Gas,In-Store,29,Driver,0
TXN-003445,ACCT-1157,2025-12-24 22:50:36,158.85,Amazon,San Diego,Education,Online,57,Lawyer,0
TXN-003446,ACCT-1100,2025-08-17 11:53:27,118.44,Marriott,Phoenix,Personal Care,Phone,80,Manager,0
TXN-003447,ACCT-1041,2025-03-02 15:47:19,142.34,Kroger,Los Angeles,Groceries,In-Store,44,Designer,0
TXN-003448,ACCT-1084,2025-04-07 22:08:00,750.0,Spotify,Seattle,Shopping,Online,24,Engineer,1
TXN-003449,ACCT-1180,2025-06-13 16:58:44,90.53,Safeway,Detroit,Entertainment,Mobile App,45,Freelancer,0
TXN-003450,ACCT-1079,2025-09-27 15:27:29,177.75,Whole Foods,Phoenix,Utilities,In-Store,52,Retired,0
TXN-003451,ACCT-1148,2025-09-29 17:48:07,101.11,Whole Foods,Houston,Healthcare,Online,23,Chef,0
TXN-003452,ACCT-1180,2025-12-25 15:33:45,297.18,Shell Gas,Detroit,Travel,Mobile App,45,Freelancer,0
TXN-003453,ACCT-1088,2025-09-26 17:10:51,135.99,Zara,Phoenix,Education,Mobile App,33,Designer,0
TXN-003454,ACCT-1031,2025-08-26 14:18:28,214.38,Nike,Miami,Transportation,Online,71,Doctor,0
TXN-003455,ACCT-1165,2025-01-08 17:14:24,24.11,Whole Foods,San Antonio,Utilities,In-Store,22,Accountant,0
TXN-003456,ACCT-1042,2025-10-19 13:09:30,114.44,Walmart,Seattle,Education,In-Store,50,Sales Rep,0
TXN-003457,ACCT-1167,2025-02-16 11:40:17,72.93,Hilton,Seattle,Subscriptions,Mobile App,57,Manager,0
TXN-003458,ACCT-1157,2025-03-06 20:15:39,505.85,Trader Joes,San Diego,Shopping,Mobile App,57,Lawyer,0
TXN-003459,ACCT-1088,2025-12-21 16:48:13,74.11,Zara,Phoenix,Shopping,In-Store,33,Designer,0
TXN-003460,ACCT-1030,2025-02-27 11:06:26,277.2,Nike,Seattle,Shopping,ATM,48,Manager,0
TXN-003461,ACCT-1045,2025-04-16 15:17:48,49.61,Amazon,Philadelphia,Healthcare,In-Store,66,Chef,0
TXN-003462,ACCT-1090,2025-10-09 11:29:32,97.72,Chevron,Dallas,Shopping,ATM,24,Retired,0
TXN-003463,ACCT-1194,2025-01-28 09:50:30,105.77,Zara,San Diego,Healthcare,In-Store,84,Lawyer,0
TXN-003464,ACCT-1118,2025-09-30 12:59:08,329.35,Walgreens,Detroit,Utilities,In-Store,37,Designer,0
TXN-003465,ACCT-1051,2025-11-23 15:31:27,118.8,Hilton,Phoenix,Groceries,Online,45,Chef,0
TXN-003466,ACCT-1035,2025-07-30 15:37:11,84.79,Whole Foods,Houston,Healthcare,In-Store,36,Chef,0
TXN-003467,ACCT-1008,2025-12-13 13:59:09,111.23,Netflix,Nashville,Groceries,Mobile App,28,Retired,0
TXN-003468,ACCT-1181,2025-01-23 13:02:33,63.18,Target,Detroit,Healthcare,Online,48,Manager,0
TXN-003469,ACCT-1093,2025-08-28 23:57:50,42.28,McDonalds,Boston,Personal Care,Online,41,Chef,0
TXN-003470,ACCT-1175,2025-12-18 13:20:43,415.42,DoorDash,Los Angeles,Utilities,Online,59,Student,0
TXN-003471,ACCT-1161,2025-09-08 17:53:56,149.84,CVS Pharmacy,Detroit,Travel,In-Store,75,Engineer,0
TXN-003472,ACCT-1089,2025-11-24 18:18:27,35.12,Whole Foods,San Francisco,Dining,Online,18,Driver,0
TXN-003473,ACCT-1162,2025-05-04 11:00:24,334.22,Marriott,Austin,Education,Online,58,Retired,0
TXN-003474,ACCT-1058,2025-12-05 13:53:48,185.62,Amazon,San Diego,Healthcare,Online,36,Designer,0
TXN-003475,ACCT-1006,2025-10-21 09:50:21,140.71,Kroger,Atlanta,Healthcare,ATM,55,Nurse,0
TXN-003476,ACCT-1095,2025-07-21 19:47:45,150.13,Netflix,San Diego,Shopping,In-Store,81,Doctor,0
TXN-003477,ACCT-1171,2025-05-21 09:26:54,238.4,Trader Joes,Boston,Groceries,Mobile App,57,Doctor,0
TXN-003478,ACCT-1101,2025-06-10 09:19:30,52.93,Safeway,Minneapolis,Subscriptions,Online,24,Doctor,0
TXN-003479,ACCT-1015,2025-04-07 12:54:29,159.57,Nike,Minneapolis,Personal Care,Online,43,Lawyer,0
TXN-003480,ACCT-1028,2025-07-08 22:32:48,40.1,Shell Gas,Seattle,Groceries,Online,23,Freelancer,0
TXN-003481,ACCT-1004,2025-11-27 17:07:18,115.1,Delta Airlines,Denver,Education,In-Store,28,Designer,0
TXN-003482,ACCT-1144,2025-10-17 09:38:37,236.9,United Airlines,San Antonio,Entertainment,Mobile App,27,Chef,0
TXN-003483,ACCT-1009,2025-05-06 12:42:34,104.38,Nike,Austin,Entertainment,In-Store,69,Analyst,0
TXN-003484,ACCT-1128,2025-01-26 11:36:26,51.22,Lyft,Chicago,Shopping,Mobile App,21,Engineer,0
TXN-003485,ACCT-1122,2025-09-24 14:37:30,280.4,CVS Pharmacy,Nashville,Education,Phone,34,Retired,0
TXN-003486,ACCT-1055,2025-09-16 08:18:18,289.76,Zara,Denver,Entertainment,Online,46,Nurse,0
TXN-003487,ACCT-1005,2025-10-13 16:52:52,15.08,Amazon,Houston,Subscriptions,Mobile App,24,Student,0
TXN-003488,ACCT-1196,2025-07-29 12:24:31,344.94,Safeway,Los Angeles,Education,Online,48,Freelancer,0
TXN-003489,ACCT-1021,2025-02-20 17:45:29,187.34,Delta Airlines,Phoenix,Subscriptions,Mobile App,28,Teacher,0
TXN-003490,ACCT-1088,2025-11-29 13:39:13,197.84,Best Buy,Phoenix,Subscriptions,Online,33,Designer,0
TXN-003491,ACCT-1000,2025-09-30 08:19:44,244.48,Hilton,Portland,Entertainment,In-Store,59,Freelancer,0
TXN-003492,ACCT-1164,2025-07-10 10:18:22,99.15,Apple Store,Seattle,Groceries,Online,36,Freelancer,0
TXN-003493,ACCT-1170,2025-06-11 11:51:20,284.08,Spotify,San Francisco,Entertainment,In-Store,60,Lawyer,0
TXN-003494,ACCT-1065,2025-03-28 12:31:00,415.85,Grubhub,Chicago,Entertainment,In-Store,79,Analyst,1
TXN-003495,ACCT-1016,2025-03-23 23:14:11,208.68,Marriott,Miami,Dining,Online,26,Driver,0
TXN-003496,ACCT-1158,2025-02-28 15:01:44,29.96,Hilton,Nashville,Transportation,Online,23,Doctor,0
TXN-003497,ACCT-1135,2025-05-03 14:15:10,76.16,Chevron,Los Angeles,Personal Care,In-Store,37,Driver,0
TXN-003498,ACCT-1100,2025-04-04 12:41:18,49.49,Starbucks,Phoenix,Personal Care,In-Store,80,Manager,0
TXN-003499,ACCT-1091,2025-07-16 12:40:54,168.4,Apple Store,Miami,Utilities,Online,36,Manager,0
TXN-003500,ACCT-1099,2025-10-22 12:49:55,66.79,Airbnb,Portland,Subscriptions,In-Store,32,Sales Rep,0
TXN-003501,ACCT-1178,2025-05-05 13:00:16,335.59,Grubhub,Chicago,Travel,Online,59,Retired,0
TXN-003502,ACCT-1143,2025-06-02 17:51:53,91.81,Netflix,San Francisco,Gas,In-Store,76,Retired,0
TXN-003503,ACCT-1086,2025-03-22 15:40:36,129.25,Home Depot,Houston,Subscriptions,Online,20,Manager,0
TXN-003504,ACCT-1095,2025-04-21 11:40:18,119.78,Nike,San Diego,Entertainment,Online,81,Doctor,0
TXN-003505,ACCT-1058,2025-09-19 11:19:18,154.02,Nike,San Diego,Subscriptions,ATM,36,Designer,0
TXN-003506,ACCT-1031,2025-05-31 11:57:12,36.81,Costco,Portland,Personal Care,Mobile App,71,Doctor,0
TXN-003507,ACCT-1119,2025-04-24 19:10:00,622.03,FastCash ATM Services,Karachi,Shopping,Online,41,Designer,1
TXN-003508,ACCT-1085,2025-02-15 09:27:44,309.6,Apple Store,Dallas,Education,ATM,38,Student,0
TXN-003509,ACCT-1122,2025-03-21 18:22:55,94.27,CVS Pharmacy,Portland,Utilities,Phone,34,Retired,0
TXN-003510,ACCT-1194,2025-01-15 07:00:48,132.33,McDonalds,San Diego,Education,In-Store,84,Lawyer,0
TXN-003511,ACCT-1184,2025-05-20 10:26:21,44.11,Zara,Seattle,Dining,Online,30,Analyst,0
TXN-003512,ACCT-1071,2025-03-23 21:14:41,93.44,Airbnb,Nashville,Travel,In-Store,42,Analyst,0
TXN-003513,ACCT-1020,2025-12-27 21:54:35,323.45,DoorDash,Detroit,Subscriptions,Online,36,Engineer,0
TXN-003514,ACCT-1165,2025-11-21 22:32:09,25.13,DoorDash,San Antonio,Transportation,Online,22,Accountant,0
TXN-003515,ACCT-1066,2025-07-16 09:57:47,119.22,Delta Airlines,Houston,Groceries,Online,38,Teacher,0
TXN-003516,ACCT-1198,2025-06-25 18:09:24,247.06,Trader Joes,Houston,Travel,Online,53,Engineer,0
TXN-003517,ACCT-1055,2025-02-08 11:02:52,116.47,Zara,Denver,Subscriptions,Online,46,Nurse,0
TXN-003518,ACCT-1146,2025-06-13 16:18:53,78.37,CVS Pharmacy,Atlanta,Transportation,Mobile App,39,Accountant,0
TXN-003519,ACCT-1177,2025-12-02 10:22:56,19.97,Kroger,Portland,Gas,Online,24,Teacher,0
TXN-003520,ACCT-1139,2025-09-23 10:36:10,67.85,Delta Airlines,Los Angeles,Utilities,In-Store,40,Driver,0
TXN-003521,ACCT-1192,2025-08-19 18:44:02,476.05,Apple Store,San Antonio,Education,In-Store,56,Designer,0
TXN-003522,ACCT-1171,2025-08-15 07:20:33,386.86,Chevron,Boston,Transportation,ATM,57,Doctor,0
TXN-003523,ACCT-1156,2025-01-31 20:21:36,10.56,McDonalds,Atlanta,Gas,Mobile App,18,Sales Rep,0
TXN-003524,ACCT-1098,2025-03-20 05:19:05,200.75,Nike,Houston,Personal Care,Mobile App,37,Sales Rep,0
TXN-003525,ACCT-1141,2025-12-07 22:29:59,92.63,Trader Joes,San Diego,Transportation,Mobile App,32,Engineer,0
TXN-003526,ACCT-1129,2025-08-21 18:02:04,56.09,Whole Foods,Chicago,Healthcare,ATM,32,Sales Rep,0
TXN-003527,ACCT-1089,2025-06-29 09:41:07,122.44,Kroger,Dallas,Groceries,In-Store,18,Driver,0
TXN-003528,ACCT-1038,2025-05-19 08:00:30,171.32,Zara,Chicago,Entertainment,In-Store,42,Nurse,0
TXN-003529,ACCT-1190,2025-03-21 11:20:29,178.65,Grubhub,Nashville,Dining,Online,40,Teacher,0
TXN-003530,ACCT-1040,2025-04-20 13:38:26,131.48,Apple Store,Miami,Groceries,Online,29,Driver,0
TXN-003531,ACCT-1176,2025-02-01 10:25:04,129.48,Netflix,Boston,Personal Care,Mobile App,62,Designer,0
TXN-003532,ACCT-1056,2025-11-04 17:33:16,82.81,McDonalds,Philadelphia,Healthcare,ATM,39,Freelancer,0
TXN-003533,ACCT-1130,2025-05-04 10:02:59,50.49,Marriott,Detroit,Transportation,Online,27,Lawyer,0
TXN-003534,ACCT-1122,2025-05-24 07:36:02,164.32,Whole Foods,Portland,Healthcare,In-Store,34,Retired,0
TXN-003535,ACCT-1050,2025-07-12 17:09:32,152.14,CVS Pharmacy,Phoenix,Dining,In-Store,43,Designer,0
TXN-003536,ACCT-1124,2025-12-24 13:14:20,177.78,Netflix,Miami,Transportation,Online,33,Analyst,0
TXN-003537,ACCT-1163,2025-12-27 19:37:24,416.14,Whole Foods,Nashville,Travel,Online,48,Teacher,0
TXN-003538,ACCT-1171,2025-07-28 10:31:54,347.08,Trader Joes,Boston,Utilities,Online,57,Doctor,0
TXN-003539,ACCT-1136,2025-04-11 23:27:11,485.35,Grubhub,Boston,Transportation,Phone,60,Sales Rep,0
TXN-003540,ACCT-1120,2025-04-20 14:26:14,328.8,Costco,Minneapolis,Gas,In-Store,54,Teacher,0
TXN-003541,ACCT-1012,2025-02-16 08:27:52,38.55,CVS Pharmacy,Denver,Healthcare,Online,22,Teacher,0
TXN-003542,ACCT-1137,2025-11-23 10:11:16,140.39,Nike,Miami,Transportation,Online,41,Lawyer,0
TXN-003543,ACCT-1157,2025-04-04 16:26:23,376.02,Netflix,San Diego,Utilities,Online,57,Lawyer,0
TXN-003544,ACCT-1039,2025-05-26 09:55:11,229.87,United Airlines,Houston,Education,Online,82,Accountant,0
TXN-003545,ACCT-1181,2025-10-15 21:56:11,241.5,Trader Joes,Detroit,Entertainment,Mobile App,48,Manager,0
TXN-003546,ACCT-1145,2025-01-26 11:24:39,64.11,Grubhub,Nashville,Personal Care,Online,19,Chef,0
TXN-003547,ACCT-1149,2025-04-12 19:31:10,160.64,Amazon,Los Angeles,Gas,Online,41,Sales Rep,0
TXN-003548,ACCT-1075,2025-12-24 16:44:45,180.89,Marriott,Denver,Utilities,Online,81,Accountant,0
TXN-003549,ACCT-1194,2025-02-21 12:26:44,207.2,Zara,Nashville,Shopping,In-Store,84,Lawyer,0
TXN-003550,ACCT-1013,2025-10-05 00:30:20,249.93,Starbucks,Houston,Shopping,Online,45,Driver,0
TXN-003551,ACCT-1180,2025-04-17 13:08:24,137.3,CVS Pharmacy,Detroit,Groceries,In-Store,45,Freelancer,0
TXN-003552,ACCT-1115,2025-05-10 10:55:30,29.8,Uber,San Francisco,Transportation,Online,40,Sales Rep,0
TXN-003553,ACCT-1189,2025-01-27 13:45:52,18.9,Walmart,Detroit,Subscriptions,Phone,23,Designer,0
TXN-003554,ACCT-1180,2025-08-10 21:29:00,204.55,Zara,Detroit,Groceries,Online,45,Freelancer,0
TXN-003555,ACCT-1040,2025-05-24 13:28:06,210.11,Zara,Miami,Groceries,Online,29,Driver,0
TXN-003556,ACCT-1010,2025-04-17 11:01:53,11.91,Home Depot,Philadelphia,Personal Care,Mobile App,19,Sales Rep,0
TXN-003557,ACCT-1076,2025-08-16 09:00:24,5.56,Grubhub,Portland,Education,ATM,18,Teacher,0
TXN-003558,ACCT-1155,2025-08-20 10:44:14,232.16,CVS Pharmacy,Los Angeles,Travel,Online,35,Accountant,0
TXN-003559,ACCT-1164,2025-12-27 20:59:03,73.91,Apple Store,Seattle,Education,In-Store,36,Freelancer,0
TXN-003560,ACCT-1002,2025-01-27 22:33:26,320.43,McDonalds,New York,Personal Care,In-Store,26,Lawyer,0
TXN-003561,ACCT-1118,2025-12-24 11:50:06,157.63,DoorDash,Detroit,Shopping,ATM,37,Designer,0
TXN-003562,ACCT-1012,2025-02-28 10:59:55,54.24,Walgreens,Denver,Education,In-Store,22,Teacher,0
TXN-003563,ACCT-1090,2025-02-11 17:28:26,40.52,Kroger,Dallas,Education,Mobile App,24,Retired,0
TXN-003564,ACCT-1026,2025-12-11 13:51:59,144.31,Shell Gas,Detroit,Utilities,Online,33,Lawyer,0
TXN-003565,ACCT-1048,2025-06-16 17:31:33,78.91,Walmart,San Antonio,Subscriptions,In-Store,25,Lawyer,0
TXN-003566,ACCT-1168,2025-03-19 11:17:35,67.3,Zara,Boston,Transportation,Online,82,Teacher,0
TXN-003567,ACCT-1086,2025-11-26 16:26:34,85.03,Netflix,Boston,Entertainment,In-Store,20,Manager,0
TXN-003568,ACCT-1041,2025-03-15 14:18:51,126.13,CVS Pharmacy,New York,Dining,Mobile App,44,Designer,0
TXN-003569,ACCT-1116,2025-08-21 14:03:08,65.48,Walgreens,San Francisco,Transportation,Online,19,Lawyer,0
TXN-003570,ACCT-1059,2025-05-02 15:29:20,299.67,Hilton,Los Angeles,Travel,Online,48,Doctor,0
TXN-003571,ACCT-1038,2025-05-25 15:28:59,161.31,Spotify,Chicago,Entertainment,Online,42,Nurse,0
TXN-003572,ACCT-1181,2025-08-02 06:15:42,168.48,Starbucks,Detroit,Gas,Mobile App,48,Manager,0
TXN-003573,ACCT-1087,2025-10-31 18:41:06,381.0,Hilton,Seattle,Transportation,Online,61,Manager,0
TXN-003574,ACCT-1111,2025-12-30 12:51:33,73.22,Uber,Houston,Education,Online,22,Analyst,0
TXN-003575,ACCT-1114,2025-05-27 22:53:06,50.21,Walmart,Detroit,Dining,ATM,65,Teacher,0
TXN-003576,ACCT-1049,2025-10-29 06:29:06,149.37,Netflix,Chicago,Travel,Online,48,Accountant,0
TXN-003577,ACCT-1085,2025-10-17 15:40:53,174.77,Apple Store,Dallas,Groceries,Mobile App,38,Student,0
TXN-003578,ACCT-1059,2025-09-01 06:15:32,272.03,Hilton,Los Angeles,Education,Online,48,Doctor,0
TXN-003579,ACCT-1165,2025-03-12 10:17:51,30.49,Safeway,San Antonio,Dining,In-Store,22,Accountant,0
TXN-003580,ACCT-1008,2025-10-16 17:22:52,95.45,Chevron,Nashville,Transportation,Online,28,Retired,0
TXN-003581,ACCT-1129,2025-07-01 15:23:04,30.19,Netflix,Chicago,Travel,Online,32,Sales Rep,0
TXN-003582,ACCT-1078,2025-09-19 12:50:38,47.73,Spotify,Houston,Travel,ATM,24,Freelancer,0
TXN-003583,ACCT-1072,2025-11-16 18:15:56,515.02,Whole Foods,San Diego,Gas,In-Store,53,Analyst,0
TXN-003584,ACCT-1161,2025-04-27 18:41:51,108.43,Lyft,Detroit,Entertainment,Online,75,Engineer,0
TXN-003585,ACCT-1124,2025-02-03 12:57:24,141.5,McDonalds,Miami,Healthcare,ATM,33,Analyst,0
TXN-003586,ACCT-1162,2025-12-27 09:25:03,176.07,Trader Joes,Denver,Transportation,Online,58,Retired,0
TXN-003587,ACCT-1006,2025-12-23 10:57:06,186.25,Starbucks,Atlanta,Gas,Online,55,Nurse,0
TXN-003588,ACCT-1026,2025-12-24 18:28:20,227.07,Walgreens,Detroit,Utilities,ATM,33,Lawyer,0
TXN-003589,ACCT-1033,2025-12-07 21:58:21,180.03,Hilton,Nashville,Gas,ATM,43,Teacher,0
TXN-003590,ACCT-1082,2025-11-19 12:22:06,133.24,Safeway,Philadelphia,Subscriptions,Mobile App,26,Driver,0
TXN-003591,ACCT-1153,2025-12-22 11:37:49,47.99,Chevron,Los Angeles,Entertainment,Online,33,Lawyer,0
TXN-003592,ACCT-1182,2025-06-05 23:17:26,372.03,Safeway,Denver,Groceries,Mobile App,55,Lawyer,0
TXN-003593,ACCT-1186,2025-03-06 15:25:52,21.99,Trader Joes,Dallas,Travel,In-Store,19,Freelancer,0
TXN-003594,ACCT-1069,2025-10-15 13:42:09,68.28,Shell Gas,Minneapolis,Subscriptions,In-Store,32,Manager,0
TXN-003595,ACCT-1161,2025-08-24 21:44:26,139.95,Apple Store,Detroit,Dining,Online,75,Engineer,0
TXN-003596,ACCT-1148,2025-06-17 22:34:43,41.0,Airbnb,Houston,Gas,Mobile App,23,Chef,0
TXN-003597,ACCT-1023,2025-03-15 11:25:49,140.91,Walgreens,Dallas,Dining,In-Store,39,Retired,0
TXN-003598,ACCT-1087,2025-11-09 16:21:19,1049.23,Kroger,Seattle,Dining,In-Store,61,Manager,0
TXN-003599,ACCT-1086,2025-02-26 16:05:34,49.02,Netflix,Philadelphia,Entertainment,In-Store,20,Manager,0
TXN-003600,ACCT-1080,2025-08-06 13:52:38,80.16,Best Buy,Seattle,Travel,In-Store,79,Freelancer,0
TXN-003601,ACCT-1050,2025-04-05 01:34:51,405.05,CVS Pharmacy,Minneapolis,Travel,Mobile App,43,Designer,0
TXN-003602,ACCT-1019,2025-03-09 15:29:24,137.9,Uber,Chicago,Subscriptions,In-Store,41,Lawyer,0
TXN-003603,ACCT-1159,2025-05-30 11:03:15,162.09,Marriott,San Diego,Healthcare,Mobile App,39,Student,0
TXN-003604,ACCT-1089,2025-12-23 08:34:41,49.49,Delta Airlines,Dallas,Shopping,Online,18,Driver,0
TXN-003605,ACCT-1062,2025-04-22 21:49:57,190.92,Apple Store,Phoenix,Education,In-Store,52,Student,0
TXN-003606,ACCT-1097,2025-09-25 15:18:21,685.05,Delta Airlines,Detroit,Utilities,Online,52,Teacher,0
TXN-003607,ACCT-1107,2025-09-12 09:47:43,411.05,Lyft,Austin,Healthcare,Online,63,Student,0
TXN-003608,ACCT-1051,2025-06-25 07:43:38,416.12,Nike,Phoenix,Dining,ATM,45,Chef,0
TXN-003609,ACCT-1016,2025-07-21 08:56:17,56.22,Uber,Miami,Travel,In-Store,26,Driver,0
TXN-003610,ACCT-1092,2025-08-15 16:45:09,449.0,Walmart,Minneapolis,Travel,Mobile App,32,Accountant,0
TXN-003611,ACCT-1119,2025-04-08 13:28:21,60.37,Safeway,Boston,Utilities,Online,41,Designer,0
TXN-003612,ACCT-1007,2025-02-23 08:38:22,308.6,Whole Foods,Atlanta,Entertainment,Online,66,Sales Rep,0
TXN-003613,ACCT-1008,2025-11-05 12:24:05,38.4,Netflix,Nashville,Transportation,Online,28,Retired,0
TXN-003614,ACCT-1180,2025-04-30 14:33:51,179.4,Zara,Denver,Entertainment,Online,45,Freelancer,0
TXN-003615,ACCT-1125,2025-11-16 17:51:35,352.84,Costco,Atlanta,Subscriptions,In-Store,61,Teacher,0
TXN-003616,ACCT-1090,2025-09-26 12:09:28,70.35,Safeway,Dallas,Personal Care,ATM,24,Retired,0
TXN-003617,ACCT-1133,2025-08-31 19:53:20,79.53,Grubhub,Nashville,Groceries,Online,19,Student,0
TXN-003618,ACCT-1017,2025-12-28 08:23:02,81.29,CVS Pharmacy,San Diego,Dining,Online,76,Nurse,0
TXN-003619,ACCT-1100,2025-11-16 20:52:07,62.07,McDonalds,Phoenix,Education,Online,80,Manager,0
TXN-003620,ACCT-1117,2025-09-30 20:47:37,125.94,Uber,Houston,Travel,In-Store,56,Teacher,0
TXN-003621,ACCT-1158,2025-05-08 12:44:17,20.73,Apple Store,Nashville,Healthcare,Phone,23,Doctor,0
TXN-003622,ACCT-1068,2025-04-02 08:23:41,24.59,Trader Joes,Atlanta,Dining,Online,22,Accountant,0
TXN-003623,ACCT-1142,2025-09-15 10:52:55,103.84,Chevron,Los Angeles,Entertainment,Mobile App,36,Analyst,0
TXN-003624,ACCT-1191,2025-03-13 17:48:47,713.59,Delta Airlines,San Francisco,Groceries,Mobile App,61,Designer,0
TXN-003625,ACCT-1056,2025-04-06 13:19:46,109.88,Shell Gas,Philadelphia,Education,Phone,39,Freelancer,0
TXN-003626,ACCT-1105,2025-08-31 23:30:15,176.92,Nike,New York,Entertainment,Online,51,Teacher,0
TXN-003627,ACCT-1152,2025-09-08 17:04:50,428.56,Lyft,San Francisco,Groceries,ATM,58,Chef,0
TXN-003628,ACCT-1020,2025-08-08 06:36:21,118.56,DoorDash,Detroit,Dining,Online,36,Engineer,0
TXN-003629,ACCT-1080,2025-05-18 08:04:33,67.36,Airbnb,Seattle,Dining,Online,79,Freelancer,0
TXN-003630,ACCT-1172,2025-05-29 10:21:31,40.47,Best Buy,Austin,Gas,Online,25,Nurse,0
TXN-003631,ACCT-1100,2025-12-26 10:21:39,44.38,McDonalds,Phoenix,Transportation,Mobile App,80,Manager,0
TXN-003632,ACCT-1026,2025-03-15 08:02:27,153.77,Netflix,Detroit,Travel,ATM,33,Lawyer,0
TXN-003633,ACCT-1021,2025-08-25 09:28:09,111.0,Lyft,Miami,Healthcare,Online,28,Teacher,0
TXN-003634,ACCT-1096,2025-09-05 11:27:03,167.23,Costco,New York,Utilities,Mobile App,30,Chef,0
TXN-003635,ACCT-1052,2025-07-10 11:40:20,130.37,Nike,Philadelphia,Dining,Online,68,Accountant,0
TXN-003636,ACCT-1119,2025-04-17 20:26:51,239.64,Lyft,Boston,Gas,In-Store,41,Designer,0
TXN-003637,ACCT-1184,2025-12-20 20:32:27,45.42,Chevron,Seattle,Travel,In-Store,30,Analyst,0
TXN-003638,ACCT-1150,2025-06-23 00:12:09,34.58,Lyft,Atlanta,Dining,ATM,24,Manager,0
TXN-003639,ACCT-1198,2025-01-24 12:58:00,111.51,Kroger,Houston,Utilities,In-Store,53,Engineer,0
TXN-003640,ACCT-1110,2025-11-14 22:36:34,89.48,Home Depot,San Francisco,Gas,Mobile App,34,Analyst,0
TXN-003641,ACCT-1087,2025-03-02 00:03:06,411.81,CVS Pharmacy,Seattle,Gas,Online,61,Manager,0
TXN-003642,ACCT-1161,2025-05-11 16:51:31,77.44,CVS Pharmacy,Detroit,Entertainment,In-Store,75,Engineer,0
TXN-003643,ACCT-1135,2025-12-11 11:00:26,171.11,DoorDash,Los Angeles,Healthcare,Mobile App,37,Driver,0
TXN-003644,ACCT-1061,2025-08-06 13:54:14,184.1,Grubhub,Boston,Healthcare,Online,50,Analyst,0
TXN-003645,ACCT-1103,2025-12-29 12:41:26,18.53,Amazon,Houston,Education,ATM,23,Sales Rep,0
TXN-003646,ACCT-1148,2025-01-06 13:02:27,50.49,Safeway,Houston,Subscriptions,In-Store,23,Chef,0
TXN-003647,ACCT-1056,2025-09-29 12:16:58,186.09,Shell Gas,Philadelphia,Groceries,Mobile App,39,Freelancer,0
TXN-003648,ACCT-1061,2025-11-28 11:28:37,739.95,Grubhub,Boston,Groceries,ATM,50,Analyst,0
TXN-003649,ACCT-1129,2025-11-19 09:44:08,35.53,Netflix,Chicago,Healthcare,ATM,32,Sales Rep,0
TXN-003650,ACCT-1160,2025-09-29 17:29:59,261.52,Spotify,Denver,Transportation,In-Store,40,Nurse,0
TXN-003651,ACCT-1009,2025-07-19 09:50:26,75.49,Nike,Austin,Dining,ATM,69,Analyst,0
TXN-003652,ACCT-1053,2025-08-25 10:04:01,38.6,Shell Gas,Philadelphia,Personal Care,In-Store,20,Student,0
TXN-003653,ACCT-1063,2025-05-07 08:30:06,190.62,Walmart,Austin,Entertainment,ATM,70,Driver,0
TXN-003654,ACCT-1159,2025-02-23 21:01:30,261.13,Spotify,San Diego,Subscriptions,Online,39,Student,0
TXN-003655,ACCT-1167,2025-03-25 17:49:05,106.26,Hilton,Seattle,Education,In-Store,57,Manager,0
TXN-003656,ACCT-1017,2025-02-03 13:08:39,108.36,United Airlines,San Diego,Subscriptions,ATM,76,Nurse,0
TXN-003657,ACCT-1191,2025-10-03 19:18:37,226.22,Delta Airlines,San Francisco,Healthcare,ATM,61,Designer,0
TXN-003658,ACCT-1115,2025-12-13 17:50:45,65.61,Hilton,San Francisco,Travel,Phone,40,Sales Rep,0
TXN-003659,ACCT-1051,2025-02-09 14:42:38,152.91,Hilton,Phoenix,Subscriptions,ATM,45,Chef,0
TXN-003660,ACCT-1182,2025-07-10 18:25:46,203.52,DoorDash,Denver,Education,Online,55,Lawyer,0
TXN-003661,ACCT-1160,2025-03-18 13:30:59,277.07,Airbnb,Denver,Personal Care,Mobile App,40,Nurse,0
TXN-003662,ACCT-1112,2025-01-30 10:46:06,153.54,Amazon,San Antonio,Utilities,Online,23,Sales Rep,0
TXN-003663,ACCT-1163,2025-04-04 09:22:20,267.56,Whole Foods,Portland,Shopping,Online,48,Teacher,0
TXN-003664,ACCT-1062,2025-12-30 21:19:27,581.25,Airbnb,Chicago,Utilities,In-Store,52,Student,0
TXN-003665,ACCT-1140,2025-08-03 18:38:02,26.24,Apple Store,Phoenix,Dining,Mobile App,24,Teacher,0
TXN-003666,ACCT-1088,2025-01-20 14:48:14,88.78,Kroger,Phoenix,Utilities,In-Store,33,Designer,0
TXN-003667,ACCT-1023,2025-01-29 12:17:58,69.94,Walgreens,Nashville,Personal Care,Online,39,Retired,0
TXN-003668,ACCT-1162,2025-11-08 08:34:58,275.81,Nike,Denver,Shopping,Online,58,Retired,0
TXN-003669,ACCT-1076,2025-05-04 19:33:38,11.32,United Airlines,Portland,Utilities,Online,18,Teacher,0
TXN-003670,ACCT-1084,2025-06-29 11:59:55,33.37,CVS Pharmacy,Dallas,Education,Online,24,Engineer,0
TXN-003671,ACCT-1153,2025-12-06 13:51:32,77.79,CVS Pharmacy,Dallas,Travel,In-Store,33,Lawyer,0
TXN-003672,ACCT-1172,2025-02-12 13:14:44,74.25,Whole Foods,Boston,Transportation,In-Store,25,Nurse,0
TXN-003673,ACCT-1028,2025-08-21 18:22:41,46.38,Trader Joes,Boston,Groceries,In-Store,23,Freelancer,0
TXN-003674,ACCT-1184,2025-05-23 14:50:06,73.86,Zara,Seattle,Dining,Mobile App,30,Analyst,0
TXN-003675,ACCT-1134,2025-04-09 17:58:13,333.35,Nike,Miami,Healthcare,In-Store,56,Student,0
TXN-003676,ACCT-1022,2025-08-24 18:34:28,112.82,CVS Pharmacy,Detroit,Healthcare,Online,34,Analyst,0
TXN-003677,ACCT-1052,2025-04-04 01:53:33,156.46,Hilton,Philadelphia,Travel,Mobile App,68,Accountant,0
TXN-003678,ACCT-1038,2025-01-01 09:17:09,186.74,Trader Joes,Chicago,Subscriptions,Mobile App,42,Nurse,0
TXN-003679,ACCT-1033,2025-05-04 14:07:58,50.98,Best Buy,Miami,Shopping,Online,43,Teacher,0
TXN-003680,ACCT-1104,2025-02-15 11:51:33,90.98,Uber,Dallas,Entertainment,ATM,24,Engineer,0
TXN-003681,ACCT-1183,2025-02-10 14:46:48,211.55,Nike,Portland,Entertainment,Online,60,Retired,0
TXN-003682,ACCT-1130,2025-11-14 10:47:00,40.36,Marriott,Nashville,Gas,Online,27,Lawyer,0
TXN-003683,ACCT-1073,2025-11-07 11:41:56,112.71,Walmart,Miami,Utilities,In-Store,34,Analyst,0
TXN-003684,ACCT-1169,2025-11-16 10:32:57,100.19,Netflix,Chicago,Transportation,In-Store,36,Designer,0
TXN-003685,ACCT-1119,2025-04-05 17:47:05,159.11,Costco,Boston,Transportation,Mobile App,41,Designer,0
TXN-003686,ACCT-1010,2025-07-12 16:42:24,19.99,Walgreens,Philadelphia,Gas,ATM,19,Sales Rep,0
TXN-003687,ACCT-1013,2025-08-12 17:02:40,292.88,Uber,Houston,Groceries,Mobile App,45,Driver,0
TXN-003688,ACCT-1091,2025-07-09 11:56:40,112.86,Apple Store,Miami,Dining,In-Store,36,Manager,0
TXN-003689,ACCT-1076,2025-10-24 18:49:28,11.2,Lyft,Portland,Personal Care,ATM,18,Teacher,0
TXN-003690,ACCT-1097,2025-08-27 16:23:03,284.76,Spotify,Los Angeles,Utilities,In-Store,52,Teacher,0
TXN-003691,ACCT-1075,2025-02-06 14:50:02,229.55,Zara,Denver,Utilities,Phone,81,Accountant,0
TXN-003692,ACCT-1016,2025-01-16 23:26:00,109.62,Marriott,Miami,Dining,Mobile App,26,Driver,0
TXN-003693,ACCT-1106,2025-08-04 11:48:40,36.65,Best Buy,Seattle,Travel,In-Store,23,Retired,0
TXN-003694,ACCT-1189,2025-02-12 12:24:46,16.07,Starbucks,Detroit,Travel,Online,23,Designer,0
TXN-003695,ACCT-1166,2025-03-19 14:40:35,46.27,Home Depot,Houston,Travel,Mobile App,21,Designer,0
TXN-003696,ACCT-1163,2025-06-16 08:45:07,287.24,DoorDash,Seattle,Personal Care,Online,48,Teacher,0
TXN-003697,ACCT-1162,2025-02-07 10:17:17,441.35,Delta Airlines,Denver,Dining,Online,58,Retired,0
TXN-003698,ACCT-1016,2025-08-29 09:00:00,86.84,Uber,Miami,Subscriptions,ATM,26,Driver,0
TXN-003699,ACCT-1081,2025-01-23 11:45:49,21.09,Apple Store,Denver,Gas,Mobile App,77,Accountant,0
TXN-003700,ACCT-1049,2025-01-24 11:57:04,226.7,Whole Foods,Chicago,Groceries,Online,48,Accountant,0
TXN-003701,ACCT-1015,2025-04-22 09:13:09,69.02,Hilton,Minneapolis,Education,Mobile App,43,Lawyer,0
TXN-003702,ACCT-1178,2025-08-10 12:53:07,639.94,Amazon,Chicago,Dining,Online,59,Retired,0
TXN-003703,ACCT-1191,2025-12-29 09:25:03,564.95,Grubhub,Denver,Education,ATM,61,Designer,0
TXN-003704,ACCT-1117,2025-03-03 17:56:39,590.93,Zara,Houston,Dining,In-Store,56,Teacher,0
TXN-003705,ACCT-1117,2025-09-17 07:48:11,325.84,Zara,Houston,Transportation,Mobile App,56,Teacher,0
TXN-003706,ACCT-1097,2025-11-09 22:57:19,355.74,Zara,Los Angeles,Dining,Online,52,Teacher,0
TXN-003707,ACCT-1125,2025-09-16 17:16:11,343.76,United Airlines,Atlanta,Personal Care,Mobile App,61,Teacher,0
TXN-003708,ACCT-1160,2025-06-27 17:26:05,228.37,Spotify,Austin,Dining,Online,40,Nurse,0
TXN-003709,ACCT-1136,2025-07-23 13:33:46,405.52,Starbucks,Boston,Subscriptions,Online,60,Sales Rep,0
TXN-003710,ACCT-1055,2025-01-28 15:16:23,127.27,United Airlines,Denver,Gas,ATM,46,Nurse,0
TXN-003711,ACCT-1159,2025-03-24 09:37:40,90.69,Spotify,San Diego,Gas,Online,39,Student,0
TXN-003712,ACCT-1193,2025-09-03 17:39:41,62.75,United Airlines,San Diego,Gas,Online,42,Sales Rep,0
TXN-003713,ACCT-1166,2025-09-14 07:40:56,83.88,Home Depot,Boston,Dining,In-Store,21,Designer,0
TXN-003714,ACCT-1173,2025-09-27 12:49:42,97.84,Spotify,Miami,Shopping,Mobile App,44,Retired,0
TXN-003715,ACCT-1018,2025-08-27 12:43:52,58.93,Airbnb,Seattle,Education,Mobile App,28,Retired,0
TXN-003716,ACCT-1081,2025-07-27 17:06:14,119.4,Uber,Denver,Entertainment,In-Store,77,Accountant,0
TXN-003717,ACCT-1101,2025-12-03 10:32:14,25.02,Chevron,Minneapolis,Dining,Online,24,Doctor,0
TXN-003718,ACCT-1014,2025-07-18 15:26:16,155.57,Kroger,Detroit,Education,In-Store,54,Chef,0
TXN-003719,ACCT-1142,2025-01-17 17:10:29,46.23,Nike,Los Angeles,Groceries,Mobile App,36,Analyst,0
TXN-003720,ACCT-1001,2025-03-19 09:33:52,512.96,Home Depot,Minneapolis,Healthcare,Mobile App,64,Nurse,0
TXN-003721,ACCT-1022,2025-04-19 08:48:33,167.42,Marriott,Detroit,Transportation,In-Store,34,Analyst,0
TXN-003722,ACCT-1043,2025-12-19 08:59:26,178.38,McDonalds,Atlanta,Healthcare,Online,34,Manager,0
TXN-003723,ACCT-1189,2025-02-12 14:36:24,24.09,Walmart,Detroit,Dining,Online,23,Designer,0
TXN-003724,ACCT-1186,2025-07-16 15:18:45,18.28,Delta Airlines,Dallas,Entertainment,In-Store,19,Freelancer,0
TXN-003725,ACCT-1021,2025-01-31 11:16:59,40.26,Costco,Phoenix,Healthcare,Mobile App,28,Teacher,0
TXN-003726,ACCT-1050,2025-05-06 20:34:42,73.64,Netflix,Minneapolis,Gas,ATM,43,Designer,0
TXN-003727,ACCT-1059,2025-09-07 12:59:29,700.8,United Airlines,Chicago,Personal Care,Online,48,Doctor,0
TXN-003728,ACCT-1098,2025-12-07 06:29:32,184.87,Amazon,Houston,Education,Online,37,Sales Rep,0
TXN-003729,ACCT-1045,2025-08-21 12:11:09,212.12,Netflix,Houston,Healthcare,In-Store,66,Chef,0
TXN-003730,ACCT-1104,2025-04-23 09:58:24,58.58,Kroger,Dallas,Personal Care,Online,24,Engineer,0
TXN-003731,ACCT-1143,2025-09-02 12:29:17,45.03,Delta Airlines,Minneapolis,Subscriptions,Phone,76,Retired,0
TXN-003732,ACCT-1114,2025-04-20 10:23:18,37.94,Walmart,Detroit,Travel,In-Store,65,Teacher,0
TXN-003733,ACCT-1090,2025-03-30 12:39:46,111.74,Chevron,Dallas,Education,Mobile App,24,Retired,0
TXN-003734,ACCT-1055,2025-03-25 12:21:23,99.22,Zara,Denver,Gas,ATM,46,Nurse,0
TXN-003735,ACCT-1029,2025-08-03 14:28:03,84.51,Best Buy,New York,Subscriptions,In-Store,32,Freelancer,0
TXN-003736,ACCT-1173,2025-11-19 10:08:10,88.21,Lyft,Chicago,Personal Care,In-Store,44,Retired,0
TXN-003737,ACCT-1192,2025-06-02 16:52:28,236.88,Chevron,San Antonio,Subscriptions,In-Store,56,Designer,0
TXN-003738,ACCT-1086,2025-02-11 10:41:08,16.07,Netflix,Philadelphia,Gas,In-Store,20,Manager,0
TXN-003739,ACCT-1014,2025-01-25 12:14:25,598.08,Target,Nashville,Education,Online,54,Chef,0
TXN-003740,ACCT-1189,2025-10-14 00:11:04,56.31,Shell Gas,Detroit,Transportation,In-Store,23,Designer,0
TXN-003741,ACCT-1171,2025-09-21 10:04:09,371.78,Costco,Boston,Transportation,Online,57,Doctor,0
TXN-003742,ACCT-1073,2025-03-10 12:43:48,243.82,Uber,Miami,Dining,Online,34,Analyst,0
TXN-003743,ACCT-1155,2025-08-18 09:09:08,66.07,Netflix,Seattle,Personal Care,Online,35,Accountant,0
TXN-003744,ACCT-1029,2025-03-21 06:09:06,201.73,Shell Gas,New York,Subscriptions,Online,32,Freelancer,0
TXN-003745,ACCT-1013,2025-08-22 14:26:53,266.21,Airbnb,Houston,Shopping,Phone,45,Driver,0
TXN-003746,ACCT-1089,2025-09-01 19:29:59,20.46,Kroger,Dallas,Personal Care,Mobile App,18,Driver,0
TXN-003747,ACCT-1144,2025-12-11 18:46:15,173.92,Apple Store,San Antonio,Shopping,Online,27,Chef,0
TXN-003748,ACCT-1067,2025-12-12 17:13:57,141.45,Costco,Boston,Utilities,Online,62,Doctor,0
TXN-003749,ACCT-1049,2025-02-15 15:57:11,181.44,Apple Store,Chicago,Shopping,ATM,48,Accountant,0
TXN-003750,ACCT-1161,2025-07-30 09:23:05,91.4,Hilton,Detroit,Entertainment,Online,75,Engineer,0
TXN-003751,ACCT-1193,2025-05-23 17:10:22,38.75,Spotify,San Diego,Subscriptions,Online,42,Sales Rep,0
TXN-003752,ACCT-1080,2025-02-15 12:41:22,66.35,Kroger,Seattle,Travel,ATM,79,Freelancer,0
TXN-003753,ACCT-1097,2025-04-13 12:14:40,107.21,Delta Airlines,Los Angeles,Transportation,Phone,52,Teacher,0
TXN-003754,ACCT-1186,2025-04-09 20:52:36,38.43,Zara,Dallas,Healthcare,Online,19,Freelancer,0
TXN-003755,ACCT-1182,2025-02-07 15:43:17,220.82,United Airlines,Denver,Personal Care,ATM,55,Lawyer,0
TXN-003756,ACCT-1094,2025-05-24 13:18:01,269.67,Lyft,San Francisco,Groceries,Phone,48,Driver,0
TXN-003757,ACCT-1174,2025-05-01 21:25:53,119.46,Costco,Boston,Dining,In-Store,34,Retired,0
TXN-003758,ACCT-1056,2025-01-01 12:35:53,83.33,Hilton,Philadelphia,Entertainment,Mobile App,39,Freelancer,0
TXN-003759,ACCT-1085,2025-08-22 13:49:28,141.24,Hilton,Dallas,Transportation,Phone,38,Student,0
TXN-003760,ACCT-1069,2025-11-08 13:17:35,97.49,Shell Gas,Minneapolis,Gas,Online,32,Manager,0
TXN-003761,ACCT-1045,2025-06-25 15:31:32,175.59,Target,Nashville,Healthcare,Online,66,Chef,0
TXN-003762,ACCT-1075,2025-07-15 11:48:10,158.38,Starbucks,Denver,Dining,In-Store,81,Accountant,0
TXN-003763,ACCT-1049,2025-08-20 14:46:22,277.51,Delta Airlines,Chicago,Transportation,Mobile App,48,Accountant,0
TXN-003764,ACCT-1052,2025-11-03 19:00:26,153.46,Delta Airlines,Philadelphia,Travel,In-Store,68,Accountant,0
TXN-003765,ACCT-1015,2025-01-13 20:42:22,43.44,Walgreens,Minneapolis,Utilities,In-Store,43,Lawyer,0
TXN-003766,ACCT-1101,2025-07-02 20:05:24,84.13,Zara,Minneapolis,Dining,Online,24,Doctor,0
TXN-003767,ACCT-1143,2025-04-23 11:58:00,1000.0,Zara,Phnom Penh,Shopping,Phone,76,Retired,1
TXN-003768,ACCT-1116,2025-07-24 07:24:25,96.07,Uber,Seattle,Groceries,Online,19,Lawyer,0
TXN-003769,ACCT-1034,2025-11-30 09:24:41,94.44,Airbnb,Philadelphia,Shopping,Online,41,Lawyer,0
TXN-003770,ACCT-1008,2025-12-09 16:36:06,148.49,Grubhub,Nashville,Transportation,Mobile App,28,Retired,0
TXN-003771,ACCT-1137,2025-04-04 17:37:54,155.58,Marriott,Miami,Entertainment,Online,41,Lawyer,0
TXN-003772,ACCT-1037,2025-02-28 09:47:32,65.47,Whole Foods,Atlanta,Personal Care,ATM,18,Designer,0
TXN-003773,ACCT-1015,2025-05-07 17:13:00,40.97,Walgreens,Minneapolis,Travel,Online,43,Lawyer,0
TXN-003774,ACCT-1094,2025-12-19 11:20:14,359.87,Lyft,San Francisco,Dining,In-Store,48,Driver,0
TXN-003775,ACCT-1154,2025-05-22 13:19:52,66.69,DoorDash,San Diego,Dining,In-Store,34,Teacher,0
TXN-003776,ACCT-1007,2025-02-04 13:10:29,156.18,Target,Atlanta,Utilities,In-Store,66,Sales Rep,0
TXN-003777,ACCT-1036,2025-05-06 18:16:43,54.08,DoorDash,Miami,Education,ATM,21,Sales Rep,0
TXN-003778,ACCT-1168,2025-01-17 13:19:59,51.31,Chevron,Nashville,Transportation,Online,82,Teacher,0
TXN-003779,ACCT-1047,2025-02-15 20:21:27,22.8,Costco,Dallas,Subscriptions,Online,75,Sales Rep,0
TXN-003780,ACCT-1136,2025-06-11 11:23:15,274.69,Walmart,Boston,Personal Care,Online,60,Sales Rep,0
TXN-003781,ACCT-1036,2025-07-23 08:26:45,18.95,Spotify,Miami,Healthcare,Online,21,Sales Rep,0
TXN-003782,ACCT-1120,2025-04-22 08:05:57,416.44,Hilton,Minneapolis,Utilities,Mobile App,54,Teacher,0
TXN-003783,ACCT-1005,2025-08-04 11:34:04,33.26,Whole Foods,Phoenix,Education,Online,24,Student,0
TXN-003784,ACCT-1061,2025-11-19 22:37:23,305.96,Lyft,Boston,Healthcare,ATM,50,Analyst,0
TXN-003785,ACCT-1051,2025-05-01 21:41:56,498.92,Safeway,Phoenix,Utilities,Online,45,Chef,0
TXN-003786,ACCT-1028,2025-02-16 14:11:41,40.75,DoorDash,Seattle,Utilities,Online,23,Freelancer,0
TXN-003787,ACCT-1114,2025-08-17 13:29:14,70.17,CVS Pharmacy,Detroit,Utilities,Online,65,Teacher,0
TXN-003788,ACCT-1191,2025-10-14 07:41:12,318.39,Delta Airlines,San Francisco,Transportation,ATM,61,Designer,0
TXN-003789,ACCT-1110,2025-09-30 15:35:31,64.07,United Airlines,Houston,Education,ATM,34,Analyst,0
TXN-003790,ACCT-1124,2025-11-21 10:26:36,118.74,McDonalds,Miami,Groceries,In-Store,33,Analyst,0
TXN-003791,ACCT-1003,2025-10-30 19:04:59,71.41,Zara,Portland,Education,ATM,73,Engineer,0
TXN-003792,ACCT-1134,2025-10-04 14:08:55,176.92,Whole Foods,Miami,Personal Care,In-Store,56,Student,0
TXN-003793,ACCT-1161,2025-08-27 08:53:21,104.73,CVS Pharmacy,Detroit,Personal Care,Online,75,Engineer,0
TXN-003794,ACCT-1082,2025-03-15 23:43:08,70.07,Safeway,Los Angeles,Healthcare,Mobile App,26,Driver,0
TXN-003795,ACCT-1102,2025-04-23 12:15:13,206.16,Shell Gas,Miami,Education,Mobile App,30,Accountant,0
TXN-003796,ACCT-1116,2025-05-29 14:51:33,31.23,Home Depot,San Francisco,Travel,In-Store,19,Lawyer,0
TXN-003797,ACCT-1079,2025-07-04 20:51:35,278.73,Best Buy,Phoenix,Education,In-Store,52,Retired,0
TXN-003798,ACCT-1094,2025-07-13 08:23:32,174.97,Hilton,San Francisco,Travel,Online,48,Driver,0
TXN-003799,ACCT-1138,2025-05-01 08:20:03,72.96,Starbucks,Miami,Utilities,Online,29,Accountant,0
TXN-003800,ACCT-1035,2025-05-23 07:46:43,227.39,Shell Gas,Houston,Gas,Online,36,Chef,0
TXN-003801,ACCT-1121,2025-08-19 00:26:08,49.24,Chevron,Houston,Subscriptions,Online,35,Accountant,0
TXN-003802,ACCT-1195,2025-08-16 13:23:05,166.37,Walmart,San Diego,Transportation,Phone,46,Retired,0
TXN-003803,ACCT-1107,2025-09-28 18:52:07,592.02,United Airlines,Austin,Personal Care,Online,63,Student,0
TXN-003804,ACCT-1111,2025-05-19 11:25:58,55.34,Marriott,Houston,Subscriptions,In-Store,22,Analyst,0
TXN-003805,ACCT-1068,2025-09-14 17:57:55,9.96,Chevron,Denver,Groceries,In-Store,22,Accountant,0
TXN-003806,ACCT-1023,2025-01-12 21:08:01,39.7,Whole Foods,Dallas,Healthcare,In-Store,39,Retired,0
TXN-003807,ACCT-1131,2025-11-25 13:20:29,585.69,Walmart,Nashville,Utilities,Online,34,Lawyer,0
TXN-003808,ACCT-1076,2025-01-18 11:54:16,15.81,Grubhub,Minneapolis,Personal Care,Online,18,Teacher,0
TXN-003809,ACCT-1198,2025-03-06 08:25:08,407.62,Kroger,Houston,Personal Care,In-Store,53,Engineer,0
TXN-003810,ACCT-1145,2025-09-08 09:37:17,36.01,Costco,Nashville,Dining,Phone,19,Chef,0
TXN-003811,ACCT-1145,2025-02-18 14:10:08,18.23,Walgreens,Nashville,Subscriptions,In-Store,19,Chef,0
TXN-003812,ACCT-1042,2025-11-07 21:37:12,73.74,Spotify,Seattle,Shopping,Online,50,Sales Rep,0
TXN-003813,ACCT-1152,2025-12-21 09:14:31,220.18,Walmart,San Francisco,Personal Care,Mobile App,58,Chef,0
TXN-003814,ACCT-1168,2025-10-10 16:20:17,53.95,Zara,Boston,Healthcare,Phone,82,Teacher,0
TXN-003815,ACCT-1146,2025-08-23 12:25:15,80.67,CVS Pharmacy,Phoenix,Education,In-Store,39,Accountant,0
TXN-003816,ACCT-1112,2025-01-30 19:30:17,63.59,Kroger,San Antonio,Education,Online,23,Sales Rep,0
TXN-003817,ACCT-1016,2025-01-14 20:29:15,59.99,Uber,Houston,Education,Online,26,Driver,0
TXN-003818,ACCT-1124,2025-10-09 12:55:54,240.44,Shell Gas,Miami,Utilities,Online,33,Analyst,0
TXN-003819,ACCT-1105,2025-03-18 21:10:00,750.0,Safeway,Detroit,Utilities,ATM,51,Teacher,1
TXN-003820,ACCT-1026,2025-05-22 15:36:03,270.99,Walgreens,Detroit,Entertainment,Online,33,Lawyer,0
TXN-003821,ACCT-1003,2025-03-24 20:57:53,89.3,Whole Foods,San Antonio,Personal Care,Online,73,Engineer,0
TXN-003822,ACCT-1090,2025-04-26 13:35:11,36.75,Lyft,Dallas,Gas,Online,24,Retired,0
TXN-003823,ACCT-1115,2025-07-26 13:01:59,50.04,Hilton,San Francisco,Education,Online,40,Sales Rep,0
TXN-003824,ACCT-1183,2025-01-29 12:18:16,91.02,Shell Gas,Portland,Transportation,ATM,60,Retired,0
TXN-003825,ACCT-1130,2025-12-28 09:48:24,74.36,Marriott,Detroit,Dining,Mobile App,27,Lawyer,0
TXN-003826,ACCT-1189,2025-05-30 13:25:38,19.31,Best Buy,Detroit,Healthcare,In-Store,23,Designer,0
TXN-003827,ACCT-1118,2025-11-12 19:57:15,120.69,Trader Joes,Detroit,Entertainment,In-Store,37,Designer,0
TXN-003828,ACCT-1053,2025-05-16 17:23:52,18.62,Nike,Philadelphia,Personal Care,Online,20,Student,0
TXN-003829,ACCT-1107,2025-06-01 08:17:48,329.45,Spotify,Austin,Utilities,ATM,63,Student,0
TXN-003830,ACCT-1175,2025-01-12 13:08:25,332.73,Hilton,Miami,Personal Care,In-Store,59,Student,0
TXN-003831,ACCT-1188,2025-11-26 15:27:28,26.86,Apple Store,New York,Entertainment,Mobile App,23,Sales Rep,0
TXN-003832,ACCT-1196,2025-02-10 20:57:49,150.93,Uber,Los Angeles,Entertainment,Mobile App,48,Freelancer,0
TXN-003833,ACCT-1181,2025-05-12 14:02:06,147.66,Chevron,Detroit,Transportation,In-Store,48,Manager,0
TXN-003834,ACCT-1182,2025-01-05 16:04:21,364.04,United Airlines,Denver,Personal Care,Mobile App,55,Lawyer,0
TXN-003835,ACCT-1189,2025-02-18 16:27:47,26.02,Walmart,Detroit,Subscriptions,In-Store,23,Designer,0
TXN-003836,ACCT-1159,2025-10-03 13:24:03,105.16,Spotify,San Diego,Education,ATM,39,Student,0
TXN-003837,ACCT-1005,2025-03-21 10:42:25,39.31,CVS Pharmacy,Phoenix,Personal Care,In-Store,24,Student,0
TXN-003838,ACCT-1186,2025-11-11 23:11:27,39.18,Amazon,Dallas,Groceries,In-Store,19,Freelancer,0
TXN-003839,ACCT-1101,2025-02-20 11:02:00,84.79,Zara,Minneapolis,Groceries,Online,24,Doctor,0
TXN-003840,ACCT-1146,2025-02-14 11:03:14,43.63,CVS Pharmacy,Atlanta,Healthcare,In-Store,39,Accountant,0
TXN-003841,ACCT-1103,2025-11-23 14:29:03,29.39,Kroger,Houston,Education,In-Store,23,Sales Rep,0
TXN-003842,ACCT-1060,2025-09-21 11:51:01,133.33,Trader Joes,Phoenix,Education,Mobile App,42,Accountant,0
TXN-003843,ACCT-1104,2025-01-17 11:59:39,40.64,Hilton,Dallas,Utilities,In-Store,24,Engineer,0
TXN-003844,ACCT-1131,2025-02-25 00:44:33,226.87,Netflix,Dallas,Shopping,ATM,34,Lawyer,0
TXN-003845,ACCT-1156,2025-04-21 07:52:26,40.13,Airbnb,Atlanta,Education,Online,18,Sales Rep,0
TXN-003846,ACCT-1047,2025-09-15 19:36:58,46.39,Amazon,Dallas,Education,Mobile App,75,Sales Rep,0
TXN-003847,ACCT-1136,2025-10-08 23:56:04,299.5,Walmart,Boston,Education,Mobile App,60,Sales Rep,0
TXN-003848,ACCT-1115,2025-10-08 17:50:14,160.86,Hilton,San Francisco,Shopping,ATM,40,Sales Rep,0
TXN-003849,ACCT-1084,2025-05-06 08:34:06,95.87,DoorDash,Dallas,Healthcare,Online,24,Engineer,0
TXN-003850,ACCT-1010,2025-06-16 11:44:09,15.33,Home Depot,Philadelphia,Transportation,In-Store,19,Sales Rep,0
TXN-003851,ACCT-1162,2025-07-06 13:28:10,606.72,Nike,Denver,Transportation,In-Store,58,Retired,0
TXN-003852,ACCT-1196,2025-07-25 16:51:25,327.41,Safeway,San Antonio,Entertainment,In-Store,48,Freelancer,0
TXN-003853,ACCT-1175,2025-08-08 19:22:41,681.9,Netflix,Los Angeles,Subscriptions,Online,59,Student,0
TXN-003854,ACCT-1197,2025-09-19 18:39:29,147.87,Best Buy,Los Angeles,Dining,Phone,37,Student,0
TXN-003855,ACCT-1132,2025-01-07 19:52:19,340.03,CVS Pharmacy,Miami,Gas,In-Store,54,Manager,0
TXN-003856,ACCT-1155,2025-01-28 07:39:42,123.82,Shell Gas,Denver,Dining,Mobile App,35,Accountant,0
TXN-003857,ACCT-1154,2025-10-03 12:36:48,82.67,DoorDash,Portland,Healthcare,Online,34,Teacher,0
TXN-003858,ACCT-1176,2025-01-16 17:26:46,135.67,Netflix,Dallas,Utilities,Online,62,Designer,0
TXN-003859,ACCT-1195,2025-10-23 09:13:13,408.92,Walmart,Houston,Healthcare,Online,46,Retired,0
TXN-003860,ACCT-1175,2025-08-15 16:18:39,291.15,Netflix,Los Angeles,Transportation,Online,59,Student,0
TXN-003861,ACCT-1013,2025-07-07 15:01:17,240.36,DoorDash,Houston,Travel,Online,45,Driver,0
TXN-003862,ACCT-1113,2025-08-25 12:34:21,219.77,Starbucks,Houston,Groceries,ATM,41,Designer,0
TXN-003863,ACCT-1003,2025-05-23 01:09:00,228.66,FastCash ATM Services,San Antonio,Entertainment,Online,73,Engineer,1
TXN-003864,ACCT-1127,2025-09-10 10:27:07,40.35,Target,Denver,Utilities,Online,32,Nurse,0
TXN-003865,ACCT-1040,2025-01-05 12:40:17,510.97,Safeway,Miami,Personal Care,In-Store,29,Driver,0
TXN-003866,ACCT-1139,2025-12-23 11:07:31,137.42,United Airlines,Los Angeles,Healthcare,ATM,40,Driver,0
TXN-003867,ACCT-1197,2025-12-28 13:30:52,217.94,DoorDash,Los Angeles,Shopping,Mobile App,37,Student,0
TXN-003868,ACCT-1110,2025-03-19 14:31:30,29.4,United Airlines,San Francisco,Healthcare,ATM,34,Analyst,0
TXN-003869,ACCT-1136,2025-05-20 18:11:29,243.11,Apple Store,Detroit,Personal Care,Online,60,Sales Rep,1
TXN-003870,ACCT-1177,2025-05-16 16:05:07,18.43,Airbnb,Portland,Transportation,In-Store,24,Teacher,0
TXN-003871,ACCT-1143,2025-08-18 14:07:35,40.53,Shell Gas,Minneapolis,Shopping,Mobile App,76,Retired,0
TXN-003872,ACCT-1047,2025-08-11 10:46:17,69.05,Amazon,Dallas,Healthcare,ATM,75,Sales Rep,0
TXN-003873,ACCT-1014,2025-07-08 13:15:33,119.4,Target,Nashville,Education,In-Store,54,Chef,0
TXN-003874,ACCT-1041,2025-01-13 11:37:02,136.43,Nike,Los Angeles,Travel,Online,44,Designer,0
TXN-003875,ACCT-1074,2025-02-16 10:43:15,85.22,Delta Airlines,Miami,Utilities,In-Store,42,Freelancer,0
TXN-003876,ACCT-1070,2025-08-03 11:30:49,289.75,Walmart,Portland,Utilities,In-Store,56,Student,0
TXN-003877,ACCT-1058,2025-07-26 08:10:12,198.76,Spotify,San Diego,Groceries,Online,36,Designer,0
TXN-003878,ACCT-1060,2025-04-21 15:46:33,59.89,DoorDash,Phoenix,Entertainment,Mobile App,42,Accountant,0
TXN-003879,ACCT-1046,2025-09-08 19:21:38,83.86,DoorDash,Atlanta,Utilities,In-Store,27,Driver,0
TXN-003880,ACCT-1015,2025-06-20 14:15:15,101.53,Airbnb,Minneapolis,Subscriptions,Online,43,Lawyer,0
TXN-003881,ACCT-1149,2025-08-03 10:14:13,207.19,Zara,Los Angeles,Utilities,Mobile App,41,Sales Rep,0
TXN-003882,ACCT-1129,2025-05-17 12:35:48,115.36,Walmart,Chicago,Education,In-Store,32,Sales Rep,0
TXN-003883,ACCT-1197,2025-02-20 12:54:22,99.97,Best Buy,Los Angeles,Subscriptions,In-Store,37,Student,0
TXN-003884,ACCT-1187,2025-05-21 07:35:16,189.08,Hilton,San Antonio,Gas,Mobile App,28,Freelancer,0
TXN-003885,ACCT-1126,2025-11-01 02:21:00,231.18,Marriott,Portland,Entertainment,ATM,30,Driver,1
TXN-003886,ACCT-1094,2025-10-19 14:30:16,308.81,Best Buy,San Diego,Gas,In-Store,48,Driver,0
TXN-003887,ACCT-1085,2025-10-14 09:37:51,188.66,Apple Store,Austin,Dining,In-Store,38,Student,0
TXN-003888,ACCT-1118,2025-08-05 15:11:06,132.96,Walgreens,Detroit,Education,Online,37,Designer,0
TXN-003889,ACCT-1012,2025-12-06 16:24:08,58.52,Walgreens,Denver,Dining,In-Store,22,Teacher,0
TXN-003890,ACCT-1030,2025-09-19 18:15:43,224.62,Safeway,Seattle,Shopping,Mobile App,48,Manager,0
TXN-003891,ACCT-1048,2025-08-08 09:57:56,55.89,McDonalds,San Antonio,Groceries,In-Store,25,Lawyer,0
TXN-003892,ACCT-1107,2025-01-24 13:41:12,292.82,Home Depot,Austin,Personal Care,Online,63,Student,0
TXN-003893,ACCT-1148,2025-09-20 14:02:40,49.5,Safeway,Houston,Education,Mobile App,23,Chef,0
TXN-003894,ACCT-1198,2025-03-11 05:39:13,247.73,Delta Airlines,San Diego,Personal Care,Mobile App,53,Engineer,0
TXN-003895,ACCT-1124,2025-08-31 07:25:44,151.16,Costco,Miami,Groceries,Online,33,Analyst,0
TXN-003896,ACCT-1101,2025-09-23 15:31:04,47.97,Airbnb,Minneapolis,Entertainment,Online,24,Doctor,0
TXN-003897,ACCT-1057,2025-12-03 21:00:07,54.28,Netflix,Seattle,Gas,Phone,55,Analyst,0
TXN-003898,ACCT-1050,2025-10-31 19:58:09,86.47,Netflix,Houston,Utilities,ATM,43,Designer,0
TXN-003899,ACCT-1161,2025-08-10 19:09:23,121.38,CVS Pharmacy,Boston,Transportation,In-Store,75,Engineer,0
TXN-003900,ACCT-1051,2025-10-23 08:46:35,325.89,Hilton,Philadelphia,Gas,Online,45,Chef,0
TXN-003901,ACCT-1170,2025-10-12 21:43:32,679.3,Whole Foods,San Francisco,Utilities,Online,60,Lawyer,0
TXN-003902,ACCT-1052,2025-06-17 18:35:00,1642.71,Kroger,Philadelphia,Shopping,In-Store,68,Accountant,1
TXN-003903,ACCT-1064,2025-02-19 16:50:03,90.91,Nike,Austin,Gas,In-Store,19,Driver,0
TXN-003904,ACCT-1050,2025-08-18 11:25:16,134.71,Netflix,Minneapolis,Dining,In-Store,43,Designer,0
TXN-003905,ACCT-1108,2025-02-27 11:43:25,193.68,McDonalds,San Francisco,Utilities,Online,34,Retired,0
TXN-003906,ACCT-1036,2025-07-29 22:43:05,71.78,DoorDash,Miami,Shopping,Mobile App,21,Sales Rep,0
TXN-003907,ACCT-1169,2025-12-12 14:28:51,96.12,Nike,Chicago,Healthcare,In-Store,36,Designer,0
TXN-003908,ACCT-1033,2025-07-14 07:16:34,48.93,Hilton,Nashville,Personal Care,Online,43,Teacher,0
TXN-003909,ACCT-1163,2025-06-12 14:08:10,503.06,Whole Foods,Seattle,Dining,In-Store,48,Teacher,0
TXN-003910,ACCT-1060,2025-11-28 07:49:15,149.45,Home Depot,Phoenix,Personal Care,Phone,42,Accountant,0
TXN-003911,ACCT-1045,2025-04-19 17:45:36,110.2,Walgreens,Philadelphia,Travel,Online,66,Chef,0
TXN-003912,ACCT-1092,2025-12-05 09:19:54,390.88,Best Buy,Minneapolis,Subscriptions,In-Store,32,Accountant,0
TXN-003913,ACCT-1071,2025-01-31 14:40:28,94.93,Home Depot,Nashville,Entertainment,In-Store,42,Analyst,0
TXN-003914,ACCT-1040,2025-12-15 09:50:16,246.41,Spotify,New York,Entertainment,ATM,29,Driver,0
TXN-003915,ACCT-1080,2025-09-25 22:15:03,160.87,Walmart,Seattle,Shopping,Mobile App,79,Freelancer,0
TXN-003916,ACCT-1172,2025-12-19 12:33:25,85.64,Best Buy,Nashville,Travel,Online,25,Nurse,0
TXN-003917,ACCT-1024,2025-04-25 12:56:26,257.92,Spotify,Portland,Gas,Online,44,Lawyer,0
TXN-003918,ACCT-1134,2025-05-12 14:31:45,656.45,Whole Foods,Miami,Utilities,Phone,56,Student,0
TXN-003919,ACCT-1050,2025-01-21 15:20:42,46.97,McDonalds,Minneapolis,Personal Care,In-Store,43,Designer,0
TXN-003920,ACCT-1187,2025-02-26 15:53:16,268.91,McDonalds,San Antonio,Personal Care,Online,28,Freelancer,0
TXN-003921,ACCT-1197,2025-06-22 16:39:14,141.79,Trader Joes,Los Angeles,Shopping,In-Store,37,Student,0
TXN-003922,ACCT-1121,2025-07-12 13:10:58,135.74,Kroger,Houston,Subscriptions,Mobile App,35,Accountant,0
TXN-003923,ACCT-1068,2025-07-18 14:45:03,9.89,CVS Pharmacy,Atlanta,Personal Care,In-Store,22,Accountant,0
TXN-003924,ACCT-1037,2025-04-02 23:31:36,28.1,DoorDash,Atlanta,Transportation,Mobile App,18,Designer,0
TXN-003925,ACCT-1183,2025-02-27 10:17:46,159.18,Nike,Portland,Groceries,Online,60,Retired,0
TXN-003926,ACCT-1127,2025-07-07 16:18:36,131.9,Apple Store,San Antonio,Gas,Online,32,Nurse,0
TXN-003927,ACCT-1109,2025-04-05 10:16:55,43.88,Shell Gas,Nashville,Dining,Online,42,Student,0
TXN-003928,ACCT-1061,2025-05-07 20:27:40,139.69,McDonalds,Boston,Gas,In-Store,50,Analyst,0
TXN-003929,ACCT-1094,2025-07-06 06:10:58,172.66,Lyft,San Francisco,Subscriptions,Mobile App,48,Driver,0
TXN-003930,ACCT-1078,2025-08-13 12:05:22,33.66,Target,Houston,Healthcare,Phone,24,Freelancer,0
TXN-003931,ACCT-1032,2025-03-04 12:50:52,377.81,Shell Gas,New York,Gas,Mobile App,34,Analyst,0
TXN-003932,ACCT-1101,2025-06-27 14:32:19,61.09,CVS Pharmacy,Minneapolis,Shopping,Online,24,Doctor,0
TXN-003933,ACCT-1084,2025-04-01 17:35:16,41.04,Target,Dallas,Dining,In-Store,24,Engineer,0
TXN-003934,ACCT-1087,2025-10-20 08:50:36,319.33,Hilton,Seattle,Shopping,In-Store,61,Manager,0
TXN-003935,ACCT-1053,2025-04-12 19:13:33,25.05,Airbnb,Philadelphia,Personal Care,In-Store,20,Student,0
TXN-003936,ACCT-1194,2025-10-12 10:16:12,270.17,Zara,San Diego,Groceries,Online,84,Lawyer,0
TXN-003937,ACCT-1103,2025-05-28 15:10:01,53.47,Hilton,Houston,Groceries,In-Store,23,Sales Rep,0
TXN-003938,ACCT-1101,2025-09-23 12:15:07,68.01,Airbnb,Minneapolis,Personal Care,In-Store,24,Doctor,0
TXN-003939,ACCT-1184,2025-04-02 03:37:35,52.38,Trader Joes,Seattle,Travel,Mobile App,30,Analyst,0
TXN-003940,ACCT-1169,2025-04-22 14:10:27,21.21,Netflix,Chicago,Personal Care,In-Store,36,Designer,0
TXN-003941,ACCT-1065,2025-10-05 10:06:12,33.49,Amazon,Chicago,Personal Care,In-Store,79,Analyst,0
TXN-003942,ACCT-1043,2025-06-23 14:01:04,206.34,Amazon,Atlanta,Gas,Mobile App,34,Manager,0
TXN-003943,ACCT-1029,2025-04-04 09:51:14,182.32,Shell Gas,New York,Education,In-Store,32,Freelancer,0
TXN-003944,ACCT-1097,2025-05-27 16:49:00,168.28,Amazon,Los Angeles,Education,Mobile App,52,Teacher,0
TXN-003945,ACCT-1011,2025-01-28 10:44:39,152.48,Costco,Atlanta,Personal Care,In-Store,47,Doctor,0
TXN-003946,ACCT-1006,2025-06-01 09:32:52,67.62,Lyft,Atlanta,Entertainment,Mobile App,55,Nurse,0
TXN-003947,ACCT-1094,2025-04-04 17:36:53,337.25,Lyft,San Francisco,Transportation,Online,48,Driver,0
TXN-003948,ACCT-1116,2025-04-08 11:54:29,25.22,Costco,San Francisco,Entertainment,Mobile App,19,Lawyer,0
TXN-003949,ACCT-1058,2025-09-16 11:52:02,141.01,Amazon,San Diego,Transportation,Online,36,Designer,0
TXN-003950,ACCT-1025,2025-04-30 14:42:46,217.43,Shell Gas,San Francisco,Entertainment,Online,43,Chef,0
TXN-003951,ACCT-1108,2025-01-04 09:53:43,110.68,Marriott,San Francisco,Healthcare,In-Store,34,Retired,0
TXN-003952,ACCT-1122,2025-05-05 12:34:47,360.71,CVS Pharmacy,Portland,Gas,Online,34,Retired,0
TXN-003953,ACCT-1089,2025-11-04 14:29:05,63.18,Delta Airlines,Dallas,Utilities,Mobile App,18,Driver,0
TXN-003954,ACCT-1027,2025-07-10 11:57:00,1500.0,Starbucks,Boston,Shopping,ATM,28,Sales Rep,1
TXN-003955,ACCT-1011,2025-04-14 09:02:38,488.71,Marriott,Atlanta,Utilities,ATM,47,Doctor,0
TXN-003956,ACCT-1021,2025-07-09 11:33:10,44.9,Walmart,Phoenix,Entertainment,ATM,28,Teacher,0
TXN-003957,ACCT-1017,2025-06-05 15:23:52,102.89,CVS Pharmacy,San Diego,Dining,Online,76,Nurse,0
TXN-003958,ACCT-1141,2025-09-15 18:47:50,72.49,United Airlines,Portland,Shopping,Online,32,Engineer,0
TXN-003959,ACCT-1065,2025-12-30 13:35:45,118.53,Netflix,Chicago,Dining,Online,79,Analyst,0
TXN-003960,ACCT-1065,2025-09-26 14:48:14,36.73,Spotify,Chicago,Healthcare,Online,79,Analyst,0
TXN-003961,ACCT-1069,2025-08-25 17:42:17,57.8,Marriott,Miami,Entertainment,Mobile App,32,Manager,0
TXN-003962,ACCT-1198,2025-01-16 14:43:17,190.4,Delta Airlines,Houston,Travel,In-Store,53,Engineer,0
TXN-003963,ACCT-1110,2025-05-14 16:43:14,134.81,Home Depot,San Francisco,Personal Care,Online,34,Analyst,0
TXN-003964,ACCT-1114,2025-04-22 09:55:56,33.35,Walmart,Detroit,Shopping,In-Store,65,Teacher,0
TXN-003965,ACCT-1038,2025-07-12 14:59:15,204.58,Whole Foods,Chicago,Healthcare,In-Store,42,Nurse,0
TXN-003966,ACCT-1178,2025-05-01 21:32:07,729.46,Starbucks,Austin,Travel,ATM,59,Retired,0
TXN-003967,ACCT-1112,2025-01-10 16:51:56,63.43,Walmart,San Antonio,Groceries,Online,23,Sales Rep,0
TXN-003968,ACCT-1173,2025-12-27 11:45:19,208.77,Spotify,San Antonio,Utilities,Online,44,Retired,0
TXN-003969,ACCT-1003,2025-12-04 19:02:00,613.75,GoldBullion Direct,Karachi,Travel,Online,73,Engineer,1
TXN-003970,ACCT-1068,2025-04-30 14:59:06,16.88,Nike,Atlanta,Healthcare,In-Store,22,Accountant,0
TXN-003971,ACCT-1053,2025-05-13 11:29:58,63.91,Delta Airlines,Philadelphia,Entertainment,Online,20,Student,0
TXN-003972,ACCT-1120,2025-05-05 11:39:57,581.55,Safeway,Minneapolis,Shopping,ATM,54,Teacher,0
TXN-003973,ACCT-1109,2025-11-24 13:32:32,121.32,Kroger,Nashville,Healthcare,Online,42,Student,0
TXN-003974,ACCT-1157,2025-03-09 08:42:38,278.71,Shell Gas,San Diego,Gas,Online,57,Lawyer,0
TXN-003975,ACCT-1013,2025-02-20 18:44:57,695.96,McDonalds,Houston,Education,Online,45,Driver,0
TXN-003976,ACCT-1150,2025-08-24 12:02:46,38.8,Costco,Atlanta,Healthcare,Mobile App,24,Manager,0
TXN-003977,ACCT-1075,2025-05-25 21:26:24,139.62,Uber,Denver,Subscriptions,ATM,81,Accountant,0
TXN-003978,ACCT-1016,2025-06-03 08:22:55,99.24,Marriott,Miami,Travel,ATM,26,Driver,0
TXN-003979,ACCT-1074,2025-10-06 19:51:02,132.21,Amazon,Miami,Travel,Mobile App,42,Freelancer,0
TXN-003980,ACCT-1037,2025-10-07 16:39:36,50.08,Safeway,Atlanta,Subscriptions,In-Store,18,Designer,0
TXN-003981,ACCT-1129,2025-02-18 17:22:34,53.67,Netflix,Boston,Healthcare,In-Store,32,Sales Rep,0
TXN-003982,ACCT-1146,2025-03-09 14:36:14,66.76,Grubhub,Atlanta,Transportation,ATM,39,Accountant,0
TXN-003983,ACCT-1096,2025-03-08 14:08:45,193.79,Shell Gas,New York,Gas,In-Store,30,Chef,0
TXN-003984,ACCT-1180,2025-12-24 22:09:18,147.26,Zara,Detroit,Transportation,In-Store,45,Freelancer,0
TXN-003985,ACCT-1051,2025-12-09 08:28:27,181.39,Shell Gas,Phoenix,Dining,Mobile App,45,Chef,0
TXN-003986,ACCT-1087,2025-08-06 09:33:00,2374.65,United Airlines,Seattle,Shopping,Online,61,Manager,1
TXN-003987,ACCT-1021,2025-09-05 16:58:15,57.18,Walmart,Phoenix,Healthcare,In-Store,28,Teacher,0
TXN-003988,ACCT-1189,2025-02-20 13:10:31,14.05,Walmart,Detroit,Dining,Online,23,Designer,0
TXN-003989,ACCT-1106,2025-03-29 14:50:17,20.18,Shell Gas,Seattle,Healthcare,Mobile App,23,Retired,0
TXN-003990,ACCT-1129,2025-10-25 13:20:45,34.87,Netflix,Chicago,Dining,In-Store,32,Sales Rep,0
TXN-003991,ACCT-1023,2025-11-03 08:16:25,78.1,CVS Pharmacy,Miami,Dining,Phone,39,Retired,0
TXN-003992,ACCT-1148,2025-10-08 16:00:06,51.01,Airbnb,Portland,Subscriptions,Mobile App,23,Chef,0
TXN-003993,ACCT-1136,2025-07-27 12:56:38,170.93,Uber,Denver,Subscriptions,Online,60,Sales Rep,0
TXN-003994,ACCT-1100,2025-01-05 08:48:35,157.02,Marriott,Boston,Entertainment,Online,80,Manager,0
TXN-003995,ACCT-1028,2025-10-17 11:00:09,88.87,Chevron,Seattle,Dining,In-Store,23,Freelancer,0
TXN-003996,ACCT-1123,2025-11-27 10:19:04,55.39,DoorDash,Austin,Personal Care,Phone,37,Lawyer,0
TXN-003997,ACCT-1177,2025-11-02 12:58:07,63.37,Airbnb,Portland,Utilities,Online,24,Teacher,0
TXN-003998,ACCT-1148,2025-01-07 21:34:10,45.43,Walmart,Houston,Transportation,Mobile App,23,Chef,0
TXN-003999,ACCT-1081,2025-07-01 21:59:41,211.72,Best Buy,Denver,Education,Mobile App,77,Accountant,0
TXN-004000,ACCT-1034,2025-04-29 12:49:49,153.58,Marriott,Philadelphia,Gas,Online,41,Lawyer,0
TXN-004001,ACCT-1092,2025-09-21 14:42:52,160.04,Shell Gas,Minneapolis,Transportation,Online,32,Accountant,0
TXN-004002,ACCT-1135,2025-01-20 09:15:57,155.51,Chevron,Los Angeles,Personal Care,In-Store,37,Driver,0
TXN-004003,ACCT-1144,2025-07-10 14:30:09,123.78,Apple Store,San Antonio,Entertainment,ATM,27,Chef,0
TXN-004004,ACCT-1047,2025-11-15 10:33:37,102.24,Nike,Dallas,Gas,In-Store,75,Sales Rep,0
TXN-004005,ACCT-1017,2025-06-09 22:12:17,131.07,United Airlines,San Diego,Healthcare,Online,76,Nurse,0
TXN-004006,ACCT-1020,2025-01-02 18:12:24,496.59,DoorDash,Miami,Personal Care,Online,36,Engineer,0
TXN-004007,ACCT-1109,2025-05-29 21:33:58,34.14,Shell Gas,Phoenix,Subscriptions,In-Store,42,Student,0
TXN-004008,ACCT-1149,2025-10-01 21:05:03,124.44,Apple Store,Los Angeles,Groceries,Online,41,Sales Rep,0
TXN-004009,ACCT-1114,2025-04-14 12:06:39,20.1,Zara,Detroit,Healthcare,Online,65,Teacher,0
TXN-004010,ACCT-1180,2025-08-10 10:34:28,112.94,Zara,Detroit,Groceries,Mobile App,45,Freelancer,0
TXN-004011,ACCT-1139,2025-04-21 14:18:30,73.68,Target,Los Angeles,Healthcare,Phone,40,Driver,0
TXN-004012,ACCT-1180,2025-09-23 10:08:00,164.89,Walmart,Detroit,Dining,Mobile App,45,Freelancer,0
TXN-004013,ACCT-1128,2025-03-24 17:29:12,76.0,DoorDash,Denver,Healthcare,ATM,21,Engineer,0
TXN-004014,ACCT-1124,2025-07-05 12:40:57,93.25,Costco,Miami,Transportation,In-Store,33,Analyst,0
TXN-004015,ACCT-1064,2025-12-19 17:18:32,95.84,Trader Joes,Nashville,Dining,In-Store,19,Driver,0
TXN-004016,ACCT-1036,2025-05-22 23:40:55,30.02,DoorDash,Miami,Utilities,In-Store,21,Sales Rep,0
TXN-004017,ACCT-1147,2025-05-30 01:29:00,478.4,FastCash ATM Services,Atlanta,Entertainment,ATM,75,Doctor,1
TXN-004018,ACCT-1074,2025-12-24 11:29:28,100.28,Amazon,Miami,Utilities,Online,42,Freelancer,0
TXN-004019,ACCT-1003,2025-03-15 12:16:35,165.35,Delta Airlines,San Antonio,Subscriptions,Online,73,Engineer,0
TXN-004020,ACCT-1035,2025-02-10 10:53:25,208.46,Netflix,San Antonio,Groceries,Phone,36,Chef,0
TXN-004021,ACCT-1120,2025-02-05 18:58:35,412.81,Safeway,Minneapolis,Utilities,Online,54,Teacher,0
TXN-004022,ACCT-1010,2025-11-05 13:44:45,5.09,Home Depot,Philadelphia,Healthcare,Online,19,Sales Rep,0
TXN-004023,ACCT-1021,2025-03-18 14:08:54,84.99,Delta Airlines,Phoenix,Personal Care,Online,28,Teacher,0
TXN-004024,ACCT-1197,2025-05-31 17:27:23,175.79,Delta Airlines,Los Angeles,Dining,Online,37,Student,0
TXN-004025,ACCT-1071,2025-03-29 08:59:27,122.5,Home Depot,Nashville,Education,Online,42,Analyst,0
TXN-004026,ACCT-1099,2025-10-08 16:13:44,96.11,Nike,Detroit,Travel,Online,32,Sales Rep,0
TXN-004027,ACCT-1086,2025-02-12 21:27:54,27.79,Best Buy,Philadelphia,Subscriptions,Online,20,Manager,0
TXN-004028,ACCT-1182,2025-09-20 03:40:00,236.74,Lyft,Denver,Entertainment,ATM,55,Lawyer,1
TXN-004029,ACCT-1144,2025-10-25 09:32:31,195.23,Apple Store,New York,Transportation,Online,27,Chef,0
TXN-004030,ACCT-1116,2025-04-12 07:00:25,92.9,Walgreens,San Francisco,Groceries,Online,19,Lawyer,0
TXN-004031,ACCT-1049,2025-04-21 08:03:11,425.69,Walmart,Chicago,Dining,Online,48,Accountant,0
TXN-004032,ACCT-1096,2025-11-22 13:52:30,196.41,Shell Gas,New York,Transportation,Online,30,Chef,0
TXN-004033,ACCT-1082,2025-01-23 15:25:46,52.95,Safeway,Philadelphia,Shopping,Online,26,Driver,0
TXN-004034,ACCT-1142,2025-01-28 02:25:57,148.32,Delta Airlines,Los Angeles,Dining,Online,36,Analyst,0
TXN-004035,ACCT-1083,2025-07-07 09:28:00,2177.55,Netflix,Detroit,Travel,In-Store,52,Freelancer,1
TXN-004036,ACCT-1163,2025-07-26 22:52:24,346.51,Zara,Austin,Education,Online,48,Teacher,0
TXN-004037,ACCT-1193,2025-04-07 14:27:55,44.99,United Airlines,San Diego,Subscriptions,Online,42,Sales Rep,0
TXN-004038,ACCT-1177,2025-12-30 15:03:58,11.82,Whole Foods,Phoenix,Subscriptions,Online,24,Teacher,0
TXN-004039,ACCT-1145,2025-02-21 18:31:28,37.56,Costco,Nashville,Transportation,In-Store,19,Chef,0
TXN-004040,ACCT-1082,2025-01-26 13:41:50,64.1,Uber,Philadelphia,Entertainment,Online,26,Driver,0
TXN-004041,ACCT-1053,2025-05-24 10:04:02,40.55,Shell Gas,Philadelphia,Subscriptions,Mobile App,20,Student,0
TXN-004042,ACCT-1014,2025-03-28 18:00:23,240.93,Kroger,Nashville,Personal Care,Online,54,Chef,0
TXN-004043,ACCT-1056,2025-02-01 22:18:44,68.46,United Airlines,Philadelphia,Healthcare,In-Store,39,Freelancer,0
TXN-004044,ACCT-1058,2025-04-15 14:34:01,160.41,Safeway,Miami,Education,Mobile App,36,Designer,0
TXN-004045,ACCT-1066,2025-04-19 11:46:29,337.59,Hilton,Houston,Subscriptions,Phone,38,Teacher,0
TXN-004046,ACCT-1000,2025-04-20 21:50:41,314.84,Chevron,Portland,Travel,Online,59,Freelancer,0
TXN-004047,ACCT-1112,2025-05-09 13:50:53,68.71,Kroger,San Antonio,Groceries,Online,23,Sales Rep,0
TXN-004048,ACCT-1074,2025-08-01 09:00:15,233.74,Netflix,Miami,Dining,Online,42,Freelancer,0
TXN-004049,ACCT-1036,2025-02-16 14:50:49,31.59,Target,Miami,Personal Care,In-Store,21,Sales Rep,0
TXN-004050,ACCT-1103,2025-05-11 10:19:18,55.49,Hilton,Houston,Personal Care,ATM,23,Sales Rep,0
TXN-004051,ACCT-1058,2025-06-10 11:27:17,229.82,DoorDash,San Diego,Education,In-Store,36,Designer,0
TXN-004052,ACCT-1052,2025-07-28 14:00:49,89.14,Safeway,Philadelphia,Dining,Online,68,Accountant,0
TXN-004053,ACCT-1102,2025-08-17 18:00:20,71.29,United Airlines,Miami,Personal Care,In-Store,30,Accountant,0
TXN-004054,ACCT-1034,2025-02-15 11:31:16,146.0,Marriott,Philadelphia,Transportation,ATM,41,Lawyer,0
TXN-004055,ACCT-1130,2025-09-05 14:36:37,70.5,Walgreens,Detroit,Gas,Online,27,Lawyer,0
TXN-004056,ACCT-1151,2025-01-20 20:46:44,68.32,Home Depot,Denver,Personal Care,Mobile App,36,Retired,0
TXN-004057,ACCT-1016,2025-06-21 14:33:41,308.69,Walgreens,Miami,Travel,Mobile App,26,Driver,0
TXN-004058,ACCT-1173,2025-01-15 13:33:39,50.68,Shell Gas,Chicago,Shopping,Online,44,Retired,0
TXN-004059,ACCT-1182,2025-01-14 14:47:51,378.67,Walmart,Denver,Travel,Mobile App,55,Lawyer,0
TXN-004060,ACCT-1039,2025-08-09 11:24:13,66.78,Uber,Houston,Travel,ATM,82,Accountant,0
TXN-004061,ACCT-1193,2025-04-05 12:03:50,78.56,Spotify,San Diego,Shopping,ATM,42,Sales Rep,0
TXN-004062,ACCT-1112,2025-04-02 15:58:07,28.9,CVS Pharmacy,San Antonio,Healthcare,Online,23,Sales Rep,0
TXN-004063,ACCT-1049,2025-07-01 18:37:39,98.31,Zara,Chicago,Groceries,Online,48,Accountant,0
TXN-004064,ACCT-1083,2025-10-17 16:01:22,102.61,Starbucks,Detroit,Gas,In-Store,52,Freelancer,0
TXN-004065,ACCT-1129,2025-04-12 13:18:02,38.67,Hilton,Chicago,Groceries,Online,32,Sales Rep,0
TXN-004066,ACCT-1166,2025-08-18 19:34:49,46.42,Hilton,Boston,Gas,Online,21,Designer,0
TXN-004067,ACCT-1102,2025-02-05 09:17:15,112.83,Grubhub,Miami,Travel,In-Store,30,Accountant,0
TXN-004068,ACCT-1147,2025-07-07 14:29:10,140.18,Walmart,Atlanta,Groceries,Phone,75,Doctor,0
TXN-004069,ACCT-1021,2025-01-27 16:29:28,63.63,Grubhub,Phoenix,Entertainment,Mobile App,28,Teacher,0
TXN-004070,ACCT-1195,2025-02-16 08:24:10,224.07,DoorDash,Houston,Subscriptions,Mobile App,46,Retired,0
TXN-004071,ACCT-1081,2025-02-18 13:45:31,243.16,Best Buy,Denver,Groceries,Online,77,Accountant,0
TXN-004072,ACCT-1167,2025-09-03 12:57:33,465.5,Amazon,Seattle,Shopping,Mobile App,57,Manager,0
TXN-004073,ACCT-1098,2025-03-21 15:08:03,71.11,Hilton,Houston,Healthcare,Online,37,Sales Rep,0
TXN-004074,ACCT-1007,2025-12-28 17:43:59,281.79,Whole Foods,Denver,Transportation,ATM,66,Sales Rep,0
TXN-004075,ACCT-1052,2025-08-11 06:03:42,68.34,Kroger,Philadelphia,Groceries,Mobile App,68,Accountant,0
TXN-004076,ACCT-1179,2025-07-01 16:43:11,30.87,Apple Store,Nashville,Healthcare,ATM,41,Engineer,0
TXN-004077,ACCT-1144,2025-09-17 17:05:05,105.36,Airbnb,San Antonio,Subscriptions,Online,27,Chef,0
TXN-004078,ACCT-1092,2025-08-25 13:53:42,103.32,Kroger,Minneapolis,Subscriptions,ATM,32,Accountant,0
TXN-004079,ACCT-1119,2025-12-26 12:06:38,192.39,Home Depot,Boston,Entertainment,Online,41,Designer,0
TXN-004080,ACCT-1097,2025-07-22 17:37:00,1000.0,Home Depot,San Antonio,Utilities,Phone,52,Teacher,1
TXN-004081,ACCT-1035,2025-11-24 07:09:20,81.74,Whole Foods,Houston,Entertainment,In-Store,36,Chef,0
TXN-004082,ACCT-1024,2025-10-14 11:29:08,200.2,Spotify,Portland,Transportation,Online,44,Lawyer,0
TXN-004083,ACCT-1152,2025-06-02 19:51:52,519.97,Walmart,San Francisco,Groceries,Online,58,Chef,0
TXN-004084,ACCT-1041,2025-10-06 09:35:44,44.27,Nike,Los Angeles,Gas,Online,44,Designer,0
TXN-004085,ACCT-1169,2025-09-19 20:04:37,75.76,DoorDash,New York,Personal Care,Mobile App,36,Designer,0
TXN-004086,ACCT-1141,2025-07-23 16:58:49,87.18,Kroger,San Diego,Gas,Online,32,Engineer,0
TXN-004087,ACCT-1080,2025-02-24 19:42:38,66.99,Marriott,Los Angeles,Education,Online,79,Freelancer,0
TXN-004088,ACCT-1165,2025-09-20 15:46:33,21.2,Safeway,San Antonio,Gas,In-Store,22,Accountant,0
TXN-004089,ACCT-1079,2025-04-27 14:07:42,590.4,Whole Foods,Phoenix,Personal Care,Online,52,Retired,0
TXN-004090,ACCT-1165,2025-12-06 18:23:22,26.22,Home Depot,San Antonio,Utilities,In-Store,22,Accountant,0
TXN-004091,ACCT-1142,2025-07-02 19:10:17,47.48,Chevron,Los Angeles,Personal Care,Phone,36,Analyst,0
TXN-004092,ACCT-1045,2025-02-28 09:20:28,63.3,Netflix,Philadelphia,Gas,Online,66,Chef,0
TXN-004093,ACCT-1141,2025-10-19 14:42:33,209.78,Kroger,San Diego,Subscriptions,In-Store,32,Engineer,0
TXN-004094,ACCT-1056,2025-07-18 12:33:10,105.94,Shell Gas,Philadelphia,Gas,Online,39,Freelancer,0
TXN-004095,ACCT-1100,2025-09-02 11:37:55,151.86,McDonalds,Houston,Dining,Mobile App,80,Manager,0
TXN-004096,ACCT-1166,2025-09-07 11:38:34,26.77,Home Depot,Boston,Utilities,Online,21,Designer,0
TXN-004097,ACCT-1085,2025-07-23 20:08:56,393.23,Hilton,Dallas,Subscriptions,Online,38,Student,0
TXN-004098,ACCT-1020,2025-05-17 16:29:02,232.37,Kroger,Miami,Healthcare,Online,36,Engineer,0
TXN-004099,ACCT-1044,2025-07-21 20:46:05,54.02,Target,Portland,Entertainment,Mobile App,73,Doctor,0
TXN-004100,ACCT-1187,2025-07-07 19:11:18,236.41,McDonalds,San Antonio,Healthcare,Online,28,Freelancer,0
TXN-004101,ACCT-1180,2025-03-31 05:30:24,118.04,Kroger,Detroit,Transportation,Online,45,Freelancer,0
TXN-004102,ACCT-1011,2025-09-17 14:18:42,419.69,Hilton,Atlanta,Groceries,Mobile App,47,Doctor,0
TXN-004103,ACCT-1042,2025-08-21 17:06:47,99.25,Nike,Seattle,Transportation,Online,50,Sales Rep,0
TXN-004104,ACCT-1177,2025-04-25 13:02:06,24.54,Amazon,Portland,Transportation,Mobile App,24,Teacher,0
TXN-004105,ACCT-1011,2025-05-11 12:55:57,387.76,Safeway,Atlanta,Dining,Online,47,Doctor,0
TXN-004106,ACCT-1084,2025-03-13 08:32:16,31.96,Zara,Dallas,Groceries,Mobile App,24,Engineer,0
TXN-004107,ACCT-1124,2025-05-17 15:52:59,127.05,McDonalds,Miami,Education,In-Store,33,Analyst,0
TXN-004108,ACCT-1192,2025-03-25 13:49:32,531.47,Target,San Antonio,Utilities,Mobile App,56,Designer,0
TXN-004109,ACCT-1090,2025-05-06 09:41:40,65.73,Chevron,Dallas,Groceries,In-Store,24,Retired,0
TXN-004110,ACCT-1085,2025-08-15 14:35:49,264.3,Hilton,Dallas,Education,Mobile App,38,Student,0
TXN-004111,ACCT-1070,2025-12-23 15:47:31,433.8,Amazon,Portland,Utilities,Online,56,Student,0
TXN-004112,ACCT-1107,2025-02-19 01:25:00,242.67,Lyft,Austin,Shopping,ATM,63,Student,1
TXN-004113,ACCT-1166,2025-02-06 17:01:13,70.53,Spotify,Los Angeles,Healthcare,Mobile App,21,Designer,0
TXN-004114,ACCT-1166,2025-04-13 12:29:31,90.98,Hilton,Boston,Entertainment,In-Store,21,Designer,0
TXN-004115,ACCT-1173,2025-06-12 11:40:46,442.39,Shell Gas,Chicago,Utilities,Phone,44,Retired,0
TXN-004116,ACCT-1001,2025-10-06 11:05:27,402.76,Whole Foods,Minneapolis,Dining,Online,64,Nurse,0
TXN-004117,ACCT-1048,2025-01-14 10:51:33,182.1,United Airlines,San Antonio,Shopping,Mobile App,25,Lawyer,0
TXN-004118,ACCT-1158,2025-09-24 11:22:46,26.65,Netflix,Nashville,Transportation,ATM,23,Doctor,0
TXN-004119,ACCT-1105,2025-08-06 20:25:06,205.12,United Airlines,New York,Education,ATM,51,Teacher,0
TXN-004120,ACCT-1087,2025-09-08 09:35:31,520.95,Lyft,Seattle,Personal Care,Online,61,Manager,0
TXN-004121,ACCT-1102,2025-03-25 18:13:08,377.97,Whole Foods,Miami,Groceries,In-Store,30,Accountant,0
TXN-004122,ACCT-1004,2025-01-21 15:53:32,391.78,Trader Joes,San Diego,Travel,In-Store,28,Designer,0
TXN-004123,ACCT-1157,2025-12-19 19:55:15,204.87,Uber,San Diego,Dining,Online,57,Lawyer,0
TXN-004124,ACCT-1115,2025-03-10 16:10:35,53.1,Apple Store,San Francisco,Personal Care,Online,40,Sales Rep,0
TXN-004125,ACCT-1169,2025-04-02 11:37:29,95.39,Target,Chicago,Travel,Online,36,Designer,0
TXN-004126,ACCT-1017,2025-11-17 20:01:15,149.83,CVS Pharmacy,San Diego,Utilities,Mobile App,76,Nurse,0
TXN-004127,ACCT-1125,2025-08-28 12:43:39,133.49,Airbnb,Atlanta,Dining,Online,61,Teacher,0
TXN-004128,ACCT-1132,2025-09-27 15:07:19,408.85,Grubhub,Miami,Groceries,Mobile App,54,Manager,0
TXN-004129,ACCT-1125,2025-04-11 13:00:16,320.23,Marriott,Atlanta,Utilities,Online,61,Teacher,0
TXN-004130,ACCT-1103,2025-11-17 21:16:49,96.51,Hilton,San Antonio,Personal Care,In-Store,23,Sales Rep,0
TXN-004131,ACCT-1169,2025-04-06 17:46:32,121.89,Target,Chicago,Shopping,Mobile App,36,Designer,0
TXN-004132,ACCT-1114,2025-02-24 14:52:24,57.11,Zara,Detroit,Shopping,ATM,65,Teacher,0
TXN-004133,ACCT-1081,2025-12-18 23:49:17,101.76,Hilton,Denver,Healthcare,Online,77,Accountant,0
TXN-004134,ACCT-1022,2025-11-01 11:19:31,86.31,CVS Pharmacy,Detroit,Dining,Mobile App,34,Analyst,0
TXN-004135,ACCT-1196,2025-08-30 22:02:06,252.29,Lyft,Los Angeles,Transportation,Phone,48,Freelancer,0
TXN-004136,ACCT-1166,2025-05-08 15:55:39,40.81,Home Depot,Boston,Shopping,Mobile App,21,Designer,0
TXN-004137,ACCT-1106,2025-09-19 06:00:21,40.43,Nike,Seattle,Utilities,In-Store,23,Retired,0
TXN-004138,ACCT-1151,2025-03-19 09:51:50,313.69,Home Depot,Denver,Utilities,Online,36,Retired,0
TXN-004139,ACCT-1135,2025-05-21 16:56:45,216.47,Costco,Los Angeles,Healthcare,Mobile App,37,Driver,0
TXN-004140,ACCT-1056,2025-07-14 21:45:31,273.96,Hilton,Philadelphia,Entertainment,Phone,39,Freelancer,0
TXN-004141,ACCT-1118,2025-11-27 11:22:36,120.56,United Airlines,Detroit,Entertainment,ATM,37,Designer,0
TXN-004142,ACCT-1101,2025-03-26 13:15:07,11.0,Zara,Minneapolis,Education,Online,24,Doctor,0
TXN-004143,ACCT-1090,2025-10-12 13:48:43,121.89,Walgreens,Dallas,Subscriptions,In-Store,24,Retired,0
TXN-004144,ACCT-1018,2025-12-02 11:45:15,136.98,Shell Gas,Seattle,Gas,Mobile App,28,Retired,0
TXN-004145,ACCT-1148,2025-03-18 09:43:39,27.51,Walmart,Houston,Education,In-Store,23,Chef,0
TXN-004146,ACCT-1095,2025-08-23 11:37:53,146.77,Nike,San Diego,Travel,Online,81,Doctor,0
TXN-004147,ACCT-1020,2025-09-17 10:57:07,187.11,DoorDash,Detroit,Personal Care,Mobile App,36,Engineer,0
TXN-004148,ACCT-1160,2025-04-18 13:11:45,119.81,Airbnb,Denver,Travel,Online,40,Nurse,0
TXN-004149,ACCT-1148,2025-08-31 14:29:32,70.71,Airbnb,Houston,Healthcare,ATM,23,Chef,0
TXN-004150,ACCT-1031,2025-10-22 01:11:00,307.82,McDonalds,San Antonio,Shopping,Online,71,Doctor,1
TXN-004151,ACCT-1148,2025-06-24 19:35:08,63.65,Walmart,Houston,Dining,Online,23,Chef,0
TXN-004152,ACCT-1174,2025-10-05 17:43:37,145.18,Costco,San Francisco,Travel,In-Store,34,Retired,0
TXN-004153,ACCT-1093,2025-09-10 15:36:43,31.59,Apple Store,Boston,Education,Online,41,Chef,0
TXN-004154,ACCT-1134,2025-03-18 13:21:53,136.89,Walmart,Miami,Gas,In-Store,56,Student,0
TXN-004155,ACCT-1166,2025-07-22 14:13:43,57.97,Grubhub,Boston,Utilities,Mobile App,21,Designer,0
TXN-004156,ACCT-1059,2025-04-04 15:03:12,169.92,Shell Gas,Los Angeles,Personal Care,In-Store,48,Doctor,0
TXN-004157,ACCT-1043,2025-10-18 13:36:13,137.02,Amazon,Atlanta,Dining,In-Store,34,Manager,0
TXN-004158,ACCT-1092,2025-12-03 12:46:38,151.42,Shell Gas,Minneapolis,Shopping,Mobile App,32,Accountant,0
TXN-004159,ACCT-1106,2025-12-22 21:42:54,30.28,Delta Airlines,Seattle,Shopping,Online,23,Retired,0
TXN-004160,ACCT-1180,2025-10-20 12:08:12,192.7,Zara,San Diego,Shopping,In-Store,45,Freelancer,0
TXN-004161,ACCT-1193,2025-06-01 07:59:03,55.29,United Airlines,San Diego,Shopping,Online,42,Sales Rep,0
TXN-004162,ACCT-1184,2025-11-25 19:27:36,48.8,Trader Joes,Seattle,Utilities,In-Store,30,Analyst,0
TXN-004163,ACCT-1063,2025-01-01 12:10:22,73.3,Hilton,Austin,Entertainment,Mobile App,70,Driver,0
TXN-004164,ACCT-1057,2025-05-18 18:57:16,148.16,Lyft,Seattle,Transportation,Online,55,Analyst,0
TXN-004165,ACCT-1029,2025-06-03 22:55:21,84.53,Best Buy,New York,Shopping,Mobile App,32,Freelancer,0
TXN-004166,ACCT-1022,2025-11-29 16:09:39,50.56,Marriott,Detroit,Utilities,Online,34,Analyst,0
TXN-004167,ACCT-1189,2025-10-03 14:06:33,13.77,Walmart,Detroit,Dining,In-Store,23,Designer,0
TXN-004168,ACCT-1018,2025-01-16 11:46:17,119.91,Kroger,Seattle,Shopping,In-Store,28,Retired,0
TXN-004169,ACCT-1198,2025-11-18 06:24:20,234.89,Delta Airlines,Houston,Personal Care,In-Store,53,Engineer,0
TXN-004170,ACCT-1101,2025-02-03 12:42:30,45.05,CVS Pharmacy,Minneapolis,Healthcare,Mobile App,24,Doctor,0
TXN-004171,ACCT-1096,2025-03-09 14:25:21,181.33,Whole Foods,New York,Transportation,Mobile App,30,Chef,0
TXN-004172,ACCT-1005,2025-09-04 16:29:18,51.15,Trader Joes,Phoenix,Education,Online,24,Student,0
TXN-004173,ACCT-1072,2025-09-11 21:06:03,287.39,Shell Gas,San Diego,Transportation,Online,53,Analyst,0
TXN-004174,ACCT-1174,2025-07-17 21:21:00,154.29,Spotify,San Francisco,Education,Online,34,Retired,0
TXN-004175,ACCT-1013,2025-06-15 11:58:10,163.8,DoorDash,Houston,Transportation,In-Store,45,Driver,0
TXN-004176,ACCT-1123,2025-06-01 19:20:24,58.16,Marriott,San Diego,Healthcare,In-Store,37,Lawyer,0
TXN-004177,ACCT-1137,2025-06-06 09:01:17,73.35,Starbucks,Miami,Subscriptions,In-Store,41,Lawyer,0
TXN-004178,ACCT-1187,2025-09-14 18:03:38,308.69,Spotify,San Antonio,Shopping,Online,28,Freelancer,0
TXN-004179,ACCT-1156,2025-04-23 14:38:43,14.36,Airbnb,Los Angeles,Utilities,Mobile App,18,Sales Rep,0
TXN-004180,ACCT-1067,2025-09-22 18:18:24,316.43,Best Buy,Boston,Subscriptions,In-Store,62,Doctor,0
TXN-004181,ACCT-1121,2025-05-26 15:27:37,136.25,Chevron,Houston,Education,Online,35,Accountant,0
TXN-004182,ACCT-1095,2025-03-11 18:07:49,101.84,Costco,San Diego,Gas,In-Store,81,Doctor,0
TXN-004183,ACCT-1131,2025-04-23 17:24:32,246.54,Walmart,Dallas,Healthcare,ATM,34,Lawyer,0
TXN-004184,ACCT-1179,2025-01-10 22:33:41,37.56,Apple Store,Nashville,Subscriptions,Online,41,Engineer,0
TXN-004185,ACCT-1078,2025-06-19 06:14:18,61.56,Whole Foods,Dallas,Subscriptions,Phone,24,Freelancer,0
TXN-004186,ACCT-1081,2025-07-06 15:23:42,49.01,Spotify,Denver,Gas,Online,77,Accountant,0
TXN-004187,ACCT-1188,2025-03-08 16:54:20,27.98,Lyft,New York,Shopping,Online,23,Sales Rep,0
TXN-004188,ACCT-1137,2025-09-11 09:47:52,192.21,Lyft,Miami,Subscriptions,Phone,41,Lawyer,0
TXN-004189,ACCT-1057,2025-05-06 14:31:44,272.46,Home Depot,Seattle,Dining,In-Store,55,Analyst,0
TXN-004190,ACCT-1116,2025-04-16 10:07:58,61.72,Costco,Portland,Healthcare,ATM,19,Lawyer,0
TXN-004191,ACCT-1171,2025-03-16 19:08:21,113.13,Nike,Boston,Shopping,In-Store,57,Doctor,0
TXN-004192,ACCT-1199,2025-11-11 12:01:37,221.36,Shell Gas,Houston,Shopping,Mobile App,33,Chef,0
TXN-004193,ACCT-1090,2025-10-06 10:31:00,74.25,Delta Airlines,Dallas,Travel,In-Store,24,Retired,0
TXN-004194,ACCT-1143,2025-01-29 14:27:14,123.62,Shell Gas,Minneapolis,Dining,In-Store,76,Retired,0
TXN-004195,ACCT-1165,2025-09-30 11:54:24,27.93,Netflix,San Francisco,Subscriptions,Phone,22,Accountant,0
TXN-004196,ACCT-1037,2025-02-10 14:04:20,45.78,Costco,Atlanta,Utilities,Mobile App,18,Designer,0
TXN-004197,ACCT-1109,2025-05-01 14:45:17,85.09,Best Buy,Nashville,Utilities,Mobile App,42,Student,0
TXN-004198,ACCT-1138,2025-08-11 11:43:25,66.32,Walmart,Miami,Education,Online,29,Accountant,0
TXN-004199,ACCT-1053,2025-12-12 14:28:24,46.12,Delta Airlines,Philadelphia,Travel,Online,20,Student,0
TXN-004200,ACCT-1185,2025-11-19 14:09:06,267.61,Walmart,New York,Entertainment,Online,58,Lawyer,0
TXN-004201,ACCT-1008,2025-09-15 18:09:22,140.35,Spotify,Nashville,Entertainment,In-Store,28,Retired,0
TXN-004202,ACCT-1018,2025-10-08 15:34:52,96.56,Costco,Seattle,Transportation,ATM,28,Retired,0
TXN-004203,ACCT-1119,2025-11-18 09:34:46,269.17,Safeway,Boston,Education,Online,41,Designer,0
TXN-004204,ACCT-1149,2025-05-30 23:46:59,271.48,Delta Airlines,Los Angeles,Shopping,Online,41,Sales Rep,0
TXN-004205,ACCT-1066,2025-04-08 14:57:44,157.4,Starbucks,Houston,Personal Care,In-Store,38,Teacher,0
TXN-004206,ACCT-1047,2025-02-05 01:16:46,82.08,Amazon,Dallas,Education,In-Store,75,Sales Rep,0
TXN-004207,ACCT-1060,2025-05-20 17:11:00,1548.2,Netflix,Phoenix,Travel,Online,42,Accountant,1
TXN-004208,ACCT-1138,2025-12-07 13:06:16,214.23,Starbucks,Miami,Education,Online,29,Accountant,0
TXN-004209,ACCT-1167,2025-03-03 09:07:41,579.96,Chevron,Seattle,Gas,Online,57,Manager,0
TXN-004210,ACCT-1017,2025-02-06 16:37:50,72.0,United Airlines,San Diego,Education,Online,76,Nurse,0
TXN-004211,ACCT-1111,2025-12-23 22:43:49,24.91,United Airlines,Houston,Dining,Mobile App,22,Analyst,0
TXN-004212,ACCT-1047,2025-03-10 05:42:45,72.89,Nike,Dallas,Transportation,Mobile App,75,Sales Rep,0
TXN-004213,ACCT-1004,2025-04-03 17:09:46,111.43,Delta Airlines,Denver,Entertainment,Online,28,Designer,0
TXN-004214,ACCT-1171,2025-09-25 16:35:21,228.68,Costco,Boston,Utilities,In-Store,57,Doctor,0
TXN-004215,ACCT-1020,2025-06-17 09:36:07,251.19,Kroger,Detroit,Utilities,Online,36,Engineer,0
TXN-004216,ACCT-1079,2025-08-16 22:04:27,344.84,DoorDash,Phoenix,Utilities,Online,52,Retired,0
TXN-004217,ACCT-1111,2025-09-16 14:20:00,32.93,Marriott,Houston,Education,Online,22,Analyst,0
TXN-004218,ACCT-1086,2025-10-05 15:34:15,26.74,Lyft,Philadelphia,Gas,In-Store,20,Manager,0
TXN-004219,ACCT-1097,2025-02-02 08:02:53,366.36,Shell Gas,Los Angeles,Dining,Online,52,Teacher,0
TXN-004220,ACCT-1141,2025-10-18 18:18:24,209.88,Airbnb,San Diego,Dining,Online,32,Engineer,0
TXN-004221,ACCT-1066,2025-08-29 14:39:12,122.98,Delta Airlines,Houston,Shopping,In-Store,38,Teacher,0
TXN-004222,ACCT-1194,2025-03-03 13:19:38,86.68,Lyft,San Diego,Subscriptions,Mobile App,84,Lawyer,0
TXN-004223,ACCT-1010,2025-08-13 19:04:31,9.59,Airbnb,Philadelphia,Travel,Mobile App,19,Sales Rep,0
TXN-004224,ACCT-1166,2025-10-15 20:31:17,80.93,Netflix,Boston,Transportation,Online,21,Designer,0
TXN-004225,ACCT-1045,2025-12-28 22:49:42,79.58,Walgreens,Philadelphia,Transportation,ATM,66,Chef,0
TXN-004226,ACCT-1140,2025-04-25 08:47:06,21.31,Whole Foods,Detroit,Utilities,Mobile App,24,Teacher,0
TXN-004227,ACCT-1166,2025-08-30 13:42:45,48.04,Hilton,Boston,Groceries,Mobile App,21,Designer,0
TXN-004228,ACCT-1008,2025-08-12 19:37:14,56.12,Starbucks,Nashville,Travel,Online,28,Retired,0
TXN-004229,ACCT-1186,2025-03-14 13:37:55,25.63,McDonalds,San Antonio,Education,In-Store,19,Freelancer,0
TXN-004230,ACCT-1076,2025-05-02 04:36:29,23.27,Shell Gas,Portland,Education,Mobile App,18,Teacher,0
TXN-004231,ACCT-1174,2025-08-06 09:55:57,192.04,Costco,San Francisco,Utilities,Online,34,Retired,0
TXN-004232,ACCT-1064,2025-07-04 11:17:51,99.75,Amazon,Austin,Gas,Online,19,Driver,0
TXN-004233,ACCT-1101,2025-12-04 16:52:38,32.42,Amazon,Minneapolis,Transportation,In-Store,24,Doctor,0
TXN-004234,ACCT-1075,2025-06-22 09:47:18,97.02,United Airlines,Denver,Shopping,Mobile App,81,Accountant,0
TXN-004235,ACCT-1132,2025-07-15 13:46:05,341.33,Whole Foods,Boston,Transportation,Phone,54,Manager,0
TXN-004236,ACCT-1127,2025-07-09 19:01:38,134.04,Uber,Denver,Entertainment,Online,32,Nurse,0
TXN-004237,ACCT-1090,2025-07-06 12:01:52,42.05,Chevron,Dallas,Groceries,In-Store,24,Retired,0
TXN-004238,ACCT-1199,2025-08-30 10:17:50,78.31,Spotify,Nashville,Utilities,In-Store,33,Chef,0
TXN-004239,ACCT-1056,2025-11-23 13:23:17,65.34,Shell Gas,Philadelphia,Transportation,Online,39,Freelancer,0
TXN-004240,ACCT-1131,2025-08-28 18:32:22,270.33,Home Depot,Dallas,Dining,In-Store,34,Lawyer,0
TXN-004241,ACCT-1194,2025-04-27 12:13:45,42.7,Walgreens,San Diego,Dining,ATM,84,Lawyer,0
TXN-004242,ACCT-1145,2025-07-02 13:07:48,55.44,Lyft,Boston,Utilities,Mobile App,19,Chef,0
TXN-004243,ACCT-1056,2025-12-02 22:28:43,63.25,Uber,Philadelphia,Shopping,Phone,39,Freelancer,0
TXN-004244,ACCT-1154,2025-06-07 16:55:08,67.14,Home Depot,Los Angeles,Shopping,Online,34,Teacher,0
TXN-004245,ACCT-1117,2025-03-22 13:37:57,181.46,Nike,Houston,Utilities,In-Store,56,Teacher,0
TXN-004246,ACCT-1028,2025-03-23 11:40:21,78.09,Kroger,Seattle,Utilities,Online,23,Freelancer,0
TXN-004247,ACCT-1031,2025-11-10 08:24:27,165.95,Home Depot,San Antonio,Personal Care,Online,71,Doctor,0
TXN-004248,ACCT-1001,2025-08-20 16:23:51,896.03,Hilton,Minneapolis,Entertainment,Online,64,Nurse,0
TXN-004249,ACCT-1085,2025-09-05 14:29:19,73.65,Apple Store,Dallas,Healthcare,In-Store,38,Student,0
TXN-004250,ACCT-1064,2025-02-22 18:31:24,64.61,Starbucks,Austin,Entertainment,Online,19,Driver,0
TXN-004251,ACCT-1057,2025-12-19 22:36:07,201.84,Zara,Seattle,Shopping,Phone,55,Analyst,0
TXN-004252,ACCT-1100,2025-02-10 10:20:00,138.99,McDonalds,Phoenix,Healthcare,Online,80,Manager,0
TXN-004253,ACCT-1139,2025-05-17 15:18:16,171.98,Delta Airlines,Los Angeles,Groceries,Online,40,Driver,0
TXN-004254,ACCT-1063,2025-09-17 09:12:33,81.18,Walmart,Austin,Healthcare,Mobile App,70,Driver,0
TXN-004255,ACCT-1050,2025-06-18 17:36:02,140.48,CVS Pharmacy,Minneapolis,Shopping,Mobile App,43,Designer,0
TXN-004256,ACCT-1125,2025-08-31 18:52:06,866.32,Marriott,Atlanta,Subscriptions,Phone,61,Teacher,0
TXN-004257,ACCT-1064,2025-10-01 12:08:44,39.56,Home Depot,Austin,Travel,Online,19,Driver,0
TXN-004258,ACCT-1134,2025-11-06 12:09:58,161.82,Whole Foods,Miami,Travel,Mobile App,56,Student,0
TXN-004259,ACCT-1131,2025-08-25 11:53:41,136.12,CVS Pharmacy,Dallas,Travel,Online,34,Lawyer,0
TXN-004260,ACCT-1163,2025-03-18 12:13:46,167.09,Whole Foods,Seattle,Dining,Phone,48,Teacher,0
TXN-004261,ACCT-1038,2025-10-15 14:43:27,121.6,Spotify,Chicago,Education,Online,42,Nurse,0
TXN-004262,ACCT-1115,2025-06-01 19:26:50,86.18,Grubhub,San Francisco,Travel,Online,40,Sales Rep,0
TXN-004263,ACCT-1128,2025-02-26 15:15:50,88.76,Lyft,Denver,Healthcare,Online,21,Engineer,0
TXN-004264,ACCT-1178,2025-09-30 17:21:40,403.95,Trader Joes,Austin,Healthcare,ATM,59,Retired,0
TXN-004265,ACCT-1064,2025-09-24 11:06:20,15.75,Trader Joes,Austin,Education,In-Store,19,Driver,0
TXN-004266,ACCT-1131,2025-03-22 16:52:12,67.62,Home Depot,New York,Travel,ATM,34,Lawyer,0
TXN-004267,ACCT-1023,2025-09-20 21:36:45,41.72,CVS Pharmacy,Dallas,Healthcare,Online,39,Retired,0
TXN-004268,ACCT-1196,2025-03-28 20:14:31,375.54,Target,Los Angeles,Personal Care,Mobile App,48,Freelancer,0
TXN-004269,ACCT-1190,2025-05-20 15:54:54,147.15,Safeway,Nashville,Transportation,In-Store,40,Teacher,0
TXN-004270,ACCT-1158,2025-09-13 07:33:21,15.57,DoorDash,Nashville,Subscriptions,Online,23,Doctor,0
TXN-004271,ACCT-1181,2025-04-08 12:05:16,293.57,Chevron,Detroit,Subscriptions,Phone,48,Manager,0
TXN-004272,ACCT-1019,2025-10-14 07:55:55,139.35,Airbnb,Chicago,Utilities,Phone,41,Lawyer,0
TXN-004273,ACCT-1019,2025-02-03 15:52:03,74.21,CVS Pharmacy,Chicago,Dining,In-Store,41,Lawyer,0
TXN-004274,ACCT-1105,2025-01-17 11:51:59,349.05,Shell Gas,New York,Dining,Online,51,Teacher,0
TXN-004275,ACCT-1122,2025-09-26 12:07:55,212.31,Nike,Portland,Dining,In-Store,34,Retired,0
TXN-004276,ACCT-1093,2025-02-07 16:35:34,27.01,Apple Store,Boston,Shopping,In-Store,41,Chef,0
TXN-004277,ACCT-1010,2025-01-12 03:33:12,26.52,Apple Store,Philadelphia,Shopping,In-Store,19,Sales Rep,0
TXN-004278,ACCT-1080,2025-08-18 20:29:13,62.48,Delta Airlines,Seattle,Personal Care,In-Store,79,Freelancer,0
TXN-004279,ACCT-1172,2025-01-22 14:55:02,78.52,Best Buy,Austin,Healthcare,Phone,25,Nurse,0
TXN-004280,ACCT-1193,2025-07-13 14:40:07,31.91,Whole Foods,San Diego,Personal Care,ATM,42,Sales Rep,0
TXN-004281,ACCT-1027,2025-09-21 10:18:12,130.52,Home Depot,Houston,Groceries,Mobile App,28,Sales Rep,0
TXN-004282,ACCT-1179,2025-04-22 08:10:49,40.61,Best Buy,Portland,Entertainment,Online,41,Engineer,0
TXN-004283,ACCT-1056,2025-04-28 10:33:43,113.83,Hilton,Philadelphia,Groceries,In-Store,39,Freelancer,0
TXN-004284,ACCT-1157,2025-04-16 08:37:47,304.43,Uber,San Diego,Dining,Online,57,Lawyer,0
TXN-004285,ACCT-1151,2025-10-22 15:27:26,75.73,Home Depot,Denver,Entertainment,In-Store,36,Retired,0
TXN-004286,ACCT-1023,2025-06-15 20:55:16,138.55,Marriott,Dallas,Groceries,In-Store,39,Retired,0
TXN-004287,ACCT-1115,2025-06-13 17:06:28,76.08,Walmart,San Francisco,Entertainment,In-Store,40,Sales Rep,0
TXN-004288,ACCT-1102,2025-12-07 13:02:14,83.46,Shell Gas,Miami,Entertainment,Phone,30,Accountant,0
TXN-004289,ACCT-1076,2025-04-26 10:26:17,11.36,Grubhub,Portland,Personal Care,In-Store,18,Teacher,0
TXN-004290,ACCT-1053,2025-07-07 14:01:56,51.42,Nike,Philadelphia,Shopping,Online,20,Student,0
TXN-004291,ACCT-1117,2025-02-23 09:43:16,628.57,Uber,New York,Dining,In-Store,56,Teacher,0
TXN-004292,ACCT-1089,2025-05-26 14:03:21,77.36,Delta Airlines,Dallas,Groceries,Mobile App,18,Driver,0
TXN-004293,ACCT-1120,2025-10-26 13:38:21,222.38,Hilton,Minneapolis,Shopping,ATM,54,Teacher,0
TXN-004294,ACCT-1003,2025-02-27 14:16:37,203.0,Hilton,San Antonio,Subscriptions,In-Store,73,Engineer,0
TXN-004295,ACCT-1041,2025-12-08 14:34:18,74.6,Shell Gas,Los Angeles,Dining,Online,44,Designer,0
TXN-004296,ACCT-1061,2025-06-01 20:42:42,75.85,Grubhub,Boston,Shopping,Online,50,Analyst,0
TXN-004297,ACCT-1001,2025-07-04 11:25:53,365.11,Whole Foods,Minneapolis,Gas,In-Store,64,Nurse,0
TXN-004298,ACCT-1194,2025-08-20 01:48:27,187.27,Lyft,San Diego,Subscriptions,Online,84,Lawyer,0
TXN-004299,ACCT-1105,2025-12-03 19:25:57,193.19,CVS Pharmacy,New York,Subscriptions,Mobile App,51,Teacher,0
TXN-004300,ACCT-1023,2025-08-11 19:19:38,28.56,Target,Dallas,Groceries,Online,39,Retired,0
TXN-004301,ACCT-1110,2025-03-12 14:44:46,62.49,United Airlines,San Francisco,Healthcare,Online,34,Analyst,0
TXN-004302,ACCT-1141,2025-01-31 16:04:46,206.54,Shell Gas,San Diego,Education,Online,32,Engineer,0
TXN-004303,ACCT-1165,2025-12-27 09:52:30,27.4,Grubhub,San Antonio,Personal Care,Mobile App,22,Accountant,0
TXN-004304,ACCT-1083,2025-06-10 22:53:24,93.79,United Airlines,Detroit,Entertainment,Online,52,Freelancer,0
TXN-004305,ACCT-1165,2025-09-04 12:42:18,11.74,Safeway,San Antonio,Education,ATM,22,Accountant,0
TXN-004306,ACCT-1118,2025-01-03 14:10:49,445.42,McDonalds,Detroit,Utilities,In-Store,37,Designer,0
TXN-004307,ACCT-1084,2025-07-13 22:20:14,27.2,Target,Dallas,Utilities,In-Store,24,Engineer,0
TXN-004308,ACCT-1082,2025-12-18 08:12:28,114.68,Shell Gas,Philadelphia,Entertainment,Online,26,Driver,0
TXN-004309,ACCT-1047,2025-05-27 20:59:00,2500.0,Best Buy,Tirana,Shopping,ATM,75,Sales Rep,1
TXN-004310,ACCT-1115,2025-03-11 22:38:45,138.84,Netflix,San Francisco,Healthcare,In-Store,40,Sales Rep,0
TXN-004311,ACCT-1009,2025-09-04 12:27:26,35.02,Nike,Austin,Groceries,In-Store,69,Analyst,0
TXN-004312,ACCT-1120,2025-03-29 10:03:43,661.76,Hilton,Minneapolis,Utilities,Online,54,Teacher,0
TXN-004313,ACCT-1018,2025-03-24 11:34:19,232.07,Uber,Seattle,Groceries,Online,28,Retired,0
TXN-004314,ACCT-1074,2025-06-02 09:54:04,414.6,Kroger,Chicago,Travel,In-Store,42,Freelancer,0
TXN-004315,ACCT-1020,2025-06-19 14:15:31,151.89,DoorDash,Detroit,Education,Online,36,Engineer,0
TXN-004316,ACCT-1082,2025-05-02 15:31:54,62.68,Costco,Philadelphia,Travel,Online,26,Driver,0
TXN-004317,ACCT-1187,2025-05-22 11:44:56,250.97,Trader Joes,San Antonio,Travel,Online,28,Freelancer,0
TXN-004318,ACCT-1056,2025-01-20 08:33:38,266.68,Hilton,Philadelphia,Transportation,Online,39,Freelancer,0
TXN-004319,ACCT-1094,2025-12-12 02:43:19,127.77,Spotify,San Francisco,Shopping,In-Store,48,Driver,0
TXN-004320,ACCT-1061,2025-03-17 17:03:16,379.89,Uber,Nashville,Dining,Online,50,Analyst,0
TXN-004321,ACCT-1118,2025-11-20 14:27:53,172.23,Home Depot,Detroit,Entertainment,Mobile App,37,Designer,0
TXN-004322,ACCT-1073,2025-10-04 10:58:44,278.6,Kroger,Miami,Subscriptions,Online,34,Analyst,0
TXN-004323,ACCT-1157,2025-01-18 10:25:44,255.64,Uber,San Diego,Personal Care,Online,57,Lawyer,0
TXN-004324,ACCT-1032,2025-04-25 13:37:03,369.95,Hilton,New York,Transportation,In-Store,34,Analyst,0
TXN-004325,ACCT-1076,2025-08-12 11:12:08,26.82,Grubhub,Portland,Healthcare,In-Store,18,Teacher,0
TXN-004326,ACCT-1115,2025-01-09 12:53:37,77.66,Hilton,San Francisco,Shopping,Online,40,Sales Rep,0
TXN-004327,ACCT-1018,2025-08-06 11:17:56,146.03,Airbnb,Seattle,Subscriptions,Mobile App,28,Retired,0
TXN-004328,ACCT-1117,2025-12-24 12:57:19,263.21,Zara,Houston,Entertainment,In-Store,56,Teacher,0
TXN-004329,ACCT-1116,2025-01-07 19:36:49,43.8,Costco,Dallas,Entertainment,Online,19,Lawyer,0
TXN-004330,ACCT-1024,2025-07-16 09:11:26,258.98,Lyft,Minneapolis,Transportation,Online,44,Lawyer,1
TXN-004331,ACCT-1018,2025-05-15 13:40:16,92.79,Kroger,Seattle,Dining,Online,28,Retired,0
TXN-004332,ACCT-1094,2025-06-15 15:47:32,462.89,Lyft,San Francisco,Dining,Online,48,Driver,0
TXN-004333,ACCT-1164,2025-12-03 13:33:34,95.05,Apple Store,Seattle,Utilities,Mobile App,36,Freelancer,0
TXN-004334,ACCT-1146,2025-05-24 18:13:45,28.97,Delta Airlines,Atlanta,Gas,Online,39,Accountant,0
TXN-004335,ACCT-1038,2025-02-18 07:34:48,107.35,Chevron,Chicago,Transportation,Mobile App,42,Nurse,0
TXN-004336,ACCT-1183,2025-03-08 12:14:18,125.05,Nike,Portland,Dining,Online,60,Retired,0
TXN-004337,ACCT-1153,2025-06-25 12:57:53,83.01,Zara,Los Angeles,Education,Online,33,Lawyer,0
TXN-004338,ACCT-1067,2025-08-03 19:51:51,153.87,Costco,Boston,Transportation,Online,62,Doctor,0
TXN-004339,ACCT-1045,2025-11-05 11:17:45,64.08,Netflix,San Antonio,Personal Care,In-Store,66,Chef,0
TXN-004340,ACCT-1168,2025-05-15 11:41:08,45.28,Lyft,Boston,Travel,Online,82,Teacher,0
TXN-004341,ACCT-1049,2025-01-04 10:27:10,134.19,Zara,Chicago,Gas,Phone,48,Accountant,0
TXN-004342,ACCT-1181,2025-03-09 05:42:30,251.41,Starbucks,Detroit,Subscriptions,Phone,48,Manager,0
TXN-004343,ACCT-1179,2025-11-07 11:40:11,54.18,Best Buy,Nashville,Healthcare,In-Store,41,Engineer,0
TXN-004344,ACCT-1123,2025-01-21 21:45:12,69.78,Costco,San Diego,Gas,Online,37,Lawyer,0
TXN-004345,ACCT-1045,2025-01-01 11:04:04,109.88,Netflix,Philadelphia,Travel,Online,66,Chef,0
TXN-004346,ACCT-1102,2025-03-05 07:40:19,138.77,Home Depot,Miami,Personal Care,Online,30,Accountant,0
TXN-004347,ACCT-1165,2025-11-15 09:40:33,48.42,Best Buy,San Antonio,Groceries,Mobile App,22,Accountant,0
TXN-004348,ACCT-1185,2025-05-18 15:54:34,275.37,McDonalds,New York,Groceries,In-Store,58,Lawyer,0
TXN-004349,ACCT-1052,2025-12-01 09:02:56,61.85,Grubhub,Philadelphia,Travel,Mobile App,68,Accountant,0
TXN-004350,ACCT-1034,2025-03-13 15:36:48,326.4,Chevron,Philadelphia,Gas,Online,41,Lawyer,0
TXN-004351,ACCT-1043,2025-11-27 11:43:50,225.06,Amazon,Atlanta,Groceries,Online,34,Manager,0
TXN-004352,ACCT-1099,2025-07-16 11:59:55,136.02,Airbnb,Detroit,Utilities,Mobile App,32,Sales Rep,0
TXN-004353,ACCT-1017,2025-09-16 21:43:45,95.5,Airbnb,San Diego,Education,Phone,76,Nurse,0
TXN-004354,ACCT-1090,2025-01-28 17:43:32,56.77,United Airlines,Minneapolis,Utilities,Mobile App,24,Retired,0
TXN-004355,ACCT-1028,2025-11-21 11:35:06,49.24,Whole Foods,Austin,Entertainment,Online,23,Freelancer,0
TXN-004356,ACCT-1192,2025-12-20 19:33:20,483.06,Apple Store,San Antonio,Dining,Online,56,Designer,0
TXN-004357,ACCT-1094,2025-04-03 20:53:48,238.57,Lyft,San Francisco,Healthcare,Online,48,Driver,0
TXN-004358,ACCT-1008,2025-05-20 15:14:01,134.18,Hilton,Nashville,Utilities,Mobile App,28,Retired,0
TXN-004359,ACCT-1041,2025-07-13 06:07:00,926.85,QuickWire Transfers,Lagos,Shopping,Online,44,Designer,1
TXN-004360,ACCT-1065,2025-10-28 12:33:35,93.58,Spotify,Chicago,Groceries,In-Store,79,Analyst,0
TXN-004361,ACCT-1028,2025-07-01 13:20:31,36.62,Airbnb,Seattle,Transportation,In-Store,23,Freelancer,0
TXN-004362,ACCT-1069,2025-04-29 17:00:57,136.34,Marriott,Minneapolis,Entertainment,Mobile App,32,Manager,0
TXN-004363,ACCT-1155,2025-02-28 14:34:34,144.38,Shell Gas,Los Angeles,Healthcare,In-Store,35,Accountant,0
TXN-004364,ACCT-1054,2025-11-17 13:59:47,34.49,Spotify,Nashville,Subscriptions,In-Store,80,Retired,0
TXN-004365,ACCT-1091,2025-04-11 14:28:13,118.17,United Airlines,Miami,Gas,Online,36,Manager,0
TXN-004366,ACCT-1060,2025-09-06 14:56:22,121.67,DoorDash,Phoenix,Education,In-Store,42,Accountant,0
TXN-004367,ACCT-1090,2025-09-16 07:35:58,117.92,Nike,Dallas,Shopping,Mobile App,24,Retired,0
TXN-004368,ACCT-1188,2025-11-13 12:19:13,17.19,Lyft,New York,Gas,In-Store,23,Sales Rep,0
TXN-004369,ACCT-1033,2025-03-21 18:18:28,116.23,Hilton,Miami,Healthcare,Mobile App,43,Teacher,0
TXN-004370,ACCT-1164,2025-08-01 14:45:47,98.13,Walgreens,Seattle,Transportation,Online,36,Freelancer,0
TXN-004371,ACCT-1024,2025-10-20 10:23:10,334.52,Netflix,Portland,Gas,Online,44,Lawyer,0
TXN-004372,ACCT-1090,2025-05-17 22:49:02,55.33,Netflix,Dallas,Gas,Mobile App,24,Retired,0
TXN-004373,ACCT-1005,2025-08-09 11:56:10,48.02,Whole Foods,Phoenix,Healthcare,Mobile App,24,Student,0
TXN-004374,ACCT-1128,2025-12-29 19:16:03,78.94,DoorDash,Denver,Shopping,Online,21,Engineer,0
TXN-004375,ACCT-1050,2025-02-13 09:32:36,71.41,Netflix,Minneapolis,Personal Care,Mobile App,43,Designer,0
TXN-004376,ACCT-1056,2025-09-26 19:03:31,107.58,Home Depot,Philadelphia,Education,Mobile App,39,Freelancer,0
TXN-004377,ACCT-1110,2025-06-04 21:09:51,67.83,Grubhub,San Francisco,Entertainment,In-Store,34,Analyst,0
TXN-004378,ACCT-1091,2025-12-10 14:17:54,126.75,Apple Store,Miami,Shopping,Online,36,Manager,0
TXN-004379,ACCT-1122,2025-05-26 06:51:47,107.76,Starbucks,Portland,Dining,In-Store,34,Retired,0
TXN-004380,ACCT-1198,2025-10-31 12:25:50,853.59,Delta Airlines,Houston,Entertainment,In-Store,53,Engineer,0
TXN-004381,ACCT-1060,2025-11-24 14:09:29,111.81,Airbnb,Phoenix,Shopping,In-Store,42,Accountant,0
TXN-004382,ACCT-1169,2025-03-23 15:57:17,22.67,Marriott,Chicago,Healthcare,Online,36,Designer,0
TXN-004383,ACCT-1143,2025-12-11 18:18:04,104.78,Home Depot,Minneapolis,Personal Care,ATM,76,Retired,0
TXN-004384,ACCT-1193,2025-12-18 03:09:59,131.39,Apple Store,San Diego,Dining,Online,42,Sales Rep,0
TXN-004385,ACCT-1081,2025-08-20 13:05:21,73.68,Starbucks,Denver,Travel,Online,77,Accountant,0
TXN-004386,ACCT-1031,2025-09-03 18:41:56,120.67,Starbucks,San Antonio,Entertainment,Online,71,Doctor,0
TXN-004387,ACCT-1145,2025-11-22 21:21:13,58.96,Costco,Nashville,Gas,Mobile App,19,Chef,0
TXN-004388,ACCT-1068,2025-03-08 21:18:01,11.12,Safeway,Atlanta,Personal Care,Phone,22,Accountant,0
TXN-004389,ACCT-1031,2025-05-10 08:05:30,79.53,DoorDash,San Antonio,Transportation,Online,71,Doctor,0
TXN-004390,ACCT-1006,2025-05-30 17:23:19,137.17,Lyft,Atlanta,Shopping,In-Store,55,Nurse,0
TXN-004391,ACCT-1144,2025-06-08 22:05:37,133.05,Walgreens,San Antonio,Shopping,In-Store,27,Chef,0
TXN-004392,ACCT-1109,2025-01-01 07:33:38,116.26,Best Buy,Atlanta,Shopping,Mobile App,42,Student,0
TXN-004393,ACCT-1010,2025-05-13 22:12:10,5.82,Airbnb,Philadelphia,Personal Care,Online,19,Sales Rep,0
TXN-004394,ACCT-1021,2025-07-28 11:35:28,76.87,Home Depot,Phoenix,Education,Online,28,Teacher,0
TXN-004395,ACCT-1045,2025-08-28 11:07:52,59.64,Netflix,Chicago,Travel,Online,66,Chef,0
TXN-004396,ACCT-1193,2025-01-07 16:10:22,88.58,Whole Foods,San Diego,Shopping,In-Store,42,Sales Rep,0
TXN-004397,ACCT-1069,2025-12-25 17:36:58,25.99,Trader Joes,Minneapolis,Utilities,Online,32,Manager,0
TXN-004398,ACCT-1199,2025-08-19 20:38:48,246.55,Home Depot,Houston,Groceries,Mobile App,33,Chef,0
TXN-004399,ACCT-1180,2025-01-04 15:07:53,73.46,Safeway,Dallas,Education,In-Store,45,Freelancer,0
TXN-004400,ACCT-1006,2025-09-16 16:52:07,176.76,Starbucks,Philadelphia,Education,Mobile App,55,Nurse,0
TXN-004401,ACCT-1015,2025-08-17 09:01:50,64.98,Zara,Minneapolis,Dining,In-Store,43,Lawyer,0
TXN-004402,ACCT-1126,2025-09-09 06:10:22,234.89,Starbucks,Portland,Gas,Mobile App,30,Driver,0
TXN-004403,ACCT-1160,2025-01-27 11:50:15,191.94,Starbucks,Denver,Healthcare,Online,40,Nurse,0
TXN-004404,ACCT-1006,2025-07-17 11:45:52,155.73,Delta Airlines,Atlanta,Shopping,Mobile App,55,Nurse,0
TXN-004405,ACCT-1088,2025-08-24 16:39:54,122.14,Apple Store,Phoenix,Education,Online,33,Designer,0
TXN-004406,ACCT-1185,2025-12-28 14:43:49,311.95,Grubhub,New York,Entertainment,ATM,58,Lawyer,0
TXN-004407,ACCT-1136,2025-07-10 13:16:05,324.36,Uber,Boston,Education,Online,60,Sales Rep,0
TXN-004408,ACCT-1080,2025-11-21 17:11:14,109.03,Chevron,Seattle,Entertainment,ATM,79,Freelancer,0
TXN-004409,ACCT-1173,2025-05-09 18:14:17,89.48,Zara,Chicago,Entertainment,In-Store,44,Retired,0
TXN-004410,ACCT-1104,2025-01-03 16:24:37,105.54,Uber,Dallas,Subscriptions,In-Store,24,Engineer,0
TXN-004411,ACCT-1163,2025-05-13 23:15:36,137.35,Zara,Minneapolis,Personal Care,Online,48,Teacher,0
TXN-004412,ACCT-1057,2025-04-23 12:23:11,190.21,Zara,Seattle,Subscriptions,Online,55,Analyst,0
TXN-004413,ACCT-1157,2025-09-26 14:28:15,137.43,Delta Airlines,San Diego,Shopping,Online,57,Lawyer,0
TXN-004414,ACCT-1169,2025-11-25 20:07:52,394.43,Netflix,Nashville,Groceries,Mobile App,36,Designer,0
TXN-004415,ACCT-1101,2025-07-12 14:38:54,27.25,Netflix,Minneapolis,Groceries,Online,24,Doctor,0
TXN-004416,ACCT-1108,2025-11-19 12:20:47,205.92,Starbucks,Denver,Gas,ATM,34,Retired,0
TXN-004417,ACCT-1180,2025-04-06 08:06:44,63.43,Safeway,Detroit,Shopping,Mobile App,45,Freelancer,0
TXN-004418,ACCT-1053,2025-04-12 12:00:24,15.33,Apple Store,Philadelphia,Shopping,In-Store,20,Student,0
TXN-004419,ACCT-1036,2025-09-26 19:58:04,53.69,Spotify,Miami,Travel,Online,21,Sales Rep,0
TXN-004420,ACCT-1121,2025-03-13 16:45:21,65.2,Kroger,Houston,Dining,Online,35,Accountant,0
TXN-004421,ACCT-1181,2025-01-14 17:47:17,217.75,Uber,Detroit,Dining,ATM,48,Manager,0
TXN-004422,ACCT-1044,2025-03-21 19:44:13,121.06,Hilton,Portland,Travel,ATM,73,Doctor,0
TXN-004423,ACCT-1136,2025-09-27 20:12:16,229.44,Walmart,Boston,Personal Care,ATM,60,Sales Rep,0
TXN-004424,ACCT-1031,2025-09-29 18:59:27,74.32,DoorDash,San Antonio,Shopping,Mobile App,71,Doctor,0
TXN-004425,ACCT-1161,2025-11-27 17:50:48,49.25,Hilton,Miami,Personal Care,In-Store,75,Engineer,0
TXN-004426,ACCT-1097,2025-07-02 15:54:03,234.56,Lyft,Los Angeles,Dining,Online,52,Teacher,0
TXN-004427,ACCT-1081,2025-12-08 15:35:53,108.51,Best Buy,Denver,Groceries,ATM,77,Accountant,0
TXN-004428,ACCT-1067,2025-10-12 22:42:54,183.72,Chevron,Boston,Entertainment,Mobile App,62,Doctor,0
TXN-004429,ACCT-1009,2025-10-03 09:35:40,147.18,Nike,Austin,Personal Care,In-Store,69,Analyst,0
TXN-004430,ACCT-1093,2025-05-08 11:22:08,56.35,Apple Store,Boston,Personal Care,In-Store,41,Chef,0
TXN-004431,ACCT-1005,2025-08-09 11:02:22,14.42,Apple Store,Phoenix,Shopping,Online,24,Student,0
TXN-004432,ACCT-1173,2025-07-16 09:39:17,169.56,Netflix,Chicago,Healthcare,Online,44,Retired,0
TXN-004433,ACCT-1079,2025-08-23 09:00:01,186.82,Target,Phoenix,Transportation,Phone,52,Retired,0
TXN-004434,ACCT-1192,2025-11-03 07:31:50,270.91,Apple Store,San Antonio,Personal Care,In-Store,56,Designer,0
TXN-004435,ACCT-1045,2025-11-30 12:19:34,124.46,Netflix,Philadelphia,Transportation,In-Store,66,Chef,0
TXN-004436,ACCT-1076,2025-05-10 11:39:57,25.1,Airbnb,San Francisco,Shopping,In-Store,18,Teacher,0
TXN-004437,ACCT-1141,2025-10-18 10:37:16,96.39,United Airlines,San Diego,Dining,Mobile App,32,Engineer,0
TXN-004438,ACCT-1023,2025-11-06 16:20:16,78.99,Marriott,Dallas,Shopping,Mobile App,39,Retired,0
TXN-004439,ACCT-1003,2025-11-20 10:39:47,118.0,Hilton,San Antonio,Subscriptions,Mobile App,73,Engineer,0
TXN-004440,ACCT-1186,2025-02-28 11:51:55,29.37,Apple Store,Dallas,Gas,Mobile App,19,Freelancer,0
TXN-004441,ACCT-1047,2025-05-24 11:46:57,58.05,Nike,Dallas,Travel,In-Store,75,Sales Rep,0
TXN-004442,ACCT-1144,2025-07-25 12:48:25,216.55,Marriott,New York,Dining,In-Store,27,Chef,0
TXN-004443,ACCT-1045,2025-06-14 18:45:13,93.55,Netflix,Philadelphia,Transportation,Online,66,Chef,0
TXN-004444,ACCT-1092,2025-02-12 17:24:58,158.37,Walmart,Minneapolis,Travel,In-Store,32,Accountant,0
TXN-004445,ACCT-1021,2025-11-13 15:46:25,70.28,Delta Airlines,Portland,Groceries,In-Store,28,Teacher,0
TXN-004446,ACCT-1067,2025-12-16 11:22:20,220.24,Costco,Boston,Personal Care,In-Store,62,Doctor,0
TXN-004447,ACCT-1024,2025-02-22 18:07:04,600.15,Grubhub,Portland,Healthcare,Online,44,Lawyer,0
TXN-004448,ACCT-1012,2025-10-06 12:41:01,70.58,McDonalds,Denver,Transportation,Mobile App,22,Teacher,0
TXN-004449,ACCT-1156,2025-02-27 12:06:15,23.34,Kroger,Nashville,Education,In-Store,18,Sales Rep,0
TXN-004450,ACCT-1194,2025-12-08 08:41:59,98.88,Walgreens,San Diego,Dining,Online,84,Lawyer,0
TXN-004451,ACCT-1157,2025-12-20 20:40:31,485.52,Trader Joes,San Diego,Utilities,ATM,57,Lawyer,0
TXN-004452,ACCT-1193,2025-10-24 10:19:45,66.8,Spotify,San Diego,Personal Care,In-Store,42,Sales Rep,0
TXN-004453,ACCT-1142,2025-01-07 09:39:59,103.79,McDonalds,Los Angeles,Entertainment,In-Store,36,Analyst,0
TXN-004454,ACCT-1022,2025-08-08 10:37:54,81.93,Netflix,Detroit,Dining,Online,34,Analyst,0
TXN-004455,ACCT-1013,2025-11-29 18:43:34,637.55,DoorDash,Houston,Healthcare,In-Store,45,Driver,0
TXN-004456,ACCT-1075,2025-11-30 15:50:23,176.39,Safeway,Denver,Healthcare,Online,81,Accountant,0
TXN-004457,ACCT-1069,2025-07-08 16:36:48,89.08,Kroger,Chicago,Healthcare,ATM,32,Manager,0
TXN-004458,ACCT-1162,2025-06-06 19:27:23,553.1,CVS Pharmacy,Denver,Utilities,Mobile App,58,Retired,0
TXN-004459,ACCT-1139,2025-10-11 22:34:48,63.48,Target,Los Angeles,Gas,Online,40,Driver,0
TXN-004460,ACCT-1117,2025-09-24 21:10:32,232.85,Target,Houston,Healthcare,ATM,56,Teacher,0
TXN-004461,ACCT-1196,2025-05-18 14:49:56,607.54,Target,Los Angeles,Gas,In-Store,48,Freelancer,0
TXN-004462,ACCT-1063,2025-05-08 08:57:43,101.0,Airbnb,Austin,Groceries,In-Store,70,Driver,0
TXN-004463,ACCT-1058,2025-09-22 12:51:22,181.1,Amazon,San Diego,Education,Phone,36,Designer,0
TXN-004464,ACCT-1008,2025-04-11 12:19:37,62.65,Hilton,Nashville,Utilities,ATM,28,Retired,0
TXN-004465,ACCT-1193,2025-04-04 02:36:59,36.16,Target,San Diego,Gas,In-Store,42,Sales Rep,0
TXN-004466,ACCT-1138,2025-03-13 10:42:07,110.12,Best Buy,Miami,Dining,Online,29,Accountant,0
TXN-004467,ACCT-1172,2025-07-16 12:18:16,101.25,Amazon,Austin,Gas,In-Store,25,Nurse,0
TXN-004468,ACCT-1133,2025-11-12 10:08:02,88.22,Kroger,Nashville,Groceries,In-Store,19,Student,0
TXN-004469,ACCT-1087,2025-04-15 11:09:42,272.03,Lyft,Seattle,Dining,Online,61,Manager,0
TXN-004470,ACCT-1172,2025-02-22 16:19:39,46.14,Lyft,Austin,Travel,In-Store,25,Nurse,0
TXN-004471,ACCT-1150,2025-04-19 22:51:33,34.22,Hilton,Atlanta,Utilities,ATM,24,Manager,0
TXN-004472,ACCT-1179,2025-07-22 15:43:30,59.09,Best Buy,Nashville,Groceries,Mobile App,41,Engineer,0
TXN-004473,ACCT-1113,2025-01-12 19:26:48,62.46,Starbucks,Houston,Education,In-Store,41,Designer,0
TXN-004474,ACCT-1097,2025-04-10 16:19:28,498.37,Shell Gas,Los Angeles,Education,ATM,52,Teacher,0
TXN-004475,ACCT-1188,2025-12-14 13:00:52,6.82,Starbucks,New York,Transportation,Online,23,Sales Rep,0
TXN-004476,ACCT-1165,2025-06-05 23:27:44,28.08,Chevron,Phoenix,Transportation,In-Store,22,Accountant,0
TXN-004477,ACCT-1032,2025-02-10 08:40:20,118.3,Walgreens,Dallas,Utilities,Mobile App,34,Analyst,1
TXN-004478,ACCT-1032,2025-07-18 17:16:16,47.62,Airbnb,New York,Personal Care,Phone,34,Analyst,0
TXN-004479,ACCT-1107,2025-04-30 11:23:19,447.12,Lyft,Chicago,Shopping,Mobile App,63,Student,0
TXN-004480,ACCT-1051,2025-02-08 19:12:01,325.73,Airbnb,San Francisco,Shopping,Online,45,Chef,0
TXN-004481,ACCT-1166,2025-12-19 17:17:43,47.17,Hilton,Boston,Shopping,Mobile App,21,Designer,0
TXN-004482,ACCT-1057,2025-10-31 08:25:14,230.2,Home Depot,Seattle,Travel,In-Store,55,Analyst,0
TXN-004483,ACCT-1158,2025-07-11 14:01:52,45.58,Airbnb,Nashville,Travel,ATM,23,Doctor,0
TXN-004484,ACCT-1097,2025-05-05 16:05:35,267.46,DoorDash,Los Angeles,Dining,Mobile App,52,Teacher,0
TXN-004485,ACCT-1158,2025-06-02 23:05:22,35.9,Starbucks,Nashville,Gas,Mobile App,23,Doctor,0
TXN-004486,ACCT-1030,2025-12-13 16:14:35,436.39,Nike,Seattle,Transportation,ATM,48,Manager,0
TXN-004487,ACCT-1196,2025-11-12 22:25:25,222.13,Netflix,Los Angeles,Personal Care,Mobile App,48,Freelancer,0
TXN-004488,ACCT-1114,2025-05-05 09:53:45,27.75,Walmart,Detroit,Subscriptions,Online,65,Teacher,0
TXN-004489,ACCT-1199,2025-05-16 18:25:06,157.67,Nike,Houston,Subscriptions,Phone,33,Chef,0
TXN-004490,ACCT-1135,2025-10-19 14:34:35,297.11,Costco,Los Angeles,Entertainment,Mobile App,37,Driver,0
TXN-004491,ACCT-1052,2025-08-13 08:28:03,82.53,Shell Gas,Philadelphia,Subscriptions,Online,68,Accountant,0
TXN-004492,ACCT-1078,2025-02-19 20:38:54,33.75,Walgreens,Houston,Groceries,ATM,24,Freelancer,0
TXN-004493,ACCT-1054,2025-12-24 18:24:31,110.75,Amazon,Nashville,Healthcare,Online,80,Retired,0
TXN-004494,ACCT-1093,2025-10-19 12:45:56,25.03,McDonalds,Boston,Entertainment,Online,41,Chef,0
TXN-004495,ACCT-1021,2025-11-11 14:20:11,40.45,Walmart,Phoenix,Utilities,In-Store,28,Teacher,0
TXN-004496,ACCT-1159,2025-11-10 10:26:40,226.64,Marriott,San Diego,Travel,Online,39,Student,0
TXN-004497,ACCT-1152,2025-01-07 08:52:46,411.6,Walmart,San Francisco,Groceries,Online,58,Chef,0
TXN-004498,ACCT-1179,2025-06-16 21:03:09,40.9,Apple Store,Austin,Travel,In-Store,41,Engineer,0
TXN-004499,ACCT-1027,2025-10-11 08:32:20,385.59,Nike,Houston,Entertainment,In-Store,28,Sales Rep,0
TXN-004500,ACCT-1145,2025-04-18 22:03:06,40.99,Grubhub,Nashville,Education,Online,19,Chef,0
TXN-004501,ACCT-1139,2025-04-02 13:56:46,251.88,Target,Los Angeles,Shopping,In-Store,40,Driver,0
TXN-004502,ACCT-1090,2025-10-12 17:45:39,86.05,Safeway,Dallas,Gas,In-Store,24,Retired,0
TXN-004503,ACCT-1179,2025-12-03 13:23:35,15.8,Safeway,Nashville,Shopping,Phone,41,Engineer,0
TXN-004504,ACCT-1115,2025-07-22 19:30:38,118.79,McDonalds,San Francisco,Shopping,In-Store,40,Sales Rep,0
TXN-004505,ACCT-1192,2025-03-26 10:11:13,460.89,Apple Store,San Antonio,Shopping,Online,56,Designer,0
TXN-004506,ACCT-1100,2025-06-25 15:16:08,76.33,Marriott,Phoenix,Subscriptions,Online,80,Manager,0
TXN-004507,ACCT-1172,2025-07-28 18:59:22,36.72,Whole Foods,Austin,Shopping,Online,25,Nurse,0
TXN-004508,ACCT-1059,2025-05-28 14:15:00,341.6,Hilton,Atlanta,Shopping,Phone,48,Doctor,0
TXN-004509,ACCT-1131,2025-06-21 08:18:25,170.81,Walgreens,Philadelphia,Travel,Mobile App,34,Lawyer,0
TXN-004510,ACCT-1165,2025-10-03 21:06:04,12.78,Best Buy,San Antonio,Shopping,In-Store,22,Accountant,0
TXN-004511,ACCT-1147,2025-01-12 11:23:07,107.59,Walmart,Atlanta,Transportation,Mobile App,75,Doctor,0
TXN-004512,ACCT-1050,2025-02-17 09:50:34,95.31,Netflix,Minneapolis,Healthcare,Online,43,Designer,0
TXN-004513,ACCT-1095,2025-01-05 10:10:08,142.14,Shell Gas,San Diego,Subscriptions,Online,81,Doctor,0
TXN-004514,ACCT-1091,2025-12-03 19:57:00,41.98,Whole Foods,Philadelphia,Healthcare,Mobile App,36,Manager,0
TXN-004515,ACCT-1010,2025-02-28 16:11:48,11.32,Airbnb,Philadelphia,Personal Care,ATM,19,Sales Rep,0
TXN-004516,ACCT-1091,2025-02-21 16:51:38,171.79,Apple Store,Miami,Entertainment,Mobile App,36,Manager,0
TXN-004517,ACCT-1002,2025-01-05 08:14:00,150.8,McDonalds,New York,Gas,In-Store,26,Lawyer,0
TXN-004518,ACCT-1161,2025-02-01 19:21:33,141.24,Hilton,Detroit,Gas,In-Store,75,Engineer,0
TXN-004519,ACCT-1165,2025-11-03 12:30:50,23.88,Best Buy,San Antonio,Personal Care,Mobile App,22,Accountant,0
TXN-004520,ACCT-1051,2025-03-12 14:09:50,294.54,Safeway,Phoenix,Healthcare,In-Store,45,Chef,0
TXN-004521,ACCT-1197,2025-10-14 01:01:00,452.31,Trader Joes,Los Angeles,Entertainment,ATM,37,Student,1
TXN-004522,ACCT-1164,2025-01-11 01:34:21,68.88,Apple Store,Seattle,Education,ATM,36,Freelancer,0
TXN-004523,ACCT-1105,2025-06-01 15:39:30,353.57,United Airlines,New York,Dining,Mobile App,51,Teacher,0
TXN-004524,ACCT-1077,2025-10-25 13:39:12,43.22,Whole Foods,Seattle,Shopping,Mobile App,80,Driver,0
TXN-004525,ACCT-1069,2025-08-21 13:09:34,46.39,Shell Gas,Minneapolis,Travel,In-Store,32,Manager,0
TXN-004526,ACCT-1003,2025-03-06 16:14:51,267.24,Zara,Portland,Education,Phone,73,Engineer,0
TXN-004527,ACCT-1000,2025-02-23 09:33:22,129.35,Hilton,Phoenix,Utilities,ATM,59,Freelancer,0
TXN-004528,ACCT-1114,2025-01-15 00:53:48,73.25,Zara,Detroit,Utilities,In-Store,65,Teacher,0
TXN-004529,ACCT-1058,2025-08-01 12:32:06,231.81,Amazon,San Diego,Transportation,In-Store,36,Designer,0
TXN-004530,ACCT-1115,2025-09-05 15:06:27,206.47,Netflix,San Francisco,Entertainment,In-Store,40,Sales Rep,0
TXN-004531,ACCT-1108,2025-07-18 12:02:14,175.03,Hilton,San Francisco,Healthcare,Online,34,Retired,0
TXN-004532,ACCT-1130,2025-10-05 22:02:37,34.61,CVS Pharmacy,Detroit,Shopping,ATM,27,Lawyer,0
TXN-004533,ACCT-1089,2025-11-06 21:12:28,11.3,Delta Airlines,Dallas,Travel,Mobile App,18,Driver,0
TXN-004534,ACCT-1139,2025-01-19 07:01:15,108.76,Delta Airlines,Miami,Personal Care,Online,40,Driver,0
TXN-004535,ACCT-1198,2025-07-10 14:41:23,80.15,Delta Airlines,Houston,Education,In-Store,53,Engineer,0
TXN-004536,ACCT-1044,2025-05-29 17:08:30,59.05,Target,Portland,Transportation,Mobile App,73,Doctor,0
TXN-004537,ACCT-1176,2025-02-14 13:46:02,154.09,Netflix,Boston,Entertainment,ATM,62,Designer,0
TXN-004538,ACCT-1026,2025-05-21 10:17:50,113.42,Nike,New York,Education,In-Store,33,Lawyer,0
TXN-004539,ACCT-1070,2025-03-25 19:22:31,747.11,Walmart,Portland,Gas,In-Store,56,Student,0
TXN-004540,ACCT-1032,2025-09-01 12:16:55,228.65,Amazon,New York,Groceries,In-Store,34,Analyst,0
TXN-004541,ACCT-1165,2025-08-16 18:15:37,67.62,Best Buy,San Antonio,Shopping,Online,22,Accountant,0
TXN-004542,ACCT-1158,2025-12-07 07:25:16,41.91,Amazon,Nashville,Shopping,Online,23,Doctor,0
TXN-004543,ACCT-1171,2025-12-01 02:47:29,146.4,Costco,Boston,Utilities,In-Store,57,Doctor,0
TXN-004544,ACCT-1110,2025-05-14 08:27:15,33.29,United Airlines,San Diego,Gas,In-Store,34,Analyst,0
TXN-004545,ACCT-1135,2025-03-12 22:58:52,242.22,DoorDash,Los Angeles,Transportation,In-Store,37,Driver,0
TXN-004546,ACCT-1035,2025-03-16 10:06:50,169.83,Netflix,Houston,Transportation,Online,36,Chef,0
TXN-004547,ACCT-1193,2025-12-29 16:59:13,103.08,Spotify,San Diego,Education,ATM,42,Sales Rep,0
TXN-004548,ACCT-1156,2025-03-26 23:57:34,12.09,Zara,Atlanta,Education,Mobile App,18,Sales Rep,0
TXN-004549,ACCT-1167,2025-03-03 09:42:48,194.05,Amazon,Dallas,Travel,Phone,57,Manager,0
TXN-004550,ACCT-1055,2025-04-21 22:55:00,104.17,Zara,Denver,Groceries,In-Store,46,Nurse,0
TXN-004551,ACCT-1142,2025-06-18 17:25:29,101.79,McDonalds,Los Angeles,Personal Care,In-Store,36,Analyst,0
TXN-004552,ACCT-1195,2025-07-15 14:32:55,450.79,DoorDash,Houston,Personal Care,Phone,46,Retired,0
TXN-004553,ACCT-1183,2025-04-04 20:40:19,490.94,Uber,Portland,Dining,Mobile App,60,Retired,0
TXN-004554,ACCT-1087,2025-11-30 11:45:53,630.51,Delta Airlines,Seattle,Gas,In-Store,61,Manager,0
TXN-004555,ACCT-1083,2025-06-16 22:55:46,238.93,Starbucks,Detroit,Utilities,In-Store,52,Freelancer,0
TXN-004556,ACCT-1185,2025-01-06 16:27:38,384.69,Walmart,New York,Groceries,In-Store,58,Lawyer,0
TXN-004557,ACCT-1118,2025-10-10 18:46:28,79.2,Airbnb,Detroit,Education,Phone,37,Designer,0
TXN-004558,ACCT-1047,2025-09-07 13:24:12,78.98,Walmart,Dallas,Education,Mobile App,75,Sales Rep,0
TXN-004559,ACCT-1130,2025-03-06 10:07:44,34.02,CVS Pharmacy,Detroit,Travel,Mobile App,27,Lawyer,0
TXN-004560,ACCT-1033,2025-10-31 22:46:38,131.11,Hilton,Miami,Dining,Mobile App,43,Teacher,0
TXN-004561,ACCT-1002,2025-08-06 15:05:04,347.69,McDonalds,New York,Gas,Online,26,Lawyer,0
TXN-004562,ACCT-1115,2025-01-25 09:36:52,70.27,Netflix,San Francisco,Personal Care,Online,40,Sales Rep,0
TXN-004563,ACCT-1141,2025-04-26 13:23:05,123.03,CVS Pharmacy,San Diego,Entertainment,Mobile App,32,Engineer,0
TXN-004564,ACCT-1063,2025-08-27 08:20:22,132.69,Marriott,Austin,Subscriptions,Mobile App,70,Driver,0
TXN-004565,ACCT-1095,2025-01-18 13:12:01,78.31,Nike,San Diego,Dining,In-Store,81,Doctor,0
TXN-004566,ACCT-1055,2025-04-06 11:15:57,193.2,Zara,Denver,Shopping,Online,46,Nurse,0
TXN-004567,ACCT-1108,2025-12-26 09:23:42,278.61,Walgreens,San Francisco,Healthcare,Online,34,Retired,0
TXN-004568,ACCT-1110,2025-11-10 17:17:03,101.61,Safeway,San Francisco,Transportation,ATM,34,Analyst,0
TXN-004569,ACCT-1028,2025-06-06 12:22:26,79.78,Shell Gas,Seattle,Entertainment,ATM,23,Freelancer,0
TXN-004570,ACCT-1099,2025-04-10 17:18:41,109.7,Airbnb,Detroit,Gas,Mobile App,32,Sales Rep,0
TXN-004571,ACCT-1185,2025-05-31 12:50:20,159.35,Whole Foods,New York,Education,Mobile App,58,Lawyer,0
TXN-004572,ACCT-1183,2025-08-18 09:26:26,202.04,Hilton,Portland,Utilities,Online,60,Retired,0
TXN-004573,ACCT-1073,2025-06-10 22:54:50,169.48,Uber,Miami,Subscriptions,Online,34,Analyst,0
TXN-004574,ACCT-1018,2025-04-06 13:24:54,70.86,Lyft,Seattle,Utilities,In-Store,28,Retired,0
TXN-004575,ACCT-1148,2025-05-21 23:08:47,29.96,United Airlines,Detroit,Subscriptions,In-Store,23,Chef,0
TXN-004576,ACCT-1176,2025-10-05 09:22:21,231.79,Apple Store,Boston,Travel,Online,62,Designer,0
TXN-004577,ACCT-1145,2025-09-09 09:49:07,98.43,Whole Foods,Nashville,Utilities,Mobile App,19,Chef,0
TXN-004578,ACCT-1100,2025-03-07 05:08:28,75.95,Marriott,Phoenix,Shopping,Online,80,Manager,0
TXN-004579,ACCT-1112,2025-06-11 09:05:54,19.98,Zara,San Antonio,Utilities,Online,23,Sales Rep,0
TXN-004580,ACCT-1071,2025-08-09 07:50:17,81.92,Best Buy,Nashville,Shopping,Mobile App,42,Analyst,0
TXN-004581,ACCT-1058,2025-07-31 12:30:04,382.37,Amazon,San Diego,Gas,Mobile App,36,Designer,0
TXN-004582,ACCT-1063,2025-04-15 13:09:19,66.54,Airbnb,New York,Dining,Online,70,Driver,0
TXN-004583,ACCT-1100,2025-04-15 08:30:25,131.0,Kroger,Phoenix,Education,In-Store,80,Manager,0
TXN-004584,ACCT-1047,2025-10-23 14:56:22,55.78,Nike,Dallas,Dining,Online,75,Sales Rep,0
TXN-004585,ACCT-1142,2025-05-04 05:06:05,96.62,McDonalds,Los Angeles,Dining,Online,36,Analyst,0
TXN-004586,ACCT-1096,2025-01-10 21:34:58,127.85,Shell Gas,New York,Subscriptions,In-Store,30,Chef,0
TXN-004587,ACCT-1092,2025-08-23 10:17:25,157.08,Safeway,Minneapolis,Shopping,Phone,32,Accountant,0
TXN-004588,ACCT-1185,2025-11-17 09:52:17,144.71,Amazon,New York,Personal Care,Mobile App,58,Lawyer,0
TXN-004589,ACCT-1133,2025-09-01 17:16:27,26.59,Trader Joes,Nashville,Gas,Mobile App,19,Student,0
TXN-004590,ACCT-1137,2025-05-26 13:12:42,96.69,Uber,Dallas,Subscriptions,Online,41,Lawyer,0
TXN-004591,ACCT-1138,2025-10-26 09:39:43,181.95,Starbucks,Miami,Shopping,Phone,29,Accountant,0
TXN-004592,ACCT-1181,2025-11-16 15:21:41,125.76,Chevron,Portland,Shopping,Online,48,Manager,0
TXN-004593,ACCT-1136,2025-02-23 13:23:39,359.99,Walgreens,Boston,Groceries,Mobile App,60,Sales Rep,0
TXN-004594,ACCT-1005,2025-06-01 12:49:31,26.18,Walmart,Phoenix,Transportation,ATM,24,Student,0
TXN-004595,ACCT-1166,2025-02-02 10:03:00,85.39,Airbnb,Boston,Transportation,Online,21,Designer,0
TXN-004596,ACCT-1180,2025-02-20 11:10:36,208.47,Safeway,Detroit,Entertainment,Online,45,Freelancer,0
TXN-004597,ACCT-1001,2025-10-18 12:04:42,727.5,United Airlines,Minneapolis,Healthcare,Online,64,Nurse,0
TXN-004598,ACCT-1083,2025-12-03 09:17:31,738.05,Starbucks,Detroit,Utilities,Online,52,Freelancer,0
TXN-004599,ACCT-1011,2025-11-14 12:41:59,162.49,Apple Store,Atlanta,Dining,In-Store,47,Doctor,0
TXN-004600,ACCT-1169,2025-01-20 14:14:17,126.0,Amazon,Chicago,Gas,ATM,36,Designer,0
TXN-004601,ACCT-1187,2025-10-12 09:43:03,43.71,Delta Airlines,San Antonio,Personal Care,In-Store,28,Freelancer,0
TXN-004602,ACCT-1063,2025-05-22 20:00:40,127.53,Walmart,Austin,Dining,ATM,70,Driver,0
TXN-004603,ACCT-1068,2025-12-01 13:29:06,24.0,Trader Joes,Atlanta,Healthcare,In-Store,22,Accountant,0
TXN-004604,ACCT-1036,2025-03-20 10:48:22,54.51,DoorDash,Miami,Education,Online,21,Sales Rep,0
TXN-004605,ACCT-1058,2025-09-01 21:09:58,160.61,Nike,San Diego,Healthcare,Mobile App,36,Designer,0
TXN-004606,ACCT-1158,2025-02-21 17:47:30,54.45,Best Buy,Nashville,Transportation,Online,23,Doctor,0
TXN-004607,ACCT-1052,2025-11-23 07:43:48,48.96,Grubhub,Philadelphia,Travel,Online,68,Accountant,0
TXN-004608,ACCT-1090,2025-11-09 14:36:06,90.3,Chevron,Dallas,Shopping,In-Store,24,Retired,0
TXN-004609,ACCT-1159,2025-01-24 14:57:17,155.56,Marriott,San Diego,Transportation,Mobile App,39,Student,0
TXN-004610,ACCT-1005,2025-12-22 11:47:35,38.16,CVS Pharmacy,Phoenix,Subscriptions,Mobile App,24,Student,0
TXN-004611,ACCT-1122,2025-11-09 12:45:44,361.05,Lyft,Portland,Shopping,In-Store,34,Retired,0
TXN-004612,ACCT-1140,2025-10-31 22:43:46,27.42,Costco,Detroit,Travel,Mobile App,24,Teacher,0
TXN-004613,ACCT-1008,2025-02-07 18:29:36,284.93,Uber,Nashville,Healthcare,Mobile App,28,Retired,0
TXN-004614,ACCT-1157,2025-02-17 16:24:51,332.84,Trader Joes,San Diego,Shopping,In-Store,57,Lawyer,0
TXN-004615,ACCT-1002,2025-02-02 10:29:05,138.6,Starbucks,New York,Utilities,In-Store,26,Lawyer,0
TXN-004616,ACCT-1140,2025-06-02 17:22:21,34.9,Kroger,Detroit,Entertainment,Mobile App,24,Teacher,0
TXN-004617,ACCT-1153,2025-12-27 13:32:08,97.41,McDonalds,Los Angeles,Dining,Mobile App,33,Lawyer,0
TXN-004618,ACCT-1079,2025-04-25 07:34:08,296.23,DoorDash,Phoenix,Education,In-Store,52,Retired,0
TXN-004619,ACCT-1043,2025-01-19 10:24:16,343.34,McDonalds,Atlanta,Utilities,In-Store,34,Manager,0
TXN-004620,ACCT-1008,2025-10-18 08:44:45,215.57,Shell Gas,Nashville,Subscriptions,ATM,28,Retired,0
TXN-004621,ACCT-1092,2025-07-29 15:07:32,118.7,Best Buy,Minneapolis,Education,Mobile App,32,Accountant,0
TXN-004622,ACCT-1025,2025-02-27 21:07:05,226.39,CVS Pharmacy,New York,Utilities,Online,43,Chef,0
TXN-004623,ACCT-1053,2025-02-26 21:08:36,32.51,Shell Gas,Philadelphia,Groceries,In-Store,20,Student,0
TXN-004624,ACCT-1180,2025-03-29 21:21:39,305.69,Zara,Detroit,Healthcare,Mobile App,45,Freelancer,0
TXN-004625,ACCT-1027,2025-08-01 19:47:50,281.98,Uber,Houston,Utilities,Online,28,Sales Rep,0
TXN-004626,ACCT-1005,2025-01-01 22:35:01,20.79,Whole Foods,Phoenix,Groceries,Online,24,Student,0
TXN-004627,ACCT-1165,2025-01-13 11:19:27,16.48,Safeway,San Antonio,Groceries,Mobile App,22,Accountant,0
TXN-004628,ACCT-1180,2025-07-22 11:10:33,88.29,Zara,Detroit,Education,Mobile App,45,Freelancer,0
TXN-004629,ACCT-1010,2025-03-07 16:37:49,10.53,Home Depot,Philadelphia,Dining,ATM,19,Sales Rep,0
TXN-004630,ACCT-1005,2025-06-08 19:41:59,20.34,CVS Pharmacy,Phoenix,Entertainment,Mobile App,24,Student,0
TXN-004631,ACCT-1171,2025-09-09 07:15:27,310.33,Trader Joes,Seattle,Groceries,In-Store,57,Doctor,0
TXN-004632,ACCT-1117,2025-06-16 12:34:30,298.42,Uber,Houston,Groceries,Online,56,Teacher,0
TXN-004633,ACCT-1042,2025-03-26 11:06:57,67.78,Best Buy,Seattle,Entertainment,Online,50,Sales Rep,0
TXN-004634,ACCT-1041,2025-01-27 09:16:01,72.23,Shell Gas,Los Angeles,Shopping,In-Store,44,Designer,0
TXN-004635,ACCT-1036,2025-01-29 14:23:15,32.34,DoorDash,Miami,Travel,Mobile App,21,Sales Rep,0
TXN-004636,ACCT-1196,2025-01-10 11:26:55,399.34,Uber,Los Angeles,Entertainment,Phone,48,Freelancer,0
TXN-004637,ACCT-1080,2025-01-06 13:56:44,135.17,Costco,Detroit,Personal Care,Online,79,Freelancer,0
TXN-004638,ACCT-1053,2025-09-12 16:41:28,47.53,Nike,Chicago,Shopping,Mobile App,20,Student,0
TXN-004639,ACCT-1147,2025-07-25 16:03:10,46.15,Lyft,Atlanta,Education,Online,75,Doctor,0
TXN-004640,ACCT-1058,2025-01-25 16:32:36,221.58,Amazon,San Diego,Travel,Online,36,Designer,0
TXN-004641,ACCT-1040,2025-03-13 13:05:59,183.68,Safeway,Miami,Entertainment,ATM,29,Driver,0
TXN-004642,ACCT-1031,2025-02-15 15:06:34,50.07,DoorDash,San Antonio,Transportation,Mobile App,71,Doctor,0
TXN-004643,ACCT-1100,2025-06-04 17:12:53,67.27,McDonalds,Phoenix,Subscriptions,Mobile App,80,Manager,0
TXN-004644,ACCT-1180,2025-10-08 09:44:28,218.48,Safeway,Detroit,Transportation,In-Store,45,Freelancer,0
TXN-004645,ACCT-1006,2025-12-18 15:18:51,179.13,Uber,Atlanta,Gas,Mobile App,55,Nurse,0
TXN-004646,ACCT-1187,2025-05-28 10:04:44,141.75,McDonalds,San Antonio,Healthcare,ATM,28,Freelancer,0
TXN-004647,ACCT-1044,2025-10-25 10:08:10,114.83,Uber,Portland,Transportation,Mobile App,73,Doctor,0
TXN-004648,ACCT-1085,2025-05-12 08:30:18,185.86,Hilton,Dallas,Healthcare,Mobile App,38,Student,0
TXN-004649,ACCT-1036,2025-12-26 14:13:16,24.42,Spotify,Miami,Travel,Mobile App,21,Sales Rep,0
TXN-004650,ACCT-1077,2025-11-05 10:51:00,671.56,Whole Foods,Seattle,Travel,Online,80,Driver,1
TXN-004651,ACCT-1034,2025-11-03 16:29:52,44.81,Zara,Philadelphia,Entertainment,In-Store,41,Lawyer,0
TXN-004652,ACCT-1051,2025-04-30 08:43:00,204.57,Airbnb,Phoenix,Utilities,ATM,45,Chef,0
TXN-004653,ACCT-1174,2025-06-05 19:27:23,194.7,Trader Joes,San Francisco,Shopping,ATM,34,Retired,0
TXN-004654,ACCT-1103,2025-12-14 11:46:43,21.67,Kroger,Houston,Dining,ATM,23,Sales Rep,0
TXN-004655,ACCT-1012,2025-07-28 07:55:28,37.64,Whole Foods,San Francisco,Travel,Online,22,Teacher,0
TXN-004656,ACCT-1152,2025-03-26 10:23:23,34.64,Spotify,Minneapolis,Shopping,Online,58,Chef,1
TXN-004657,ACCT-1149,2025-12-20 07:16:38,155.16,Apple Store,Los Angeles,Personal Care,Online,41,Sales Rep,0
TXN-004658,ACCT-1116,2025-10-17 07:59:34,30.37,Walgreens,San Antonio,Healthcare,In-Store,19,Lawyer,0
TXN-004659,ACCT-1134,2025-02-14 10:31:06,605.06,Walmart,Miami,Subscriptions,Online,56,Student,0
TXN-004660,ACCT-1139,2025-04-07 14:21:37,418.83,Nike,Denver,Entertainment,In-Store,40,Driver,0
TXN-004661,ACCT-1123,2025-07-19 10:33:30,54.77,CVS Pharmacy,San Diego,Dining,Phone,37,Lawyer,0
TXN-004662,ACCT-1034,2025-12-05 18:52:19,216.4,United Airlines,Philadelphia,Groceries,Online,41,Lawyer,0
TXN-004663,ACCT-1166,2025-04-25 10:41:57,41.72,Hilton,Denver,Dining,In-Store,21,Designer,0
TXN-004664,ACCT-1127,2025-01-07 11:51:51,116.93,Chevron,Denver,Dining,Online,32,Nurse,0
TXN-004665,ACCT-1043,2025-01-02 10:56:17,160.93,Amazon,Atlanta,Shopping,Online,34,Manager,0
TXN-004666,ACCT-1170,2025-05-27 15:33:26,346.99,Costco,Austin,Subscriptions,Mobile App,60,Lawyer,0
TXN-004667,ACCT-1173,2025-03-21 12:48:34,130.25,Lyft,Portland,Healthcare,Mobile App,44,Retired,0
TXN-004668,ACCT-1160,2025-12-28 23:02:04,63.99,Grubhub,Denver,Utilities,Mobile App,40,Nurse,0
TXN-004669,ACCT-1040,2025-03-02 09:09:34,242.57,Chevron,Miami,Transportation,Online,29,Driver,0
TXN-004670,ACCT-1091,2025-10-03 12:15:58,110.17,Apple Store,Miami,Entertainment,ATM,36,Manager,0
TXN-004671,ACCT-1023,2025-01-14 14:55:43,72.18,Marriott,Dallas,Travel,Phone,39,Retired,0
TXN-004672,ACCT-1011,2025-04-22 16:46:11,418.49,Hilton,Los Angeles,Healthcare,Online,47,Doctor,0
TXN-004673,ACCT-1193,2025-01-16 15:25:55,43.38,Whole Foods,San Diego,Dining,In-Store,42,Sales Rep,0
TXN-004674,ACCT-1089,2025-11-09 14:06:44,47.25,Whole Foods,Dallas,Groceries,Online,18,Driver,0
TXN-004675,ACCT-1020,2025-10-15 14:02:34,268.92,Kroger,Detroit,Travel,Phone,36,Engineer,0
TXN-004676,ACCT-1051,2025-02-19 13:38:51,714.01,Hilton,Phoenix,Entertainment,In-Store,45,Chef,0
TXN-004677,ACCT-1159,2025-06-07 19:18:27,225.98,Marriott,San Diego,Gas,Mobile App,39,Student,0
TXN-004678,ACCT-1080,2025-05-12 13:03:48,68.46,Grubhub,Seattle,Shopping,In-Store,79,Freelancer,0
TXN-004679,ACCT-1171,2025-09-03 13:08:06,166.33,Trader Joes,Boston,Shopping,Mobile App,57,Doctor,0
TXN-004680,ACCT-1101,2025-10-21 10:14:07,36.21,Amazon,Minneapolis,Groceries,In-Store,24,Doctor,0
TXN-004681,ACCT-1183,2025-07-30 09:12:15,176.03,Nike,Portland,Subscriptions,Mobile App,60,Retired,0
TXN-004682,ACCT-1001,2025-06-09 10:51:09,195.85,Lyft,Minneapolis,Education,In-Store,64,Nurse,0
TXN-004683,ACCT-1116,2025-12-28 07:08:45,44.47,Walgreens,San Francisco,Entertainment,In-Store,19,Lawyer,0
TXN-004684,ACCT-1120,2025-11-28 14:30:56,445.89,Amazon,Minneapolis,Utilities,Mobile App,54,Teacher,0
TXN-004685,ACCT-1124,2025-11-27 21:44:21,216.53,Amazon,Miami,Travel,Mobile App,33,Analyst,0
TXN-004686,ACCT-1147,2025-12-25 12:32:50,63.35,Walmart,Atlanta,Transportation,ATM,75,Doctor,0
TXN-004687,ACCT-1193,2025-05-13 23:13:59,74.95,Spotify,Austin,Gas,Online,42,Sales Rep,0
TXN-004688,ACCT-1080,2025-04-24 09:42:06,49.31,Best Buy,Boston,Dining,Phone,79,Freelancer,0
TXN-004689,ACCT-1103,2025-06-05 15:38:02,22.51,Kroger,Houston,Travel,Mobile App,23,Sales Rep,0
TXN-004690,ACCT-1143,2025-12-14 20:54:33,138.69,Nike,Seattle,Travel,Online,76,Retired,0
TXN-004691,ACCT-1009,2025-04-05 18:47:51,97.64,Costco,Austin,Transportation,Online,69,Analyst,0
TXN-004692,ACCT-1104,2025-06-12 20:50:56,63.78,Walmart,Dallas,Utilities,In-Store,24,Engineer,0
TXN-004693,ACCT-1034,2025-04-07 18:01:25,178.49,Uber,Phoenix,Travel,Online,41,Lawyer,1
TXN-004694,ACCT-1143,2025-06-22 14:18:21,81.03,Walmart,Minneapolis,Healthcare,Online,76,Retired,0
TXN-004695,ACCT-1175,2025-12-25 22:24:55,305.17,Hilton,Los Angeles,Shopping,Online,59,Student,0
TXN-004696,ACCT-1165,2025-11-25 18:01:35,36.54,Safeway,San Antonio,Utilities,Mobile App,22,Accountant,0
TXN-004697,ACCT-1127,2025-07-16 17:47:19,98.69,Uber,San Antonio,Dining,Online,32,Nurse,0
TXN-004698,ACCT-1153,2025-05-07 11:33:45,54.14,Zara,Los Angeles,Education,Mobile App,33,Lawyer,0
TXN-004699,ACCT-1119,2025-09-25 18:17:27,270.27,Hilton,Philadelphia,Travel,Mobile App,41,Designer,1
TXN-004700,ACCT-1014,2025-04-24 12:13:08,249.12,McDonalds,Nashville,Utilities,Online,54,Chef,0
TXN-004701,ACCT-1014,2025-01-19 11:37:14,132.9,Target,Nashville,Travel,Mobile App,54,Chef,0
TXN-004702,ACCT-1109,2025-10-09 12:48:20,51.39,Best Buy,Boston,Shopping,In-Store,42,Student,0
TXN-004703,ACCT-1162,2025-12-02 17:19:27,459.14,Marriott,Denver,Shopping,Phone,58,Retired,0
TXN-004704,ACCT-1030,2025-07-23 13:57:12,229.71,Nike,Seattle,Subscriptions,Mobile App,48,Manager,0
TXN-004705,ACCT-1027,2025-06-07 22:01:57,92.53,Nike,Detroit,Subscriptions,ATM,28,Sales Rep,0
TXN-004706,ACCT-1137,2025-01-16 18:25:15,158.24,Marriott,New York,Subscriptions,ATM,41,Lawyer,0
TXN-004707,ACCT-1112,2025-08-30 04:36:40,38.55,Target,San Antonio,Education,Online,23,Sales Rep,0
TXN-004708,ACCT-1056,2025-02-18 13:46:37,74.36,Hilton,San Diego,Travel,ATM,39,Freelancer,0
TXN-004709,ACCT-1078,2025-12-11 13:00:55,35.71,Nike,Houston,Groceries,Online,24,Freelancer,0
TXN-004710,ACCT-1084,2025-07-31 11:40:16,42.69,CVS Pharmacy,Dallas,Utilities,In-Store,24,Engineer,0
TXN-004711,ACCT-1000,2025-04-24 11:52:12,252.93,United Airlines,Portland,Subscriptions,In-Store,59,Freelancer,0
TXN-004712,ACCT-1167,2025-10-22 19:47:50,135.95,Hilton,Seattle,Utilities,Online,57,Manager,0
TXN-004713,ACCT-1027,2025-11-03 17:41:46,55.9,Nike,Houston,Travel,In-Store,28,Sales Rep,0
TXN-004714,ACCT-1002,2025-09-16 15:47:54,320.23,McDonalds,New York,Healthcare,In-Store,26,Lawyer,0
TXN-004715,ACCT-1122,2025-03-16 12:43:00,1159.96,UnknownVendor_X9,Phnom Penh,Shopping,Online,34,Retired,1
TXN-004716,ACCT-1137,2025-03-14 11:54:58,78.33,Walmart,Miami,Personal Care,In-Store,41,Lawyer,0
TXN-004717,ACCT-1085,2025-03-08 13:00:57,299.08,Whole Foods,Dallas,Healthcare,Mobile App,38,Student,0
TXN-004718,ACCT-1144,2025-04-12 11:57:43,125.88,Costco,San Antonio,Entertainment,Online,27,Chef,0
TXN-004719,ACCT-1056,2025-06-22 00:55:04,123.15,Hilton,Austin,Gas,ATM,39,Freelancer,0
TXN-004720,ACCT-1109,2025-09-30 08:09:08,51.58,Best Buy,Nashville,Groceries,ATM,42,Student,0
TXN-004721,ACCT-1116,2025-11-21 10:31:03,25.53,Walgreens,San Francisco,Dining,In-Store,19,Lawyer,0
TXN-004722,ACCT-1043,2025-03-02 20:26:00,1500.0,Costco,Tirana,Travel,ATM,34,Manager,1
TXN-004723,ACCT-1026,2025-04-18 07:44:36,121.19,Airbnb,Boston,Subscriptions,Online,33,Lawyer,0
TXN-004724,ACCT-1136,2025-06-10 07:11:28,509.55,Starbucks,Boston,Entertainment,In-Store,60,Sales Rep,0
TXN-004725,ACCT-1099,2025-11-15 03:26:08,101.77,Airbnb,Detroit,Healthcare,Mobile App,32,Sales Rep,0
TXN-004726,ACCT-1068,2025-11-28 20:43:35,12.44,Trader Joes,Atlanta,Dining,In-Store,22,Accountant,0
TXN-004727,ACCT-1046,2025-03-15 14:50:34,96.84,Target,Atlanta,Subscriptions,In-Store,27,Driver,0
TXN-004728,ACCT-1086,2025-06-03 12:32:19,32.03,Zara,Philadelphia,Personal Care,Online,20,Manager,0
TXN-004729,ACCT-1047,2025-01-15 14:39:29,51.35,Home Depot,Dallas,Groceries,Online,75,Sales Rep,0
TXN-004730,ACCT-1042,2025-09-02 15:34:09,106.48,Shell Gas,Seattle,Personal Care,Mobile App,50,Sales Rep,0
TXN-004731,ACCT-1045,2025-03-27 10:22:35,40.02,Shell Gas,Philadelphia,Shopping,In-Store,66,Chef,0
TXN-004732,ACCT-1118,2025-08-04 11:22:00,1073.53,Safeway,Detroit,Travel,Online,37,Designer,1
TXN-004733,ACCT-1120,2025-08-10 10:34:34,622.71,Delta Airlines,Minneapolis,Shopping,Online,54,Teacher,0
TXN-004734,ACCT-1007,2025-12-02 16:03:34,186.6,Netflix,Atlanta,Personal Care,Online,66,Sales Rep,0
TXN-004735,ACCT-1102,2025-09-02 18:11:31,61.55,Shell Gas,Miami,Gas,Online,30,Accountant,0
TXN-004736,ACCT-1066,2025-09-27 11:23:26,155.97,Home Depot,Atlanta,Education,Mobile App,38,Teacher,0
TXN-004737,ACCT-1134,2025-04-28 07:07:02,204.85,Walmart,Miami,Travel,Phone,56,Student,0
TXN-004738,ACCT-1150,2025-10-15 01:42:56,9.12,Starbucks,Atlanta,Gas,Mobile App,24,Manager,0
TXN-004739,ACCT-1014,2025-02-16 06:46:52,613.94,Marriott,Nashville,Subscriptions,In-Store,54,Chef,0
TXN-004740,ACCT-1128,2025-08-08 15:49:01,32.89,Chevron,Denver,Dining,ATM,21,Engineer,0
TXN-004741,ACCT-1172,2025-06-14 12:53:27,51.38,McDonalds,Austin,Personal Care,In-Store,25,Nurse,0
TXN-004742,ACCT-1107,2025-09-29 23:46:00,717.7,Airbnb,Austin,Travel,ATM,63,Student,0
TXN-004743,ACCT-1090,2025-07-14 19:18:39,38.98,Walmart,Los Angeles,Education,In-Store,24,Retired,0
TXN-004744,ACCT-1166,2025-05-30 10:51:15,18.15,Home Depot,Boston,Travel,In-Store,21,Designer,0
TXN-004745,ACCT-1086,2025-12-02 10:59:54,38.41,Zara,Philadelphia,Healthcare,In-Store,20,Manager,0
TXN-004746,ACCT-1049,2025-06-07 21:46:00,2500.0,Shell Gas,Tirana,Shopping,Online,48,Accountant,1
TXN-004747,ACCT-1056,2025-06-29 14:16:25,54.72,Walmart,Philadelphia,Entertainment,Online,39,Freelancer,0
TXN-004748,ACCT-1184,2025-06-14 10:33:21,138.07,Home Depot,Seattle,Entertainment,Online,30,Analyst,0
TXN-004749,ACCT-1126,2025-03-27 20:23:44,295.98,Trader Joes,Portland,Education,Online,30,Driver,0
TXN-004750,ACCT-1148,2025-03-28 18:52:53,41.78,Apple Store,Nashville,Gas,Online,23,Chef,0
TXN-004751,ACCT-1175,2025-01-19 13:46:24,1047.63,Netflix,Los Angeles,Transportation,In-Store,59,Student,0
TXN-004752,ACCT-1138,2025-10-08 11:24:09,26.97,Amazon,Miami,Travel,In-Store,29,Accountant,0
TXN-004753,ACCT-1029,2025-04-19 08:53:30,76.91,Zara,New York,Entertainment,Online,32,Freelancer,0
TXN-004754,ACCT-1115,2025-03-14 10:18:13,137.75,Netflix,San Francisco,Healthcare,In-Store,40,Sales Rep,0
TXN-004755,ACCT-1091,2025-08-15 15:11:57,148.68,McDonalds,Miami,Shopping,Phone,36,Manager,0
TXN-004756,ACCT-1141,2025-07-29 14:58:00,500.0,Nike,Dallas,Utilities,Phone,32,Engineer,1
TXN-004757,ACCT-1066,2025-08-25 23:31:14,227.0,Hilton,Houston,Gas,Online,38,Teacher,0
TXN-004758,ACCT-1180,2025-11-13 10:18:37,145.23,Safeway,Detroit,Utilities,In-Store,45,Freelancer,0
TXN-004759,ACCT-1092,2025-12-01 11:02:32,197.72,Shell Gas,Minneapolis,Utilities,Online,32,Accountant,0
TXN-004760,ACCT-1174,2025-10-03 21:36:12,143.27,Costco,San Francisco,Subscriptions,Mobile App,34,Retired,0
TXN-004761,ACCT-1126,2025-05-25 09:21:43,197.11,Walmart,Seattle,Utilities,Online,30,Driver,0
TXN-004762,ACCT-1191,2025-06-05 12:11:27,372.45,Delta Airlines,San Francisco,Travel,Online,61,Designer,0
TXN-004763,ACCT-1007,2025-12-19 11:27:36,39.09,Whole Foods,Atlanta,Entertainment,Online,66,Sales Rep,0
TXN-004764,ACCT-1129,2025-07-29 18:34:16,27.82,Hilton,Chicago,Entertainment,Phone,32,Sales Rep,0
TXN-004765,ACCT-1120,2025-01-13 18:50:59,216.12,Safeway,Nashville,Healthcare,In-Store,54,Teacher,0
TXN-004766,ACCT-1037,2025-04-06 13:59:03,74.5,Zara,Atlanta,Gas,ATM,18,Designer,0
TXN-004767,ACCT-1080,2025-12-16 08:33:28,33.08,Netflix,Seattle,Dining,Mobile App,79,Freelancer,0
TXN-004768,ACCT-1085,2025-11-27 12:30:19,137.93,Hilton,Dallas,Gas,Online,38,Student,0
TXN-004769,ACCT-1062,2025-09-25 20:18:32,398.06,Grubhub,Chicago,Utilities,ATM,52,Student,0
TXN-004770,ACCT-1157,2025-09-20 14:07:50,196.68,Amazon,San Diego,Subscriptions,ATM,57,Lawyer,0
TXN-004771,ACCT-1108,2025-08-31 14:46:04,265.49,CVS Pharmacy,San Francisco,Personal Care,In-Store,34,Retired,0
TXN-004772,ACCT-1115,2025-04-22 10:10:26,84.76,Grubhub,San Francisco,Travel,Online,40,Sales Rep,0
TXN-004773,ACCT-1174,2025-08-07 18:32:59,178.51,Apple Store,San Francisco,Shopping,In-Store,34,Retired,0
TXN-004774,ACCT-1106,2025-05-02 09:33:54,28.41,Hilton,Seattle,Utilities,Online,23,Retired,0
TXN-004775,ACCT-1142,2025-10-13 15:11:16,29.58,Safeway,Los Angeles,Education,Online,36,Analyst,0
TXN-004776,ACCT-1081,2025-11-03 20:15:14,87.01,Spotify,Denver,Entertainment,Online,77,Accountant,0
TXN-004777,ACCT-1070,2025-04-19 11:38:32,218.43,Hilton,Miami,Personal Care,Mobile App,56,Student,0
TXN-004778,ACCT-1083,2025-12-23 08:01:00,260.82,CryptoXchange Ltd,Phnom Penh,Travel,Online,52,Freelancer,1
TXN-004779,ACCT-1181,2025-07-05 13:18:16,111.97,CVS Pharmacy,Detroit,Entertainment,Online,48,Manager,0
TXN-004780,ACCT-1170,2025-01-27 12:24:42,510.8,Costco,San Francisco,Groceries,Mobile App,60,Lawyer,0
TXN-004781,ACCT-1177,2025-05-04 10:08:54,17.22,Trader Joes,Portland,Travel,Online,24,Teacher,0
TXN-004782,ACCT-1008,2025-02-23 11:59:46,160.4,Chevron,Nashville,Healthcare,In-Store,28,Retired,0
TXN-004783,ACCT-1040,2025-06-08 13:17:09,141.99,Safeway,Miami,Dining,Online,29,Driver,0
TXN-004784,ACCT-1150,2025-09-03 17:32:40,38.37,Starbucks,Atlanta,Education,In-Store,24,Manager,0
TXN-004785,ACCT-1141,2025-12-26 12:35:50,119.02,Airbnb,San Diego,Personal Care,Online,32,Engineer,0
TXN-004786,ACCT-1078,2025-06-04 13:06:23,36.02,Whole Foods,Houston,Gas,In-Store,24,Freelancer,0
TXN-004787,ACCT-1194,2025-08-16 15:20:36,116.84,DoorDash,San Diego,Education,In-Store,84,Lawyer,0
TXN-004788,ACCT-1158,2025-07-03 17:58:02,21.11,Amazon,Nashville,Personal Care,In-Store,23,Doctor,0
TXN-004789,ACCT-1086,2025-01-22 09:27:55,32.91,Hilton,Detroit,Personal Care,Online,20,Manager,0
TXN-004790,ACCT-1123,2025-07-13 19:02:24,32.05,Marriott,San Diego,Entertainment,Online,37,Lawyer,0
TXN-004791,ACCT-1164,2025-06-26 10:28:06,72.12,McDonalds,New York,Shopping,Phone,36,Freelancer,0
TXN-004792,ACCT-1132,2025-09-01 14:37:49,237.08,Grubhub,Miami,Travel,Phone,54,Manager,0
TXN-004793,ACCT-1008,2025-10-12 16:35:19,101.77,Shell Gas,Nashville,Healthcare,In-Store,28,Retired,0
TXN-004794,ACCT-1011,2025-12-04 08:21:50,743.52,Netflix,Atlanta,Personal Care,ATM,47,Doctor,0
TXN-004795,ACCT-1139,2025-02-01 20:04:39,112.64,Target,Los Angeles,Gas,ATM,40,Driver,0
TXN-004796,ACCT-1185,2025-08-14 11:09:18,127.8,Whole Foods,New York,Healthcare,Mobile App,58,Lawyer,0
TXN-004797,ACCT-1072,2025-02-26 17:48:51,491.28,Whole Foods,Seattle,Travel,ATM,53,Analyst,0
TXN-004798,ACCT-1156,2025-09-16 16:35:46,14.4,Amazon,Atlanta,Subscriptions,In-Store,18,Sales Rep,0
TXN-004799,ACCT-1173,2025-07-18 11:14:29,86.86,Best Buy,Chicago,Personal Care,In-Store,44,Retired,0
TXN-004800,ACCT-1136,2025-12-21 12:17:19,241.82,Grubhub,Boston,Transportation,Online,60,Sales Rep,0
TXN-004801,ACCT-1196,2025-01-23 14:33:37,454.48,Walmart,Los Angeles,Healthcare,ATM,48,Freelancer,0
TXN-004802,ACCT-1094,2025-03-01 13:48:47,961.21,Hilton,San Francisco,Transportation,Mobile App,48,Driver,0
TXN-004803,ACCT-1013,2025-06-20 15:19:41,90.64,DoorDash,Houston,Transportation,Online,45,Driver,0
TXN-004804,ACCT-1056,2025-03-21 08:57:24,123.82,Shell Gas,Minneapolis,Education,Phone,39,Freelancer,0
TXN-004805,ACCT-1039,2025-07-19 17:20:36,138.41,United Airlines,Philadelphia,Education,ATM,82,Accountant,0
TXN-004806,ACCT-1108,2025-08-23 11:41:55,241.89,Trader Joes,San Francisco,Groceries,Online,34,Retired,0
TXN-004807,ACCT-1003,2025-06-28 09:54:32,98.47,Hilton,San Antonio,Utilities,Online,73,Engineer,0
TXN-004808,ACCT-1019,2025-08-11 20:13:35,228.57,Starbucks,Chicago,Dining,Mobile App,41,Lawyer,0
TXN-004809,ACCT-1080,2025-12-13 13:12:48,117.25,Lyft,Seattle,Personal Care,Online,79,Freelancer,0
TXN-004810,ACCT-1015,2025-06-24 17:17:13,68.4,Walgreens,Minneapolis,Shopping,In-Store,43,Lawyer,0
TXN-004811,ACCT-1030,2025-07-04 16:11:06,202.49,Nike,Seattle,Travel,In-Store,48,Manager,0
TXN-004812,ACCT-1094,2025-07-29 20:22:55,204.97,Netflix,San Francisco,Shopping,In-Store,48,Driver,0
TXN-004813,ACCT-1096,2025-09-10 11:26:40,97.65,Uber,New York,Education,In-Store,30,Chef,0
TXN-004814,ACCT-1050,2025-07-02 17:25:54,108.93,Netflix,Minneapolis,Transportation,Mobile App,43,Designer,0
TXN-004815,ACCT-1189,2025-01-28 17:23:51,10.59,Starbucks,Detroit,Groceries,Online,23,Designer,0
TXN-004816,ACCT-1117,2025-10-10 16:54:29,299.25,Best Buy,Houston,Healthcare,In-Store,56,Teacher,0
TXN-004817,ACCT-1180,2025-05-05 12:12:36,215.22,Zara,Detroit,Dining,Online,45,Freelancer,0
TXN-004818,ACCT-1091,2025-06-15 10:04:08,309.17,Trader Joes,Miami,Groceries,In-Store,36,Manager,0
TXN-004819,ACCT-1107,2025-12-11 11:37:04,401.42,Spotify,Austin,Groceries,Online,63,Student,0
TXN-004820,ACCT-1105,2025-07-27 08:03:05,436.17,Amazon,Miami,Education,Online,51,Teacher,0
TXN-004821,ACCT-1147,2025-01-05 07:11:55,116.71,Walmart,Los Angeles,Shopping,Online,75,Doctor,0
TXN-004822,ACCT-1114,2025-05-10 10:13:44,65.71,Walmart,New York,Personal Care,In-Store,65,Teacher,0
TXN-004823,ACCT-1099,2025-12-30 18:29:21,98.5,Costco,Detroit,Gas,In-Store,32,Sales Rep,0
TXN-004824,ACCT-1095,2025-01-23 14:16:32,44.42,Safeway,San Diego,Personal Care,Phone,81,Doctor,0
TXN-004825,ACCT-1105,2025-09-17 11:38:02,204.0,Shell Gas,New York,Healthcare,In-Store,51,Teacher,0
TXN-004826,ACCT-1188,2025-08-19 11:11:51,56.85,Starbucks,New York,Travel,Online,23,Sales Rep,0
TXN-004827,ACCT-1167,2025-03-04 12:07:18,260.33,CVS Pharmacy,Portland,Subscriptions,In-Store,57,Manager,0
TXN-004828,ACCT-1121,2025-01-14 18:37:39,62.21,Home Depot,Dallas,Transportation,Online,35,Accountant,0
TXN-004829,ACCT-1102,2025-12-26 12:45:32,117.74,Shell Gas,Miami,Education,ATM,30,Accountant,0
TXN-004830,ACCT-1063,2025-07-13 23:18:08,58.99,Walmart,Austin,Utilities,Online,70,Driver,0
TXN-004831,ACCT-1060,2025-11-24 19:45:53,210.83,CVS Pharmacy,Phoenix,Groceries,Online,42,Accountant,0
TXN-004832,ACCT-1137,2025-02-10 11:03:09,85.58,Netflix,Miami,Personal Care,Mobile App,41,Lawyer,0
TXN-004833,ACCT-1081,2025-01-31 06:12:19,101.34,Best Buy,New York,Utilities,Online,77,Accountant,0
TXN-004834,ACCT-1150,2025-11-24 12:37:22,14.97,Costco,Atlanta,Education,Mobile App,24,Manager,0
TXN-004835,ACCT-1039,2025-02-21 23:03:47,91.36,Walgreens,Houston,Utilities,Online,82,Accountant,0
TXN-004836,ACCT-1177,2025-11-21 21:18:04,53.46,Trader Joes,Portland,Education,Online,24,Teacher,0
TXN-004837,ACCT-1094,2025-06-23 17:48:12,757.37,Trader Joes,San Francisco,Gas,ATM,48,Driver,0
TXN-004838,ACCT-1147,2025-02-15 18:03:16,128.99,Zara,Atlanta,Groceries,Online,75,Doctor,0
TXN-004839,ACCT-1109,2025-01-31 08:56:01,78.33,Best Buy,Nashville,Gas,In-Store,42,Student,0
TXN-004840,ACCT-1037,2025-10-19 15:51:29,63.81,Starbucks,Nashville,Transportation,Online,18,Designer,0
TXN-004841,ACCT-1139,2025-05-30 08:27:49,145.75,Uber,Los Angeles,Personal Care,Online,40,Driver,0
TXN-004842,ACCT-1127,2025-06-14 12:01:58,79.33,Best Buy,Denver,Gas,In-Store,32,Nurse,0
TXN-004843,ACCT-1097,2025-09-18 11:02:09,511.53,DoorDash,Los Angeles,Groceries,In-Store,52,Teacher,0
TXN-004844,ACCT-1028,2025-09-02 21:07:29,36.92,Hilton,Phoenix,Gas,In-Store,23,Freelancer,0
TXN-004845,ACCT-1044,2025-01-01 12:22:00,133.44,Walgreens,Portland,Personal Care,Online,73,Doctor,0
TXN-004846,ACCT-1051,2025-12-18 16:58:11,291.32,Safeway,Phoenix,Groceries,Online,45,Chef,0
TXN-004847,ACCT-1057,2025-07-29 09:31:11,124.75,Netflix,Seattle,Gas,Online,55,Analyst,0
TXN-004848,ACCT-1061,2025-05-15 20:43:08,344.7,Grubhub,Phoenix,Transportation,Online,50,Analyst,0
TXN-004849,ACCT-1010,2025-10-31 19:27:24,10.14,Home Depot,Philadelphia,Education,In-Store,19,Sales Rep,0
TXN-004850,ACCT-1037,2025-05-14 16:14:30,52.1,Costco,Atlanta,Dining,Online,18,Designer,0
TXN-004851,ACCT-1083,2025-12-12 12:28:59,224.06,Airbnb,Detroit,Entertainment,Phone,52,Freelancer,0
TXN-004852,ACCT-1070,2025-07-15 10:09:48,61.09,Amazon,Portland,Entertainment,Online,56,Student,0
TXN-004853,ACCT-1120,2025-04-17 08:21:15,183.32,Nike,Minneapolis,Transportation,Mobile App,54,Teacher,0
TXN-004854,ACCT-1097,2025-09-18 21:03:46,278.46,Shell Gas,Los Angeles,Shopping,Phone,52,Teacher,0
TXN-004855,ACCT-1104,2025-04-01 20:54:47,50.3,Walmart,Miami,Gas,In-Store,24,Engineer,0
TXN-004856,ACCT-1140,2025-07-20 14:06:38,36.81,Grubhub,Detroit,Dining,Online,24,Teacher,0
TXN-004857,ACCT-1071,2025-10-21 07:46:19,59.96,Home Depot,Nashville,Healthcare,Mobile App,42,Analyst,0
TXN-004858,ACCT-1145,2025-08-21 09:29:29,49.96,Costco,Nashville,Dining,Mobile App,19,Chef,0
TXN-004859,ACCT-1089,2025-03-08 10:04:03,16.49,Delta Airlines,Dallas,Subscriptions,Online,18,Driver,0
TXN-004860,ACCT-1002,2025-05-31 19:54:57,153.42,Starbucks,New York,Utilities,Online,26,Lawyer,0
TXN-004861,ACCT-1105,2025-07-12 18:35:57,425.9,Uber,New York,Dining,ATM,51,Teacher,0
TXN-004862,ACCT-1040,2025-10-14 18:40:40,265.73,Zara,Miami,Shopping,In-Store,29,Driver,0
TXN-004863,ACCT-1193,2025-09-10 20:09:52,57.62,Whole Foods,San Diego,Gas,Mobile App,42,Sales Rep,0
TXN-004864,ACCT-1069,2025-08-10 15:51:30,147.91,Shell Gas,Minneapolis,Entertainment,In-Store,32,Manager,0
TXN-004865,ACCT-1077,2025-07-20 22:40:53,23.01,Walgreens,Seattle,Entertainment,Mobile App,80,Driver,0
TXN-004866,ACCT-1140,2025-12-11 10:59:18,46.66,Whole Foods,Detroit,Subscriptions,Online,24,Teacher,0
TXN-004867,ACCT-1168,2025-07-22 20:48:31,57.58,Lyft,Boston,Healthcare,Online,82,Teacher,0
TXN-004868,ACCT-1190,2025-12-26 18:38:12,135.94,Uber,Nashville,Utilities,Online,40,Teacher,0
TXN-004869,ACCT-1165,2025-01-17 12:21:09,28.72,Safeway,San Antonio,Education,Mobile App,22,Accountant,0
TXN-004870,ACCT-1110,2025-07-15 08:22:13,174.28,Home Depot,San Francisco,Transportation,In-Store,34,Analyst,0
TXN-004871,ACCT-1078,2025-08-16 10:43:52,14.5,Marriott,Houston,Dining,Online,24,Freelancer,0
TXN-004872,ACCT-1129,2025-09-15 19:55:07,39.63,Hilton,Chicago,Travel,Mobile App,32,Sales Rep,0
TXN-004873,ACCT-1175,2025-01-29 08:47:33,479.26,DoorDash,Los Angeles,Personal Care,Online,59,Student,0
TXN-004874,ACCT-1053,2025-05-06 15:16:14,59.52,Chevron,Philadelphia,Personal Care,Mobile App,20,Student,0
TXN-004875,ACCT-1142,2025-04-28 12:52:07,140.61,Chevron,Los Angeles,Healthcare,In-Store,36,Analyst,0
TXN-004876,ACCT-1070,2025-03-09 19:58:21,245.4,Apple Store,Portland,Transportation,Online,56,Student,0
TXN-004877,ACCT-1153,2025-04-04 19:37:47,146.39,CVS Pharmacy,Los Angeles,Dining,Mobile App,33,Lawyer,0
TXN-004878,ACCT-1044,2025-02-06 13:29:37,82.05,Shell Gas,Chicago,Subscriptions,Mobile App,73,Doctor,0
TXN-004879,ACCT-1170,2025-03-20 23:27:16,871.5,Hilton,San Francisco,Entertainment,Online,60,Lawyer,0
TXN-004880,ACCT-1027,2025-11-05 11:58:59,117.5,Airbnb,Houston,Groceries,In-Store,28,Sales Rep,0
TXN-004881,ACCT-1132,2025-06-02 17:13:47,712.95,Grubhub,Miami,Subscriptions,Online,54,Manager,0
TXN-004882,ACCT-1075,2025-11-10 13:05:44,143.88,Chevron,Denver,Gas,In-Store,81,Accountant,0
TXN-004883,ACCT-1157,2025-05-20 07:11:55,314.77,Amazon,San Diego,Transportation,In-Store,57,Lawyer,0
TXN-004884,ACCT-1032,2025-05-09 10:05:27,44.53,Best Buy,New York,Education,Online,34,Analyst,0
TXN-004885,ACCT-1126,2025-02-14 08:09:45,118.82,Grubhub,Detroit,Subscriptions,Phone,30,Driver,0
TXN-004886,ACCT-1149,2025-09-25 12:32:51,173.8,Delta Airlines,Los Angeles,Education,Mobile App,41,Sales Rep,0
TXN-004887,ACCT-1141,2025-11-30 12:21:08,106.97,Airbnb,San Diego,Dining,Mobile App,32,Engineer,0
TXN-004888,ACCT-1115,2025-11-11 08:57:17,93.67,Netflix,San Francisco,Entertainment,Mobile App,40,Sales Rep,0
TXN-004889,ACCT-1129,2025-12-16 11:30:39,26.29,Netflix,Chicago,Groceries,In-Store,32,Sales Rep,0
TXN-004890,ACCT-1139,2025-01-03 08:06:40,90.69,CVS Pharmacy,Los Angeles,Groceries,ATM,40,Driver,0
TXN-004891,ACCT-1065,2025-06-02 09:14:17,69.72,Spotify,Chicago,Travel,Mobile App,79,Analyst,0
TXN-004892,ACCT-1126,2025-01-11 12:16:42,320.08,Starbucks,Portland,Subscriptions,Online,30,Driver,0
TXN-004893,ACCT-1039,2025-02-13 09:38:03,140.36,McDonalds,Houston,Utilities,Online,82,Accountant,0
TXN-004894,ACCT-1069,2025-11-21 00:40:39,46.06,Shell Gas,Minneapolis,Shopping,Online,32,Manager,0
TXN-004895,ACCT-1183,2025-07-23 08:07:52,171.91,Nike,Phoenix,Healthcare,In-Store,60,Retired,0
TXN-004896,ACCT-1114,2025-02-21 19:02:24,50.13,Zara,Detroit,Education,Online,65,Teacher,0
TXN-004897,ACCT-1101,2025-01-29 08:16:58,58.0,Amazon,Minneapolis,Healthcare,In-Store,24,Doctor,0
TXN-004898,ACCT-1166,2025-06-18 11:58:49,37.82,Costco,Boston,Transportation,In-Store,21,Designer,0
TXN-004899,ACCT-1171,2025-04-25 16:34:47,159.47,Netflix,Boston,Personal Care,Mobile App,57,Doctor,0
TXN-004900,ACCT-1184,2025-04-06 17:00:23,47.66,Zara,Seattle,Gas,Online,30,Analyst,0
TXN-004901,ACCT-1119,2025-10-05 10:16:25,165.45,Lyft,Boston,Gas,ATM,41,Designer,0
TXN-004902,ACCT-1116,2025-07-16 15:37:37,25.4,Walgreens,San Francisco,Entertainment,Online,19,Lawyer,0
TXN-004903,ACCT-1154,2025-07-16 12:05:49,50.31,DoorDash,San Diego,Entertainment,Online,34,Teacher,0
TXN-004904,ACCT-1057,2025-04-19 14:05:13,140.8,Grubhub,Seattle,Transportation,In-Store,55,Analyst,0
TXN-004905,ACCT-1134,2025-09-06 16:01:53,1104.34,Whole Foods,Miami,Shopping,Online,56,Student,0
TXN-004906,ACCT-1097,2025-02-18 11:31:28,252.33,DoorDash,Los Angeles,Subscriptions,Mobile App,52,Teacher,0
TXN-004907,ACCT-1182,2025-12-17 09:09:57,356.66,Safeway,Denver,Utilities,Mobile App,55,Lawyer,0
TXN-004908,ACCT-1109,2025-11-17 10:25:27,32.34,Shell Gas,Nashville,Dining,In-Store,42,Student,0
TXN-004909,ACCT-1181,2025-10-04 22:04:22,124.75,Target,Detroit,Personal Care,Mobile App,48,Manager,0
TXN-004910,ACCT-1100,2025-11-15 13:58:09,152.99,Marriott,Phoenix,Groceries,Mobile App,80,Manager,0
TXN-004911,ACCT-1065,2025-03-01 10:32:47,45.84,Netflix,Chicago,Utilities,In-Store,79,Analyst,0
TXN-004912,ACCT-1190,2025-06-26 10:10:37,188.91,Airbnb,Nashville,Entertainment,In-Store,40,Teacher,0
TXN-004913,ACCT-1177,2025-01-06 18:37:57,22.48,Airbnb,Portland,Education,Mobile App,24,Teacher,0
TXN-004914,ACCT-1130,2025-02-19 21:33:09,77.77,Walgreens,Houston,Groceries,Online,27,Lawyer,0
TXN-004915,ACCT-1159,2025-12-22 18:28:27,126.87,Spotify,San Diego,Transportation,Online,39,Student,0
TXN-004916,ACCT-1103,2025-03-24 15:07:04,47.05,Hilton,Houston,Entertainment,Online,23,Sales Rep,0
TXN-004917,ACCT-1061,2025-05-25 16:31:29,308.83,Grubhub,Chicago,Groceries,Phone,50,Analyst,0
TXN-004918,ACCT-1020,2025-03-31 14:48:50,93.0,Kroger,Detroit,Transportation,ATM,36,Engineer,0
TXN-004919,ACCT-1146,2025-04-06 19:50:32,51.89,Walgreens,Atlanta,Transportation,Mobile App,39,Accountant,0
TXN-004920,ACCT-1048,2025-10-30 21:19:28,33.08,Starbucks,San Antonio,Education,Phone,25,Lawyer,0
TXN-004921,ACCT-1026,2025-02-24 17:56:16,277.4,Shell Gas,Detroit,Shopping,ATM,33,Lawyer,0
TXN-004922,ACCT-1120,2025-06-29 06:37:52,473.12,Nike,Minneapolis,Dining,ATM,54,Teacher,0
TXN-004923,ACCT-1026,2025-03-26 10:08:06,116.33,Hilton,Detroit,Dining,In-Store,33,Lawyer,0
TXN-004924,ACCT-1167,2025-09-27 15:27:07,550.49,Hilton,Seattle,Entertainment,ATM,57,Manager,0
TXN-004925,ACCT-1136,2025-08-10 10:03:37,362.02,Grubhub,Austin,Entertainment,Online,60,Sales Rep,0
TXN-004926,ACCT-1102,2025-10-08 15:35:37,43.65,Home Depot,Miami,Subscriptions,In-Store,30,Accountant,0
TXN-004927,ACCT-1041,2025-06-28 05:07:40,71.6,Best Buy,Los Angeles,Subscriptions,In-Store,44,Designer,0
TXN-004928,ACCT-1180,2025-03-11 12:41:38,154.97,Safeway,Detroit,Personal Care,ATM,45,Freelancer,0
TXN-004929,ACCT-1101,2025-10-26 22:16:38,27.81,Zara,Minneapolis,Travel,Online,24,Doctor,0
TXN-004930,ACCT-1048,2025-06-24 12:34:32,54.99,Chevron,San Antonio,Education,Online,25,Lawyer,0
TXN-004931,ACCT-1166,2025-12-21 13:48:42,55.47,Home Depot,Boston,Transportation,In-Store,21,Designer,0
TXN-004932,ACCT-1107,2025-04-06 20:24:40,430.7,Amazon,Austin,Personal Care,In-Store,63,Student,0
TXN-004933,ACCT-1004,2025-09-07 16:51:19,161.75,Delta Airlines,Denver,Dining,Online,28,Designer,0
TXN-004934,ACCT-1164,2025-05-27 21:53:20,42.28,Apple Store,Seattle,Transportation,ATM,36,Freelancer,0
TXN-004935,ACCT-1062,2025-05-22 20:41:37,376.14,Grubhub,Chicago,Travel,In-Store,52,Student,0
TXN-004936,ACCT-1091,2025-03-03 13:25:06,251.03,Apple Store,Miami,Education,Online,36,Manager,0
TXN-004937,ACCT-1146,2025-11-14 21:49:25,141.17,McDonalds,Atlanta,Groceries,Phone,39,Accountant,0
TXN-004938,ACCT-1081,2025-09-20 10:15:02,74.4,Spotify,Denver,Dining,Online,77,Accountant,0
TXN-004939,ACCT-1099,2025-01-17 16:23:09,58.35,Costco,Detroit,Shopping,Mobile App,32,Sales Rep,0
TXN-004940,ACCT-1100,2025-01-26 18:13:51,95.58,McDonalds,Phoenix,Entertainment,Mobile App,80,Manager,0
TXN-004941,ACCT-1174,2025-10-02 18:42:12,81.71,Walmart,San Francisco,Dining,In-Store,34,Retired,0
TXN-004942,ACCT-1189,2025-10-11 20:51:20,17.79,Starbucks,Detroit,Subscriptions,Online,23,Designer,0
TXN-004943,ACCT-1095,2025-11-29 13:48:40,48.44,Netflix,San Diego,Entertainment,In-Store,81,Doctor,0
TXN-004944,ACCT-1033,2025-05-13 11:57:55,109.8,Hilton,Miami,Subscriptions,In-Store,43,Teacher,0
TXN-004945,ACCT-1164,2025-04-21 07:15:27,46.31,Apple Store,Seattle,Transportation,Online,36,Freelancer,0
TXN-004946,ACCT-1093,2025-05-25 13:28:05,19.65,Delta Airlines,Boston,Subscriptions,Mobile App,41,Chef,0
TXN-004947,ACCT-1180,2025-02-12 15:44:21,659.56,Uber,Detroit,Subscriptions,In-Store,45,Freelancer,0
TXN-004948,ACCT-1091,2025-06-22 16:08:48,154.09,Apple Store,Denver,Healthcare,Online,36,Manager,0
TXN-004949,ACCT-1056,2025-10-03 14:01:44,107.13,Shell Gas,Philadelphia,Gas,In-Store,39,Freelancer,0
TXN-004950,ACCT-1064,2025-03-04 10:52:58,104.53,Walgreens,Austin,Personal Care,Mobile App,19,Driver,0
TXN-004951,ACCT-1156,2025-12-01 21:05:58,17.88,Kroger,Atlanta,Healthcare,ATM,18,Sales Rep,0
TXN-004952,ACCT-1116,2025-05-15 19:51:54,28.55,Walgreens,San Francisco,Personal Care,Phone,19,Lawyer,0
TXN-004953,ACCT-1111,2025-03-22 19:57:31,50.54,Marriott,Houston,Education,Online,22,Analyst,0
TXN-004954,ACCT-1187,2025-08-15 07:36:20,135.15,McDonalds,San Antonio,Entertainment,In-Store,28,Freelancer,0
TXN-004955,ACCT-1177,2025-05-02 15:39:12,11.57,Trader Joes,Portland,Transportation,Mobile App,24,Teacher,0
TXN-004956,ACCT-1136,2025-08-22 09:02:29,225.91,Grubhub,Boston,Subscriptions,Online,60,Sales Rep,0
TXN-004957,ACCT-1187,2025-02-15 12:31:48,197.27,McDonalds,San Antonio,Dining,Phone,28,Freelancer,0
TXN-004958,ACCT-1187,2025-07-31 23:41:54,32.13,DoorDash,Detroit,Healthcare,In-Store,28,Freelancer,0
TXN-004959,ACCT-1108,2025-09-23 19:12:31,108.8,CVS Pharmacy,San Francisco,Groceries,Online,34,Retired,0
TXN-004960,ACCT-1102,2025-08-23 14:56:41,99.23,Hilton,San Antonio,Personal Care,In-Store,30,Accountant,0
TXN-004961,ACCT-1053,2025-03-04 16:00:55,52.65,Zara,Philadelphia,Healthcare,Mobile App,20,Student,0
TXN-004962,ACCT-1077,2025-05-06 16:27:11,29.89,Walgreens,Seattle,Subscriptions,In-Store,80,Driver,0
TXN-004963,ACCT-1089,2025-07-16 12:17:28,44.83,Delta Airlines,Dallas,Shopping,In-Store,18,Driver,0
TXN-004964,ACCT-1007,2025-10-07 13:21:25,121.15,Whole Foods,Atlanta,Travel,In-Store,66,Sales Rep,0
TXN-004965,ACCT-1154,2025-04-08 21:40:25,147.27,Costco,San Diego,Transportation,Phone,34,Teacher,0
TXN-004966,ACCT-1148,2025-11-06 04:01:03,49.27,Safeway,Houston,Groceries,Mobile App,23,Chef,0
TXN-004967,ACCT-1153,2025-01-05 13:21:21,69.89,Uber,Los Angeles,Subscriptions,In-Store,33,Lawyer,0
TXN-004968,ACCT-1102,2025-03-26 20:22:33,201.15,Shell Gas,Miami,Entertainment,Online,30,Accountant,0
TXN-004969,ACCT-1194,2025-02-14 12:58:39,66.24,Zara,San Diego,Dining,Phone,84,Lawyer,0
TXN-004970,ACCT-1081,2025-07-28 12:51:13,77.59,Best Buy,San Diego,Groceries,In-Store,77,Accountant,0
TXN-004971,ACCT-1131,2025-12-24 10:35:34,96.29,Walgreens,Los Angeles,Subscriptions,In-Store,34,Lawyer,0
TXN-004972,ACCT-1128,2025-05-16 07:04:55,17.0,DoorDash,Denver,Healthcare,In-Store,21,Engineer,0
TXN-004973,ACCT-1086,2025-02-05 10:39:08,29.08,Zara,Philadelphia,Groceries,In-Store,20,Manager,0
TXN-004974,ACCT-1118,2025-08-14 14:23:27,109.82,Walgreens,Detroit,Gas,In-Store,37,Designer,0
TXN-004975,ACCT-1148,2025-12-10 21:49:35,84.22,Airbnb,Houston,Gas,ATM,23,Chef,0
TXN-004976,ACCT-1156,2025-07-04 19:15:41,11.14,Zara,Atlanta,Education,Phone,18,Sales Rep,0
TXN-004977,ACCT-1064,2025-07-15 21:46:15,87.13,Lyft,Austin,Shopping,Mobile App,19,Driver,0
TXN-004978,ACCT-1199,2025-02-01 10:49:17,145.75,Spotify,Houston,Utilities,Online,33,Chef,0
TXN-004979,ACCT-1049,2025-08-25 12:35:03,351.26,Delta Airlines,Chicago,Transportation,In-Store,48,Accountant,0
TXN-004980,ACCT-1188,2025-08-20 20:09:06,35.44,Apple Store,Austin,Shopping,In-Store,23,Sales Rep,0
TXN-004981,ACCT-1023,2025-09-04 13:11:05,37.32,Apple Store,Dallas,Groceries,Online,39,Retired,0
TXN-004982,ACCT-1077,2025-11-13 11:27:49,56.24,Walgreens,Seattle,Education,In-Store,80,Driver,0
TXN-004983,ACCT-1177,2025-04-25 21:37:36,20.92,Zara,Boston,Subscriptions,In-Store,24,Teacher,0
TXN-004984,ACCT-1128,2025-01-20 11:01:01,44.83,Lyft,Denver,Groceries,Mobile App,21,Engineer,0
TXN-004985,ACCT-1044,2025-07-06 16:41:42,34.12,United Airlines,Portland,Shopping,Online,73,Doctor,0
TXN-004986,ACCT-1120,2025-06-18 14:44:11,416.04,Netflix,Minneapolis,Subscriptions,Mobile App,54,Teacher,0
TXN-004987,ACCT-1053,2025-10-05 22:19:22,91.56,Nike,San Francisco,Dining,Mobile App,20,Student,0
TXN-004988,ACCT-1128,2025-10-16 18:38:53,26.04,Marriott,Detroit,Personal Care,Online,21,Engineer,0
TXN-004989,ACCT-1160,2025-07-02 21:19:06,52.24,Airbnb,Denver,Shopping,In-Store,40,Nurse,0
TXN-004990,ACCT-1196,2025-07-21 19:55:00,1973.03,GoldBullion Direct,Tirana,Travel,Online,48,Freelancer,1
TXN-004991,ACCT-1147,2025-10-02 16:28:18,101.54,Zara,Atlanta,Healthcare,In-Store,75,Doctor,0
TXN-004992,ACCT-1046,2025-10-23 10:53:02,197.23,McDonalds,Atlanta,Gas,Mobile App,27,Driver,0
TXN-004993,ACCT-1085,2025-07-04 18:25:45,94.96,Apple Store,New York,Travel,ATM,38,Student,0
TXN-004994,ACCT-1025,2025-07-17 20:46:47,144.45,Kroger,New York,Entertainment,Online,43,Chef,0
TXN-004995,ACCT-1199,2025-09-22 20:21:36,90.45,Spotify,Phoenix,Personal Care,Mobile App,33,Chef,0
TXN-004996,ACCT-1078,2025-10-21 08:15:17,38.34,Spotify,Houston,Entertainment,Mobile App,24,Freelancer,0
TXN-004997,ACCT-1104,2025-04-28 11:37:17,111.87,United Airlines,Dallas,Shopping,Online,24,Engineer,0
TXN-004998,ACCT-1094,2025-01-07 16:04:04,947.46,Trader Joes,San Francisco,Transportation,In-Store,48,Driver,0
TXN-004999,ACCT-1134,2025-12-16 14:26:21,257.61,Walmart,Miami,Gas,In-Store,56,Student,0
TXN-005000,ACCT-1038,2025-04-09 12:41:08,124.15,Trader Joes,Chicago,Education,In-Store,42,Nurse,0
TXN-005001,ACCT-1038,2025-07-23 17:57:00,1950.73,Walmart,Chicago,Shopping,Online,42,Nurse,1
TXN-005002,ACCT-1139,2025-09-19 22:43:20,132.78,Delta Airlines,Los Angeles,Healthcare,In-Store,40,Driver,0
TXN-005003,ACCT-1045,2025-02-05 15:38:50,22.88,Netflix,Philadelphia,Subscriptions,In-Store,66,Chef,0
TXN-005004,ACCT-1001,2025-02-23 23:08:14,342.14,CVS Pharmacy,Minneapolis,Entertainment,Phone,64,Nurse,0
TXN-005005,ACCT-1108,2025-02-06 14:45:20,43.61,Target,San Francisco,Entertainment,In-Store,34,Retired,0
TXN-005006,ACCT-1163,2025-03-23 12:02:45,267.32,Zara,Philadelphia,Transportation,Mobile App,48,Teacher,0
TXN-005007,ACCT-1008,2025-08-21 14:07:27,38.68,Grubhub,Nashville,Subscriptions,Online,28,Retired,0
TXN-005008,ACCT-1030,2025-04-20 08:40:20,325.62,Nike,Seattle,Utilities,Mobile App,48,Manager,0
TXN-005009,ACCT-1059,2025-05-30 16:02:06,440.44,DoorDash,Los Angeles,Healthcare,Online,48,Doctor,0
TXN-005010,ACCT-1161,2025-10-12 17:22:22,175.37,CVS Pharmacy,Detroit,Groceries,In-Store,75,Engineer,0
TXN-005011,ACCT-1199,2025-06-06 16:42:18,224.67,Shell Gas,Houston,Travel,ATM,33,Chef,0
TXN-005012,ACCT-1111,2025-09-30 04:09:19,32.73,Marriott,Houston,Education,ATM,22,Analyst,0
TXN-005013,ACCT-1035,2025-09-23 12:43:08,185.33,Shell Gas,Houston,Personal Care,Online,36,Chef,0
TXN-005014,ACCT-1006,2025-05-11 10:01:41,128.8,Walgreens,Atlanta,Utilities,In-Store,55,Nurse,0
TXN-005015,ACCT-1195,2025-08-09 15:26:15,331.44,Walmart,Houston,Travel,Online,46,Retired,0
TXN-005016,ACCT-1044,2025-06-22 21:59:37,64.79,McDonalds,Portland,Healthcare,Mobile App,73,Doctor,0
TXN-005017,ACCT-1034,2025-05-07 15:45:18,114.6,Best Buy,Philadelphia,Travel,Mobile App,41,Lawyer,0
TXN-005018,ACCT-1046,2025-02-12 10:28:15,78.34,Shell Gas,Atlanta,Entertainment,ATM,27,Driver,0
TXN-005019,ACCT-1000,2025-07-27 22:42:51,103.93,Whole Foods,Portland,Personal Care,In-Store,59,Freelancer,0
TXN-005020,ACCT-1146,2025-08-24 19:55:09,72.42,CVS Pharmacy,Atlanta,Subscriptions,Online,39,Accountant,0
TXN-005021,ACCT-1061,2025-05-02 16:01:47,242.81,Grubhub,Philadelphia,Entertainment,Online,50,Analyst,0
TXN-005022,ACCT-1097,2025-01-19 15:04:04,269.7,Starbucks,Los Angeles,Healthcare,Online,52,Teacher,0
TXN-005023,ACCT-1036,2025-04-11 06:35:36,23.12,Target,Miami,Entertainment,In-Store,21,Sales Rep,0
TXN-005024,ACCT-1007,2025-11-30 08:10:37,172.4,Netflix,Atlanta,Personal Care,Mobile App,66,Sales Rep,0
TXN-005025,ACCT-1060,2025-01-07 20:08:20,98.32,Trader Joes,Philadelphia,Gas,Mobile App,42,Accountant,0
TXN-005026,ACCT-1026,2025-12-22 10:01:27,206.48,Shell Gas,Detroit,Utilities,Mobile App,33,Lawyer,0
TXN-005027,ACCT-1105,2025-08-24 18:50:47,412.51,Shell Gas,New York,Transportation,Mobile App,51,Teacher,0
TXN-005028,ACCT-1119,2025-08-09 11:22:38,204.57,Costco,Boston,Healthcare,In-Store,41,Designer,0
TXN-005029,ACCT-1061,2025-04-06 16:17:21,80.56,Marriott,Boston,Subscriptions,In-Store,50,Analyst,0
TXN-005030,ACCT-1199,2025-04-14 09:20:43,150.31,Starbucks,Houston,Personal Care,In-Store,33,Chef,0
TXN-005031,ACCT-1159,2025-12-11 10:33:14,82.85,Spotify,San Diego,Travel,Online,39,Student,0
TXN-005032,ACCT-1064,2025-11-12 11:20:11,25.61,Starbucks,Austin,Healthcare,Mobile App,19,Driver,0
TXN-005033,ACCT-1192,2025-02-09 13:32:03,452.2,Apple Store,San Antonio,Healthcare,In-Store,56,Designer,0
TXN-005034,ACCT-1113,2025-03-04 17:27:09,64.24,Airbnb,Houston,Groceries,Mobile App,41,Designer,0
TXN-005035,ACCT-1198,2025-11-23 20:06:03,269.18,Delta Airlines,Houston,Subscriptions,Mobile App,53,Engineer,0
TXN-005036,ACCT-1141,2025-01-24 17:53:26,169.23,United Airlines,San Diego,Transportation,In-Store,32,Engineer,0
TXN-005037,ACCT-1006,2025-07-27 22:06:39,79.41,Hilton,Atlanta,Utilities,In-Store,55,Nurse,0
TXN-005038,ACCT-1027,2025-09-30 04:45:34,75.16,Chevron,Houston,Subscriptions,ATM,28,Sales Rep,0
TXN-005039,ACCT-1041,2025-05-12 12:37:16,247.1,Shell Gas,Los Angeles,Entertainment,Mobile App,44,Designer,0
TXN-005040,ACCT-1054,2025-03-19 11:28:49,342.08,Shell Gas,Austin,Utilities,Online,80,Retired,0
TXN-005041,ACCT-1192,2025-01-04 11:46:26,724.82,CVS Pharmacy,San Antonio,Utilities,In-Store,56,Designer,0
TXN-005042,ACCT-1169,2025-03-23 19:00:56,109.73,Netflix,Chicago,Groceries,Online,36,Designer,0
TXN-005043,ACCT-1197,2025-07-11 10:05:34,239.43,DoorDash,Los Angeles,Groceries,Mobile App,37,Student,0
TXN-005044,ACCT-1095,2025-10-31 12:10:41,187.25,Safeway,San Diego,Education,Phone,81,Doctor,0
TXN-005045,ACCT-1190,2025-06-25 14:54:35,152.01,Grubhub,Nashville,Subscriptions,Online,40,Teacher,0
TXN-005046,ACCT-1109,2025-08-16 12:02:22,123.1,Delta Airlines,Nashville,Personal Care,Online,42,Student,0
TXN-005047,ACCT-1098,2025-08-12 13:57:59,140.65,Amazon,Houston,Utilities,Online,37,Sales Rep,0
TXN-005048,ACCT-1056,2025-04-17 22:24:13,112.7,Amazon,Philadelphia,Gas,Online,39,Freelancer,0
TXN-005049,ACCT-1036,2025-07-21 07:24:09,81.65,Spotify,Miami,Personal Care,Online,21,Sales Rep,0
TXN-005050,ACCT-1069,2025-03-27 19:14:25,45.99,Kroger,Minneapolis,Utilities,In-Store,32,Manager,0
TXN-005051,ACCT-1154,2025-12-13 11:22:15,120.86,United Airlines,San Diego,Personal Care,Online,34,Teacher,0
TXN-005052,ACCT-1186,2025-05-15 17:13:30,29.08,Zara,Dallas,Dining,Mobile App,19,Freelancer,0
TXN-005053,ACCT-1094,2025-01-12 12:20:03,321.01,Costco,San Francisco,Dining,Mobile App,48,Driver,0
TXN-005054,ACCT-1002,2025-03-10 11:41:53,141.64,Starbucks,New York,Education,Mobile App,26,Lawyer,0
TXN-005055,ACCT-1070,2025-03-22 13:25:41,291.14,Whole Foods,Atlanta,Entertainment,Online,56,Student,0
TXN-005056,ACCT-1031,2025-02-24 12:46:20,148.31,DoorDash,San Antonio,Subscriptions,In-Store,71,Doctor,0
TXN-005057,ACCT-1187,2025-12-12 10:15:20,95.02,McDonalds,San Antonio,Healthcare,Mobile App,28,Freelancer,0
TXN-005058,ACCT-1070,2025-10-29 09:31:20,545.46,Amazon,Portland,Gas,ATM,56,Student,0
TXN-005059,ACCT-1187,2025-03-25 12:09:27,65.9,Delta Airlines,San Antonio,Personal Care,ATM,28,Freelancer,0
TXN-005060,ACCT-1026,2025-06-21 13:21:22,107.09,Netflix,Detroit,Gas,Phone,33,Lawyer,0
TXN-005061,ACCT-1074,2025-09-01 12:34:48,415.23,Hilton,San Diego,Education,Online,42,Freelancer,0
TXN-005062,ACCT-1073,2025-01-29 23:20:37,115.54,Uber,Miami,Groceries,Online,34,Analyst,0
TXN-005063,ACCT-1035,2025-12-24 08:06:43,103.57,Spotify,Boston,Subscriptions,Online,36,Chef,0
TXN-005064,ACCT-1000,2025-10-11 17:58:29,538.88,United Airlines,Portland,Gas,In-Store,59,Freelancer,0
TXN-005065,ACCT-1012,2025-04-30 19:54:47,46.16,McDonalds,Denver,Healthcare,Online,22,Teacher,0
TXN-005066,ACCT-1048,2025-06-17 19:25:14,139.63,Walmart,San Antonio,Groceries,ATM,25,Lawyer,0
TXN-005067,ACCT-1008,2025-03-14 10:28:16,54.66,Chevron,Nashville,Personal Care,Mobile App,28,Retired,0
TXN-005068,ACCT-1158,2025-09-10 22:09:32,60.78,Uber,Chicago,Utilities,Mobile App,23,Doctor,0
TXN-005069,ACCT-1008,2025-03-12 15:52:06,154.78,Shell Gas,Nashville,Utilities,In-Store,28,Retired,0
TXN-005070,ACCT-1187,2025-11-01 10:20:36,175.04,Starbucks,San Antonio,Education,In-Store,28,Freelancer,0
TXN-005071,ACCT-1140,2025-08-20 13:54:42,32.38,Whole Foods,Detroit,Education,Online,24,Teacher,0
TXN-005072,ACCT-1197,2025-06-25 15:25:02,154.8,Spotify,Los Angeles,Groceries,Online,37,Student,0
TXN-005073,ACCT-1187,2025-04-24 12:29:53,169.16,Shell Gas,San Antonio,Entertainment,Phone,28,Freelancer,0
TXN-005074,ACCT-1102,2025-11-14 12:07:24,193.92,Safeway,Miami,Healthcare,In-Store,30,Accountant,0
TXN-005075,ACCT-1011,2025-08-14 20:52:22,482.54,Costco,Atlanta,Transportation,Mobile App,47,Doctor,0
TXN-005076,ACCT-1097,2025-11-30 13:40:18,204.04,Netflix,Los Angeles,Dining,Phone,52,Teacher,0
TXN-005077,ACCT-1049,2025-11-21 13:16:25,89.69,Delta Airlines,Chicago,Healthcare,Mobile App,48,Accountant,0
TXN-005078,ACCT-1003,2025-06-12 15:13:43,44.48,Kroger,San Antonio,Subscriptions,Online,73,Engineer,0
TXN-005079,ACCT-1065,2025-08-11 21:30:32,34.25,Amazon,Chicago,Transportation,Mobile App,79,Analyst,0
TXN-005080,ACCT-1113,2025-04-18 21:21:42,139.96,Lyft,Houston,Dining,In-Store,41,Designer,0
TXN-005081,ACCT-1146,2025-08-09 19:53:04,102.78,Walgreens,Atlanta,Personal Care,In-Store,39,Accountant,0
TXN-005082,ACCT-1148,2025-10-07 19:04:37,33.57,Airbnb,Houston,Gas,In-Store,23,Chef,0
TXN-005083,ACCT-1186,2025-09-13 03:07:41,29.19,Spotify,Dallas,Personal Care,Mobile App,19,Freelancer,0
TXN-005084,ACCT-1171,2025-07-15 17:03:24,259.75,Trader Joes,Boston,Transportation,Online,57,Doctor,0
TXN-005085,ACCT-1016,2025-08-16 15:03:04,260.5,Uber,Miami,Shopping,Online,26,Driver,0
TXN-005086,ACCT-1039,2025-12-08 19:09:09,345.09,Delta Airlines,Houston,Personal Care,In-Store,82,Accountant,0
TXN-005087,ACCT-1104,2025-12-30 12:24:13,59.86,Walmart,Dallas,Shopping,In-Store,24,Engineer,0
TXN-005088,ACCT-1180,2025-01-05 13:11:27,237.99,Zara,Detroit,Subscriptions,In-Store,45,Freelancer,0
TXN-005089,ACCT-1143,2025-07-29 14:11:25,45.24,Delta Airlines,Minneapolis,Healthcare,In-Store,76,Retired,0
TXN-005090,ACCT-1119,2025-11-21 19:22:18,191.03,Safeway,Boston,Dining,Mobile App,41,Designer,0
TXN-005091,ACCT-1052,2025-01-06 17:23:32,89.6,Hilton,Philadelphia,Dining,Mobile App,68,Accountant,0
TXN-005092,ACCT-1036,2025-08-25 16:34:02,21.96,DoorDash,Miami,Subscriptions,In-Store,21,Sales Rep,0
TXN-005093,ACCT-1129,2025-01-15 07:36:06,202.03,Netflix,Chicago,Utilities,Phone,32,Sales Rep,0
TXN-005094,ACCT-1138,2025-11-17 11:36:59,160.43,Target,Miami,Subscriptions,Mobile App,29,Accountant,0
TXN-005095,ACCT-1199,2025-10-05 13:41:57,215.12,CVS Pharmacy,Houston,Gas,ATM,33,Chef,0
TXN-005096,ACCT-1104,2025-07-06 13:20:44,45.24,Walmart,Dallas,Dining,Mobile App,24,Engineer,0
TXN-005097,ACCT-1178,2025-01-02 11:27:25,509.62,Grubhub,Chicago,Education,Online,59,Retired,0
TXN-005098,ACCT-1154,2025-07-17 16:20:18,174.32,Whole Foods,San Diego,Dining,In-Store,34,Teacher,0
TXN-005099,ACCT-1010,2025-06-03 06:08:17,30.76,Home Depot,Denver,Gas,Mobile App,19,Sales Rep,0
TXN-005100,ACCT-1001,2025-06-06 15:13:27,463.63,Whole Foods,Atlanta,Shopping,Mobile App,64,Nurse,0
TXN-005101,ACCT-1096,2025-03-21 10:04:57,95.2,Whole Foods,Austin,Subscriptions,ATM,30,Chef,0
TXN-005102,ACCT-1127,2025-02-28 09:59:36,44.06,Lyft,Denver,Shopping,ATM,32,Nurse,0
TXN-005103,ACCT-1024,2025-08-04 18:48:44,276.33,Netflix,Portland,Healthcare,Online,44,Lawyer,0
TXN-005104,ACCT-1194,2025-08-07 11:22:09,106.36,Walgreens,San Diego,Education,In-Store,84,Lawyer,0
TXN-005105,ACCT-1117,2025-12-01 18:50:51,306.02,Uber,Boston,Travel,In-Store,56,Teacher,0
TXN-005106,ACCT-1167,2025-06-11 13:14:38,472.3,Uber,Seattle,Healthcare,Online,57,Manager,0
TXN-005107,ACCT-1004,2025-05-10 21:09:00,56.81,Delta Airlines,Denver,Transportation,Online,28,Designer,0
TXN-005108,ACCT-1023,2025-04-01 17:39:06,43.82,Marriott,Dallas,Dining,Mobile App,39,Retired,0
TXN-005109,ACCT-1149,2025-09-25 12:21:38,158.43,Lyft,Atlanta,Dining,Online,41,Sales Rep,0
TXN-005110,ACCT-1012,2025-09-24 23:21:52,39.89,McDonalds,Denver,Gas,Online,22,Teacher,0
TXN-005111,ACCT-1063,2025-04-09 13:41:09,89.32,Airbnb,Austin,Travel,In-Store,70,Driver,0
TXN-005112,ACCT-1084,2025-09-22 17:29:53,45.08,Lyft,Dallas,Subscriptions,Phone,24,Engineer,0
TXN-005113,ACCT-1140,2025-05-15 15:45:57,30.7,Netflix,Detroit,Education,Online,24,Teacher,0
TXN-005114,ACCT-1140,2025-04-22 10:10:43,74.41,Amazon,Detroit,Transportation,In-Store,24,Teacher,0
TXN-005115,ACCT-1185,2025-08-09 07:46:22,318.52,Target,New York,Personal Care,Online,58,Lawyer,0
TXN-005116,ACCT-1171,2025-05-05 18:55:37,132.58,Chevron,Boston,Entertainment,In-Store,57,Doctor,0
TXN-005117,ACCT-1137,2025-12-25 08:39:49,85.88,Starbucks,Miami,Travel,In-Store,41,Lawyer,0
TXN-005118,ACCT-1011,2025-05-15 15:05:18,275.48,CVS Pharmacy,Atlanta,Education,Online,47,Doctor,0
TXN-005119,ACCT-1008,2025-12-27 14:40:44,110.71,Amazon,Nashville,Entertainment,ATM,28,Retired,0
TXN-005120,ACCT-1190,2025-10-20 11:19:11,138.55,Shell Gas,San Francisco,Groceries,Online,40,Teacher,1
TXN-005121,ACCT-1007,2025-08-21 11:33:10,78.66,Zara,Atlanta,Healthcare,In-Store,66,Sales Rep,0
TXN-005122,ACCT-1091,2025-06-22 07:06:24,396.94,Apple Store,Miami,Utilities,Online,36,Manager,0
TXN-005123,ACCT-1113,2025-07-07 20:15:34,56.45,Starbucks,Houston,Entertainment,Phone,41,Designer,0
TXN-005124,ACCT-1114,2025-08-07 19:34:51,24.33,Zara,Detroit,Groceries,Mobile App,65,Teacher,0
TXN-005125,ACCT-1068,2025-10-20 21:04:32,18.14,Chevron,Atlanta,Utilities,Phone,22,Accountant,0
TXN-005126,ACCT-1163,2025-08-06 09:58:01,297.71,Whole Foods,Seattle,Gas,Mobile App,48,Teacher,0
TXN-005127,ACCT-1101,2025-10-02 15:00:01,30.88,Airbnb,Minneapolis,Subscriptions,In-Store,24,Doctor,0
TXN-005128,ACCT-1039,2025-07-16 15:48:47,41.5,CVS Pharmacy,Houston,Shopping,Online,82,Accountant,0
TXN-005129,ACCT-1134,2025-06-12 10:37:31,418.95,Walmart,Miami,Entertainment,Online,56,Student,0
TXN-005130,ACCT-1172,2025-05-06 07:07:32,87.37,Amazon,Austin,Dining,ATM,25,Nurse,0
TXN-005131,ACCT-1107,2025-10-20 04:32:00,460.39,Safeway,Austin,Transportation,ATM,63,Student,1
TXN-005132,ACCT-1195,2025-11-04 20:07:42,145.24,Amazon,Houston,Entertainment,Online,46,Retired,0
TXN-005133,ACCT-1024,2025-08-31 17:50:56,157.56,Netflix,Portland,Healthcare,Online,44,Lawyer,0
TXN-005134,ACCT-1084,2025-05-29 19:01:44,30.68,Target,Dallas,Dining,In-Store,24,Engineer,0
TXN-005135,ACCT-1029,2025-09-08 13:49:46,166.12,Nike,New York,Subscriptions,In-Store,32,Freelancer,0
TXN-005136,ACCT-1157,2025-05-24 17:00:12,292.52,Netflix,San Diego,Personal Care,ATM,57,Lawyer,0
TXN-005137,ACCT-1010,2025-06-04 11:35:26,8.84,Airbnb,Philadelphia,Dining,In-Store,19,Sales Rep,0
TXN-005138,ACCT-1063,2025-07-18 14:23:26,86.34,Airbnb,Austin,Gas,Online,70,Driver,0
TXN-005139,ACCT-1056,2025-01-08 18:55:30,133.15,Shell Gas,Philadelphia,Gas,ATM,39,Freelancer,0
TXN-005140,ACCT-1138,2025-04-16 18:00:07,113.12,Uber,Miami,Education,Online,29,Accountant,0
TXN-005141,ACCT-1097,2025-07-13 08:49:56,196.31,Shell Gas,Los Angeles,Education,Mobile App,52,Teacher,0
TXN-005142,ACCT-1093,2025-02-10 16:51:10,142.31,Shell Gas,Boston,Education,Mobile App,41,Chef,0
TXN-005143,ACCT-1158,2025-07-20 08:42:41,33.72,Costco,Nashville,Travel,In-Store,23,Doctor,0
TXN-005144,ACCT-1073,2025-11-19 14:56:24,195.55,Walmart,Minneapolis,Utilities,Mobile App,34,Analyst,0
TXN-005145,ACCT-1103,2025-05-26 12:22:50,18.5,Hilton,Houston,Transportation,ATM,23,Sales Rep,0
TXN-005146,ACCT-1169,2025-06-30 18:24:02,124.5,Hilton,Chicago,Shopping,ATM,36,Designer,0
TXN-005147,ACCT-1037,2025-07-18 15:07:26,209.22,Safeway,Phoenix,Subscriptions,Online,18,Designer,1
TXN-005148,ACCT-1186,2025-11-07 22:33:55,40.3,McDonalds,Dallas,Shopping,In-Store,19,Freelancer,0
TXN-005149,ACCT-1049,2025-03-23 18:56:57,223.2,United Airlines,Chicago,Subscriptions,Online,48,Accountant,0
TXN-005150,ACCT-1123,2025-08-19 13:03:50,32.83,DoorDash,San Diego,Utilities,Online,37,Lawyer,0
TXN-005151,ACCT-1170,2025-05-13 16:50:23,325.11,Hilton,San Francisco,Dining,In-Store,60,Lawyer,0
TXN-005152,ACCT-1117,2025-07-23 19:26:17,265.73,Uber,Houston,Personal Care,Online,56,Teacher,0
TXN-005153,ACCT-1032,2025-06-26 22:38:00,518.97,OffshorePay Inc,Karachi,Travel,Online,34,Analyst,1
TXN-005154,ACCT-1020,2025-06-12 15:31:05,124.48,DoorDash,Detroit,Entertainment,ATM,36,Engineer,0
TXN-005155,ACCT-1119,2025-06-11 18:46:24,209.22,Trader Joes,Boston,Utilities,Mobile App,41,Designer,0
TXN-005156,ACCT-1135,2025-01-31 17:18:26,160.17,DoorDash,Los Angeles,Healthcare,Online,37,Driver,0
TXN-005157,ACCT-1165,2025-03-06 22:25:52,17.49,Safeway,Detroit,Dining,In-Store,22,Accountant,0
TXN-005158,ACCT-1182,2025-05-30 05:41:56,366.13,McDonalds,Denver,Entertainment,Phone,55,Lawyer,0
TXN-005159,ACCT-1094,2025-03-20 13:41:27,410.37,Kroger,San Francisco,Shopping,In-Store,48,Driver,0
TXN-005160,ACCT-1156,2025-08-10 16:03:32,41.4,Grubhub,Atlanta,Gas,In-Store,18,Sales Rep,0
TXN-005161,ACCT-1011,2025-03-01 15:56:29,378.54,Costco,Atlanta,Entertainment,In-Store,47,Doctor,0
TXN-005162,ACCT-1027,2025-11-06 21:09:04,191.98,Home Depot,Houston,Transportation,ATM,28,Sales Rep,0
TXN-005163,ACCT-1055,2025-03-16 15:03:54,143.88,Zara,Denver,Dining,Online,46,Nurse,0
TXN-005164,ACCT-1168,2025-02-06 14:27:55,49.11,Lyft,Boston,Utilities,Mobile App,82,Teacher,0
TXN-005165,ACCT-1148,2025-02-02 14:35:15,97.09,Trader Joes,Nashville,Dining,Online,23,Chef,0
TXN-005166,ACCT-1134,2025-06-07 18:45:05,322.47,Walmart,Miami,Travel,ATM,56,Student,0
TXN-005167,ACCT-1021,2025-07-21 12:45:45,58.37,Delta Airlines,Phoenix,Subscriptions,In-Store,28,Teacher,0
TXN-005168,ACCT-1021,2025-11-17 17:51:10,91.41,Walmart,Phoenix,Shopping,Online,28,Teacher,0
TXN-005169,ACCT-1122,2025-07-07 10:54:45,62.34,Lyft,Portland,Healthcare,In-Store,34,Retired,0
TXN-005170,ACCT-1045,2025-02-25 00:36:25,100.5,Walgreens,Philadelphia,Utilities,ATM,66,Chef,0
TXN-005171,ACCT-1030,2025-06-20 10:42:35,557.1,Whole Foods,Seattle,Groceries,In-Store,48,Manager,0
TXN-005172,ACCT-1082,2025-10-06 18:00:17,36.3,Safeway,Philadelphia,Groceries,Online,26,Driver,0
TXN-005173,ACCT-1111,2025-09-17 04:29:12,29.02,Marriott,Houston,Utilities,In-Store,22,Analyst,0
TXN-005174,ACCT-1088,2025-01-18 12:29:36,118.9,Kroger,Phoenix,Subscriptions,Online,33,Designer,0
TXN-005175,ACCT-1104,2025-10-04 17:24:17,23.91,Uber,Dallas,Shopping,In-Store,24,Engineer,0
TXN-005176,ACCT-1085,2025-03-06 14:11:03,229.57,Hilton,Dallas,Groceries,In-Store,38,Student,0
TXN-005177,ACCT-1133,2025-11-25 20:58:19,24.19,Grubhub,Nashville,Transportation,In-Store,19,Student,0
TXN-005178,ACCT-1115,2025-03-19 15:22:34,99.65,CVS Pharmacy,San Francisco,Personal Care,In-Store,40,Sales Rep,0
TXN-005179,ACCT-1125,2025-10-15 13:25:47,355.81,CVS Pharmacy,Atlanta,Utilities,Mobile App,61,Teacher,0
TXN-005180,ACCT-1070,2025-03-05 08:52:36,714.94,Netflix,Philadelphia,Subscriptions,Online,56,Student,0
TXN-005181,ACCT-1178,2025-12-12 17:52:00,182.6,Safeway,San Diego,Education,Online,59,Retired,0
TXN-005182,ACCT-1074,2025-07-31 23:33:29,148.96,United Airlines,Miami,Groceries,Mobile App,42,Freelancer,0
TXN-005183,ACCT-1088,2025-11-23 12:07:17,157.51,Zara,Phoenix,Utilities,Online,33,Designer,0
TXN-005184,ACCT-1056,2025-10-31 17:03:16,158.18,Walmart,Philadelphia,Education,Phone,39,Freelancer,0
TXN-005185,ACCT-1025,2025-02-26 07:05:40,225.63,Trader Joes,New York,Personal Care,Online,43,Chef,0
TXN-005186,ACCT-1192,2025-07-30 11:37:08,480.52,Zara,San Antonio,Groceries,In-Store,56,Designer,0
TXN-005187,ACCT-1165,2025-11-10 15:27:20,13.81,Chevron,San Antonio,Entertainment,ATM,22,Accountant,0
TXN-005188,ACCT-1038,2025-09-03 13:15:24,410.84,Trader Joes,Chicago,Subscriptions,Phone,42,Nurse,0
TXN-005189,ACCT-1095,2025-05-31 11:49:14,110.94,Nike,San Diego,Groceries,In-Store,81,Doctor,0
TXN-005190,ACCT-1109,2025-02-28 16:15:54,51.97,Best Buy,Nashville,Utilities,In-Store,42,Student,0
TXN-005191,ACCT-1162,2025-11-17 12:57:19,241.85,Nike,Denver,Groceries,In-Store,58,Retired,0
TXN-005192,ACCT-1029,2025-08-09 08:54:54,124.06,Zara,New York,Dining,In-Store,32,Freelancer,0
TXN-005193,ACCT-1039,2025-11-10 12:56:27,80.14,United Airlines,Houston,Education,Online,82,Accountant,0
TXN-005194,ACCT-1068,2025-07-07 18:02:29,20.96,Nike,Atlanta,Subscriptions,Online,22,Accountant,0
TXN-005195,ACCT-1085,2025-09-23 13:31:38,222.63,Grubhub,Dallas,Education,Mobile App,38,Student,0
TXN-005196,ACCT-1107,2025-06-12 13:13:53,512.87,Whole Foods,Austin,Gas,Online,63,Student,0
TXN-005197,ACCT-1173,2025-10-18 06:02:01,140.76,DoorDash,Chicago,Utilities,In-Store,44,Retired,0
TXN-005198,ACCT-1080,2025-04-19 15:55:27,156.14,Delta Airlines,Seattle,Utilities,Online,79,Freelancer,0
TXN-005199,ACCT-1174,2025-06-12 18:47:21,225.18,Apple Store,Phoenix,Dining,Online,34,Retired,0
TXN-005200,ACCT-1124,2025-07-27 03:10:00,461.26,Shell Gas,Miami,Shopping,Online,33,Analyst,1
TXN-005201,ACCT-1059,2025-04-18 16:14:38,152.78,Apple Store,Los Angeles,Entertainment,ATM,48,Doctor,0
TXN-005202,ACCT-1023,2025-04-20 14:38:24,93.49,Walgreens,Dallas,Groceries,Online,39,Retired,0
TXN-005203,ACCT-1196,2025-03-06 15:38:48,257.4,Target,Los Angeles,Healthcare,Mobile App,48,Freelancer,0
TXN-005204,ACCT-1060,2025-07-29 16:45:35,183.48,DoorDash,Phoenix,Groceries,Mobile App,42,Accountant,0
TXN-005205,ACCT-1040,2025-02-11 12:58:17,287.61,Starbucks,Philadelphia,Subscriptions,In-Store,29,Driver,0
TXN-005206,ACCT-1006,2025-09-08 15:33:22,136.94,Walgreens,Atlanta,Dining,ATM,55,Nurse,0
TXN-005207,ACCT-1161,2025-12-10 10:53:46,96.75,Hilton,San Antonio,Utilities,In-Store,75,Engineer,0
TXN-005208,ACCT-1101,2025-05-17 20:04:04,43.83,Netflix,Minneapolis,Utilities,In-Store,24,Doctor,0
TXN-005209,ACCT-1144,2025-08-31 18:45:24,86.0,Walgreens,San Antonio,Shopping,In-Store,27,Chef,0
TXN-005210,ACCT-1060,2025-03-17 13:38:47,245.05,Trader Joes,Phoenix,Utilities,Online,42,Accountant,0
TXN-005211,ACCT-1022,2025-07-09 10:57:54,89.54,Marriott,Detroit,Personal Care,Online,34,Analyst,0
TXN-005212,ACCT-1179,2025-01-03 17:17:35,108.55,Costco,Nashville,Groceries,Online,41,Engineer,0
TXN-005213,ACCT-1035,2025-10-29 11:51:25,137.89,Netflix,Houston,Personal Care,Mobile App,36,Chef,0
TXN-005214,ACCT-1191,2025-04-12 10:27:22,563.16,Delta Airlines,San Francisco,Education,ATM,61,Designer,0
TXN-005215,ACCT-1132,2025-05-08 07:43:23,326.54,Whole Foods,Miami,Personal Care,In-Store,54,Manager,0
TXN-005216,ACCT-1177,2025-06-16 09:29:41,16.3,Kroger,Portland,Personal Care,Online,24,Teacher,0
TXN-005217,ACCT-1087,2025-08-06 07:35:04,299.16,Home Depot,Seattle,Travel,Online,61,Manager,0
TXN-005218,ACCT-1046,2025-07-14 13:42:24,51.36,Home Depot,Atlanta,Shopping,Online,27,Driver,0
TXN-005219,ACCT-1192,2025-05-20 14:55:51,153.4,CVS Pharmacy,San Antonio,Travel,Online,56,Designer,0
TXN-005220,ACCT-1052,2025-09-01 12:09:31,91.92,Amazon,Philadelphia,Healthcare,Online,68,Accountant,0
TXN-005221,ACCT-1153,2025-05-23 18:32:24,38.14,McDonalds,Los Angeles,Gas,Mobile App,33,Lawyer,0
TXN-005222,ACCT-1127,2025-01-26 18:11:37,64.61,Uber,Denver,Travel,Mobile App,32,Nurse,0
TXN-005223,ACCT-1191,2025-05-26 20:31:57,696.45,Delta Airlines,San Francisco,Utilities,Online,61,Designer,0
TXN-005224,ACCT-1086,2025-01-24 13:55:21,37.22,Zara,Philadelphia,Dining,In-Store,20,Manager,0
TXN-005225,ACCT-1057,2025-04-13 10:52:32,61.38,Marriott,Seattle,Gas,Phone,55,Analyst,0
TXN-005226,ACCT-1179,2025-12-08 07:03:08,75.15,Best Buy,Nashville,Gas,In-Store,41,Engineer,0
TXN-005227,ACCT-1153,2025-12-22 17:30:48,93.72,McDonalds,Los Angeles,Personal Care,Online,33,Lawyer,0
TXN-005228,ACCT-1164,2025-12-12 15:00:33,52.92,Starbucks,Seattle,Transportation,Mobile App,36,Freelancer,0
TXN-005229,ACCT-1004,2025-04-23 17:35:14,201.07,Delta Airlines,Miami,Personal Care,Online,28,Designer,0
TXN-005230,ACCT-1115,2025-09-13 21:13:18,188.77,Apple Store,San Francisco,Healthcare,Mobile App,40,Sales Rep,0
TXN-005231,ACCT-1114,2025-10-26 08:07:42,28.03,Spotify,Detroit,Personal Care,In-Store,65,Teacher,0
TXN-005232,ACCT-1140,2025-11-21 22:20:02,72.55,Airbnb,Phoenix,Transportation,Online,24,Teacher,0
TXN-005233,ACCT-1183,2025-09-22 14:53:38,154.62,DoorDash,Portland,Shopping,Mobile App,60,Retired,0
TXN-005234,ACCT-1164,2025-06-22 14:38:42,164.8,Target,Seattle,Groceries,Mobile App,36,Freelancer,0
TXN-005235,ACCT-1029,2025-03-16 21:14:06,96.56,Shell Gas,New York,Entertainment,Mobile App,32,Freelancer,0
TXN-005236,ACCT-1062,2025-12-10 10:30:11,440.77,Whole Foods,Chicago,Groceries,ATM,52,Student,0
TXN-005237,ACCT-1157,2025-01-13 14:49:41,186.38,Trader Joes,Minneapolis,Groceries,Online,57,Lawyer,0
TXN-005238,ACCT-1146,2025-12-27 08:56:44,26.72,CVS Pharmacy,Atlanta,Entertainment,In-Store,39,Accountant,0
TXN-005239,ACCT-1006,2025-04-15 06:18:39,113.13,Starbucks,Atlanta,Personal Care,In-Store,55,Nurse,0
TXN-005240,ACCT-1168,2025-05-29 13:09:22,22.32,Zara,Boston,Travel,In-Store,82,Teacher,0
TXN-005241,ACCT-1038,2025-12-23 00:12:40,121.95,Chevron,Chicago,Entertainment,Online,42,Nurse,0
TXN-005242,ACCT-1059,2025-11-19 14:01:46,351.23,Hilton,Los Angeles,Groceries,Online,48,Doctor,0
TXN-005243,ACCT-1031,2025-07-21 10:00:52,28.54,Costco,San Antonio,Transportation,Online,71,Doctor,0
TXN-005244,ACCT-1131,2025-12-26 20:31:55,374.29,Amazon,Dallas,Entertainment,Online,34,Lawyer,0
TXN-005245,ACCT-1175,2025-05-27 11:45:29,1105.97,DoorDash,Los Angeles,Personal Care,In-Store,59,Student,0
TXN-005246,ACCT-1042,2025-09-22 16:36:48,77.78,Shell Gas,Seattle,Gas,Online,50,Sales Rep,0
TXN-005247,ACCT-1144,2025-12-20 14:51:50,253.28,Spotify,San Antonio,Dining,In-Store,27,Chef,0
TXN-005248,ACCT-1030,2025-07-19 23:52:55,161.35,Safeway,Seattle,Groceries,Mobile App,48,Manager,0
TXN-005249,ACCT-1164,2025-03-20 08:13:19,82.0,Spotify,Seattle,Subscriptions,In-Store,36,Freelancer,0
TXN-005250,ACCT-1192,2025-01-02 15:17:55,318.06,Apple Store,San Antonio,Groceries,Mobile App,56,Designer,0
TXN-005251,ACCT-1080,2025-03-03 11:34:38,121.9,Walgreens,Seattle,Personal Care,ATM,79,Freelancer,0
TXN-005252,ACCT-1032,2025-10-01 23:00:18,215.72,CVS Pharmacy,New York,Subscriptions,ATM,34,Analyst,0
TXN-005253,ACCT-1192,2025-08-09 21:12:29,156.97,Netflix,San Antonio,Gas,In-Store,56,Designer,0
TXN-005254,ACCT-1103,2025-07-11 16:48:06,14.97,Hilton,Houston,Healthcare,Mobile App,23,Sales Rep,0
TXN-005255,ACCT-1103,2025-07-02 15:44:47,33.12,Kroger,Houston,Dining,In-Store,23,Sales Rep,0
TXN-005256,ACCT-1123,2025-06-09 19:31:42,167.66,Shell Gas,San Diego,Gas,Mobile App,37,Lawyer,0
TXN-005257,ACCT-1192,2025-03-30 10:22:50,370.75,Uber,San Antonio,Transportation,Mobile App,56,Designer,0
TXN-005258,ACCT-1081,2025-11-17 08:02:22,37.73,Best Buy,Denver,Entertainment,In-Store,77,Accountant,0
TXN-005259,ACCT-1103,2025-05-14 11:51:26,29.25,Kroger,Houston,Utilities,Mobile App,23,Sales Rep,0
TXN-005260,ACCT-1156,2025-03-17 13:41:38,29.87,Kroger,Atlanta,Entertainment,Mobile App,18,Sales Rep,0
TXN-005261,ACCT-1133,2025-07-02 05:58:37,36.28,Apple Store,Nashville,Gas,Mobile App,19,Student,0
TXN-005262,ACCT-1139,2025-08-08 23:14:15,105.06,Apple Store,Los Angeles,Personal Care,Online,40,Driver,0
TXN-005263,ACCT-1037,2025-07-25 16:16:16,75.7,DoorDash,Atlanta,Travel,Online,18,Designer,0
TXN-005264,ACCT-1127,2025-09-18 11:02:37,124.3,Uber,Denver,Dining,Online,32,Nurse,0
TXN-005265,ACCT-1112,2025-02-05 20:51:00,750.0,Chevron,San Diego,Utilities,ATM,23,Sales Rep,1
TXN-005266,ACCT-1101,2025-02-01 16:11:57,54.84,Amazon,Minneapolis,Travel,In-Store,24,Doctor,0
TXN-005267,ACCT-1175,2025-05-29 22:56:57,201.63,Hilton,Chicago,Groceries,Mobile App,59,Student,0
TXN-005268,ACCT-1149,2025-05-13 11:09:45,74.08,McDonalds,Los Angeles,Travel,Online,41,Sales Rep,0
TXN-005269,ACCT-1146,2025-02-27 13:25:25,68.96,CVS Pharmacy,Dallas,Utilities,ATM,39,Accountant,0
TXN-005270,ACCT-1162,2025-05-23 23:56:33,492.31,CVS Pharmacy,Denver,Shopping,In-Store,58,Retired,0
TXN-005271,ACCT-1007,2025-07-11 15:54:11,213.41,Best Buy,Atlanta,Gas,Online,66,Sales Rep,0
TXN-005272,ACCT-1028,2025-06-27 11:56:03,21.06,Shell Gas,Seattle,Personal Care,Online,23,Freelancer,0
TXN-005273,ACCT-1066,2025-01-03 22:46:51,112.69,Hilton,Houston,Utilities,Phone,38,Teacher,0
TXN-005274,ACCT-1018,2025-06-07 12:28:20,91.98,Starbucks,Minneapolis,Personal Care,Online,28,Retired,0
TXN-005275,ACCT-1102,2025-06-09 08:09:46,89.39,Target,Miami,Transportation,In-Store,30,Accountant,0
TXN-005276,ACCT-1050,2025-06-19 16:58:54,59.91,CVS Pharmacy,Minneapolis,Gas,Online,43,Designer,0
TXN-005277,ACCT-1195,2025-01-22 11:12:07,734.19,Walmart,Houston,Personal Care,Mobile App,46,Retired,0
TXN-005278,ACCT-1044,2025-04-03 12:51:40,32.71,Home Depot,Portland,Personal Care,In-Store,73,Doctor,0
TXN-005279,ACCT-1135,2025-03-15 12:15:10,89.18,Chevron,Los Angeles,Dining,In-Store,37,Driver,0
TXN-005280,ACCT-1101,2025-08-15 12:32:17,43.01,Netflix,Minneapolis,Shopping,Mobile App,24,Doctor,0
TXN-005281,ACCT-1175,2025-03-22 09:49:18,287.42,Kroger,Denver,Education,Mobile App,59,Student,0
TXN-005282,ACCT-1004,2025-02-25 15:12:58,267.43,Zara,Denver,Education,Online,28,Designer,0
TXN-005283,ACCT-1085,2025-01-13 06:08:23,132.18,Hilton,Phoenix,Transportation,In-Store,38,Student,0
TXN-005284,ACCT-1005,2025-01-24 08:27:27,20.99,Apple Store,Phoenix,Shopping,In-Store,24,Student,0
TXN-005285,ACCT-1083,2025-08-04 19:25:10,128.83,Netflix,Detroit,Utilities,In-Store,52,Freelancer,0
TXN-005286,ACCT-1141,2025-08-15 10:53:20,118.45,Kroger,San Diego,Education,Online,32,Engineer,0
TXN-005287,ACCT-1023,2025-10-09 12:41:08,44.53,Marriott,Dallas,Utilities,Online,39,Retired,0
TXN-005288,ACCT-1015,2025-09-13 20:27:16,75.58,Airbnb,Minneapolis,Personal Care,In-Store,43,Lawyer,0
TXN-005289,ACCT-1124,2025-07-20 06:18:30,60.77,Chevron,Miami,Gas,ATM,33,Analyst,0
TXN-005290,ACCT-1105,2025-07-04 13:03:18,278.79,Trader Joes,New York,Entertainment,In-Store,51,Teacher,0
TXN-005291,ACCT-1128,2025-02-05 22:37:02,32.18,Chevron,Denver,Subscriptions,In-Store,21,Engineer,0
TXN-005292,ACCT-1030,2025-01-24 09:11:52,245.85,Safeway,Seattle,Healthcare,Online,48,Manager,0
TXN-005293,ACCT-1160,2025-12-28 03:55:00,241.64,Chevron,Denver,Transportation,Online,40,Nurse,1
TXN-005294,ACCT-1036,2025-01-21 21:18:12,23.62,DoorDash,Miami,Personal Care,Online,21,Sales Rep,0
TXN-005295,ACCT-1194,2025-11-01 13:24:17,137.11,Hilton,San Diego,Dining,In-Store,84,Lawyer,0
TXN-005296,ACCT-1028,2025-12-03 18:20:05,53.66,Hilton,Seattle,Healthcare,In-Store,23,Freelancer,0
TXN-005297,ACCT-1039,2025-01-16 15:33:02,245.84,McDonalds,Houston,Groceries,Online,82,Accountant,0
TXN-005298,ACCT-1059,2025-09-28 09:12:56,267.12,Hilton,Los Angeles,Shopping,Online,48,Doctor,0
TXN-005299,ACCT-1069,2025-08-22 18:09:30,98.38,Kroger,Minneapolis,Entertainment,ATM,32,Manager,0
TXN-005300,ACCT-1083,2025-01-27 13:06:21,151.87,Whole Foods,Detroit,Travel,Online,52,Freelancer,0
TXN-005301,ACCT-1146,2025-12-24 16:35:00,242.22,Delta Airlines,Atlanta,Entertainment,In-Store,39,Accountant,0
TXN-005302,ACCT-1017,2025-10-08 18:05:49,121.63,Zara,San Diego,Transportation,In-Store,76,Nurse,0
TXN-005303,ACCT-1030,2025-08-06 17:24:35,178.89,Costco,Seattle,Utilities,Online,48,Manager,0
TXN-005304,ACCT-1178,2025-06-03 13:58:28,660.02,Grubhub,Chicago,Subscriptions,Mobile App,59,Retired,0
TXN-005305,ACCT-1134,2025-08-22 14:49:42,465.69,Walmart,Miami,Travel,Online,56,Student,0
TXN-005306,ACCT-1127,2025-01-14 13:54:21,51.58,Uber,Denver,Shopping,In-Store,32,Nurse,0
TXN-005307,ACCT-1106,2025-05-18 17:00:36,44.1,Shell Gas,San Francisco,Personal Care,In-Store,23,Retired,0
TXN-005308,ACCT-1167,2025-02-15 16:11:12,161.6,Walmart,Seattle,Dining,ATM,57,Manager,0
TXN-005309,ACCT-1057,2025-06-12 11:56:46,299.47,Starbucks,New York,Utilities,In-Store,55,Analyst,0
TXN-005310,ACCT-1167,2025-05-19 13:30:59,135.64,Amazon,Seattle,Travel,Online,57,Manager,0
TXN-005311,ACCT-1130,2025-04-18 13:06:11,29.19,Zara,New York,Utilities,Phone,27,Lawyer,0
TXN-005312,ACCT-1184,2025-04-22 12:51:54,34.42,Zara,Seattle,Groceries,In-Store,30,Analyst,0
TXN-005313,ACCT-1197,2025-03-02 10:56:38,190.97,Uber,San Antonio,Dining,In-Store,37,Student,0
TXN-005314,ACCT-1076,2025-05-03 08:58:58,8.32,Spotify,Portland,Entertainment,Online,18,Teacher,0
TXN-005315,ACCT-1043,2025-07-31 11:15:38,271.12,Amazon,Atlanta,Entertainment,Mobile App,34,Manager,0
TXN-005316,ACCT-1011,2025-12-16 14:56:04,355.26,Delta Airlines,Atlanta,Education,Online,47,Doctor,0
TXN-005317,ACCT-1027,2025-05-01 14:35:05,156.08,Uber,Houston,Healthcare,Online,28,Sales Rep,0
TXN-005318,ACCT-1105,2025-05-06 00:37:35,399.21,Delta Airlines,New York,Travel,Mobile App,51,Teacher,0
TXN-005319,ACCT-1078,2025-06-09 13:10:59,21.8,Zara,Houston,Gas,ATM,24,Freelancer,0
TXN-005320,ACCT-1066,2025-07-19 06:44:06,423.01,Home Depot,Houston,Entertainment,Online,38,Teacher,0
TXN-005321,ACCT-1170,2025-06-04 20:34:12,287.38,Costco,San Francisco,Personal Care,Mobile App,60,Lawyer,0
TXN-005322,ACCT-1102,2025-08-18 09:24:05,107.52,Shell Gas,Miami,Personal Care,Online,30,Accountant,0
TXN-005323,ACCT-1032,2025-03-31 08:22:35,201.09,Best Buy,New York,Shopping,ATM,34,Analyst,0
TXN-005324,ACCT-1070,2025-10-06 12:50:39,252.78,Walmart,Portland,Subscriptions,ATM,56,Student,0
TXN-005325,ACCT-1129,2025-02-14 07:12:46,92.68,Netflix,Chicago,Subscriptions,In-Store,32,Sales Rep,0
TXN-005326,ACCT-1190,2025-05-19 14:25:00,2037.26,Marriott,Nashville,Travel,In-Store,40,Teacher,1
TXN-005327,ACCT-1122,2025-03-31 12:40:44,312.23,Lyft,Portland,Transportation,Mobile App,34,Retired,0
TXN-005328,ACCT-1132,2025-10-20 12:30:09,356.09,Whole Foods,Miami,Dining,Online,54,Manager,0
TXN-005329,ACCT-1028,2025-02-17 08:02:01,31.75,Kroger,Seattle,Healthcare,Mobile App,23,Freelancer,0
TXN-005330,ACCT-1038,2025-11-20 09:20:32,238.44,Spotify,Chicago,Utilities,In-Store,42,Nurse,0
TXN-005331,ACCT-1075,2025-12-29 13:30:01,122.78,Nike,Denver,Personal Care,In-Store,81,Accountant,0
TXN-005332,ACCT-1168,2025-09-28 18:18:42,70.35,Chevron,Boston,Travel,Online,82,Teacher,0
TXN-005333,ACCT-1121,2025-04-30 12:05:41,74.37,Home Depot,Houston,Dining,Online,35,Accountant,0
TXN-005334,ACCT-1038,2025-03-19 12:03:46,125.77,Grubhub,Chicago,Travel,In-Store,42,Nurse,0
TXN-005335,ACCT-1189,2025-04-17 18:40:00,11.82,Safeway,Detroit,Travel,Mobile App,23,Designer,0
TXN-005336,ACCT-1184,2025-11-04 08:09:52,24.83,United Airlines,Seattle,Utilities,Online,30,Analyst,0
TXN-005337,ACCT-1071,2025-11-04 17:17:36,150.54,Apple Store,Nashville,Groceries,Online,42,Analyst,0
TXN-005338,ACCT-1157,2025-10-26 14:37:11,128.57,Netflix,San Diego,Gas,Online,57,Lawyer,0
TXN-005339,ACCT-1152,2025-02-01 08:50:43,405.5,Walmart,San Francisco,Entertainment,In-Store,58,Chef,0
TXN-005340,ACCT-1141,2025-10-16 09:01:39,133.27,Zara,San Diego,Dining,In-Store,32,Engineer,0
TXN-005341,ACCT-1044,2025-04-10 13:29:58,206.83,Grubhub,Portland,Personal Care,Mobile App,73,Doctor,0
TXN-005342,ACCT-1151,2025-11-02 17:25:02,146.9,Costco,Denver,Education,In-Store,36,Retired,0
TXN-005343,ACCT-1043,2025-11-23 09:59:27,141.29,Zara,Atlanta,Subscriptions,Online,34,Manager,0
TXN-005344,ACCT-1015,2025-07-08 16:01:51,95.63,Walgreens,Minneapolis,Education,Online,43,Lawyer,0
TXN-005345,ACCT-1050,2025-12-02 16:53:55,58.28,Walmart,Minneapolis,Gas,Online,43,Designer,0
TXN-005346,ACCT-1160,2025-09-07 17:15:24,47.98,Starbucks,Denver,Shopping,In-Store,40,Nurse,0
TXN-005347,ACCT-1006,2025-07-07 21:04:10,103.16,Walgreens,Atlanta,Utilities,Phone,55,Nurse,0
TXN-005348,ACCT-1143,2025-05-10 13:40:50,33.88,Delta Airlines,Minneapolis,Groceries,In-Store,76,Retired,0
TXN-005349,ACCT-1114,2025-07-29 20:53:02,26.63,Best Buy,Detroit,Dining,Online,65,Teacher,0
TXN-005350,ACCT-1136,2025-08-18 11:39:15,222.97,Starbucks,Boston,Travel,Online,60,Sales Rep,0
TXN-005351,ACCT-1191,2025-11-07 16:04:13,408.92,Uber,San Francisco,Entertainment,ATM,61,Designer,0
TXN-005352,ACCT-1024,2025-10-09 20:26:52,141.15,Netflix,Philadelphia,Transportation,Mobile App,44,Lawyer,0
TXN-005353,ACCT-1160,2025-08-29 20:49:15,73.16,Marriott,Denver,Personal Care,Mobile App,40,Nurse,0
TXN-005354,ACCT-1016,2025-11-03 10:49:12,106.99,Airbnb,Miami,Personal Care,Mobile App,26,Driver,0
TXN-005355,ACCT-1048,2025-04-01 21:56:05,100.11,Uber,San Antonio,Groceries,Mobile App,25,Lawyer,0
TXN-005356,ACCT-1137,2025-01-17 09:20:27,128.06,McDonalds,Miami,Healthcare,Mobile App,41,Lawyer,0
TXN-005357,ACCT-1129,2025-09-13 16:52:14,44.05,Netflix,Chicago,Utilities,Mobile App,32,Sales Rep,0
TXN-005358,ACCT-1149,2025-09-13 09:47:49,94.68,Apple Store,Los Angeles,Dining,Online,41,Sales Rep,0
TXN-005359,ACCT-1034,2025-11-28 12:04:01,276.42,Amazon,Philadelphia,Subscriptions,Online,41,Lawyer,0
TXN-005360,ACCT-1100,2025-05-08 14:45:28,34.76,Starbucks,Philadelphia,Entertainment,In-Store,80,Manager,0
TXN-005361,ACCT-1069,2025-07-31 09:01:09,41.1,Shell Gas,Minneapolis,Entertainment,Online,32,Manager,0
TXN-005362,ACCT-1028,2025-08-09 10:54:29,33.23,Shell Gas,Seattle,Personal Care,In-Store,23,Freelancer,0
TXN-005363,ACCT-1158,2025-11-10 10:37:46,29.92,Netflix,Nashville,Entertainment,Mobile App,23,Doctor,0
TXN-005364,ACCT-1107,2025-04-12 07:40:15,975.73,Uber,Austin,Subscriptions,Online,63,Student,0
TXN-005365,ACCT-1046,2025-07-25 08:23:12,157.16,Safeway,Atlanta,Shopping,ATM,27,Driver,0
TXN-005366,ACCT-1020,2025-02-25 05:37:22,267.31,DoorDash,Detroit,Personal Care,Online,36,Engineer,0
TXN-005367,ACCT-1164,2025-12-30 19:18:20,60.37,Apple Store,Seattle,Subscriptions,Online,36,Freelancer,0
TXN-005368,ACCT-1165,2025-07-21 19:29:29,34.89,Chevron,San Antonio,Entertainment,In-Store,22,Accountant,0
TXN-005369,ACCT-1060,2025-03-29 13:31:11,167.11,DoorDash,Phoenix,Utilities,In-Store,42,Accountant,0
TXN-005370,ACCT-1077,2025-03-01 10:23:40,69.29,Apple Store,Seattle,Gas,In-Store,80,Driver,0
TXN-005371,ACCT-1155,2025-08-20 08:05:50,142.44,Shell Gas,Los Angeles,Travel,Online,35,Accountant,0
TXN-005372,ACCT-1105,2025-11-06 09:24:48,494.19,Shell Gas,New York,Personal Care,Online,51,Teacher,0
TXN-005373,ACCT-1042,2025-01-13 09:55:39,35.75,Walmart,Seattle,Personal Care,Online,50,Sales Rep,0
TXN-005374,ACCT-1141,2025-09-22 09:16:48,346.37,United Airlines,San Diego,Healthcare,Mobile App,32,Engineer,0
TXN-005375,ACCT-1110,2025-04-25 17:37:18,121.61,CVS Pharmacy,San Francisco,Healthcare,Mobile App,34,Analyst,0
TXN-005376,ACCT-1014,2025-12-03 09:14:57,573.04,Netflix,Nashville,Education,ATM,54,Chef,0
TXN-005377,ACCT-1155,2025-05-03 21:51:26,531.12,Lyft,Los Angeles,Personal Care,Mobile App,35,Accountant,0
TXN-005378,ACCT-1052,2025-11-05 10:40:37,169.08,Hilton,Philadelphia,Transportation,Online,68,Accountant,0
TXN-005379,ACCT-1195,2025-06-01 20:54:20,1046.87,DoorDash,Houston,Subscriptions,In-Store,46,Retired,0
TXN-005380,ACCT-1149,2025-08-26 11:39:11,232.13,Apple Store,Los Angeles,Personal Care,Online,41,Sales Rep,0
TXN-005381,ACCT-1161,2025-06-02 11:58:17,125.43,Hilton,Detroit,Groceries,Online,75,Engineer,0
TXN-005382,ACCT-1043,2025-05-29 11:12:28,417.39,Walmart,Nashville,Personal Care,Online,34,Manager,0
TXN-005383,ACCT-1199,2025-01-24 09:09:34,195.15,Trader Joes,Houston,Education,Online,33,Chef,0
TXN-005384,ACCT-1156,2025-11-21 19:46:48,21.87,Kroger,Atlanta,Utilities,Mobile App,18,Sales Rep,0
TXN-005385,ACCT-1068,2025-08-27 10:18:37,13.24,Hilton,Atlanta,Transportation,In-Store,22,Accountant,0
TXN-005386,ACCT-1193,2025-01-15 17:57:10,19.58,Spotify,San Diego,Healthcare,In-Store,42,Sales Rep,0
TXN-005387,ACCT-1022,2025-03-03 08:03:18,69.82,Marriott,Detroit,Shopping,Online,34,Analyst,0
TXN-005388,ACCT-1071,2025-05-19 15:46:23,140.63,Home Depot,Portland,Travel,Mobile App,42,Analyst,0
TXN-005389,ACCT-1173,2025-04-14 17:43:35,309.96,Best Buy,Boston,Entertainment,Online,44,Retired,0
TXN-005390,ACCT-1197,2025-05-15 14:47:29,455.06,Best Buy,Los Angeles,Travel,In-Store,37,Student,0
TXN-005391,ACCT-1128,2025-05-16 18:00:28,23.11,Chevron,Denver,Shopping,In-Store,21,Engineer,0
TXN-005392,ACCT-1074,2025-04-30 14:57:13,171.32,Delta Airlines,Miami,Education,Online,42,Freelancer,0
TXN-005393,ACCT-1193,2025-12-28 09:43:01,22.96,Marriott,Detroit,Personal Care,Mobile App,42,Sales Rep,0
TXN-005394,ACCT-1196,2025-04-07 10:46:31,241.32,Target,Los Angeles,Dining,ATM,48,Freelancer,0
TXN-005395,ACCT-1072,2025-05-11 07:17:22,331.24,Walmart,Minneapolis,Entertainment,In-Store,53,Analyst,0
TXN-005396,ACCT-1060,2025-08-19 13:46:35,82.26,Trader Joes,Phoenix,Utilities,In-Store,42,Accountant,0
TXN-005397,ACCT-1199,2025-08-30 14:52:36,249.27,Kroger,Houston,Utilities,Online,33,Chef,0
TXN-005398,ACCT-1071,2025-12-30 18:03:00,316.75,FastCash ATM Services,Lagos,Shopping,Online,42,Analyst,1
TXN-005399,ACCT-1023,2025-07-08 11:36:33,31.89,Lyft,Dallas,Education,Online,39,Retired,0
TXN-005400,ACCT-1050,2025-02-06 14:58:43,65.62,Walmart,Minneapolis,Shopping,Phone,43,Designer,0
TXN-005401,ACCT-1016,2025-04-06 19:00:46,83.69,Marriott,Miami,Personal Care,Online,26,Driver,0
TXN-005402,ACCT-1058,2025-03-18 09:53:15,178.92,Nike,San Diego,Personal Care,Online,36,Designer,0
TXN-005403,ACCT-1046,2025-01-04 17:10:47,123.51,Target,Atlanta,Personal Care,In-Store,27,Driver,0
TXN-005404,ACCT-1142,2025-09-17 15:54:36,159.96,Safeway,Los Angeles,Travel,Mobile App,36,Analyst,0
TXN-005405,ACCT-1036,2025-05-23 10:36:43,20.67,Walgreens,Miami,Personal Care,Online,21,Sales Rep,0
TXN-005406,ACCT-1108,2025-09-20 20:29:54,204.2,CVS Pharmacy,San Francisco,Travel,Mobile App,34,Retired,0
TXN-005407,ACCT-1115,2025-11-13 16:20:43,102.04,Kroger,San Francisco,Utilities,Online,40,Sales Rep,0
TXN-005408,ACCT-1083,2025-08-08 14:32:49,587.37,Grubhub,Detroit,Healthcare,Mobile App,52,Freelancer,0
TXN-005409,ACCT-1147,2025-09-17 11:46:21,265.64,Zara,Atlanta,Transportation,Online,75,Doctor,0
TXN-005410,ACCT-1038,2025-11-24 17:41:49,271.28,Marriott,Chicago,Healthcare,Online,42,Nurse,0
TXN-005411,ACCT-1100,2025-02-01 15:33:43,218.96,Shell Gas,Phoenix,Transportation,Phone,80,Manager,0
TXN-005412,ACCT-1034,2025-03-01 10:50:26,52.43,Amazon,Philadelphia,Gas,Online,41,Lawyer,0
TXN-005413,ACCT-1004,2025-08-13 19:15:37,144.74,Chevron,Denver,Dining,Online,28,Designer,0
TXN-005414,ACCT-1052,2025-03-19 10:50:00,99.44,Shell Gas,Philadelphia,Entertainment,Mobile App,68,Accountant,0
TXN-005415,ACCT-1148,2025-11-18 18:15:32,36.97,Walgreens,Houston,Healthcare,In-Store,23,Chef,0
TXN-005416,ACCT-1198,2025-02-16 11:41:24,382.09,Delta Airlines,Houston,Transportation,Online,53,Engineer,0
TXN-005417,ACCT-1186,2025-02-04 11:26:54,21.75,McDonalds,Dallas,Personal Care,ATM,19,Freelancer,0
TXN-005418,ACCT-1078,2025-08-30 14:34:03,28.0,Spotify,Houston,Gas,In-Store,24,Freelancer,0
TXN-005419,ACCT-1089,2025-04-09 10:31:08,28.65,Whole Foods,Atlanta,Personal Care,In-Store,18,Driver,0
TXN-005420,ACCT-1020,2025-02-20 10:20:59,461.73,DoorDash,Philadelphia,Subscriptions,In-Store,36,Engineer,0
TXN-005421,ACCT-1013,2025-02-12 13:26:10,235.2,McDonalds,Houston,Groceries,In-Store,45,Driver,0
TXN-005422,ACCT-1166,2025-05-04 13:07:07,290.41,Walgreens,Detroit,Transportation,Online,21,Designer,1
TXN-005423,ACCT-1126,2025-04-23 10:52:11,264.63,Uber,Portland,Subscriptions,In-Store,30,Driver,0
TXN-005424,ACCT-1046,2025-10-22 09:59:09,123.82,Target,Atlanta,Education,In-Store,27,Driver,0
TXN-005425,ACCT-1016,2025-12-27 10:05:16,139.11,Uber,Miami,Entertainment,Phone,26,Driver,0
TXN-005426,ACCT-1068,2025-12-22 12:49:07,23.4,Hilton,Atlanta,Personal Care,ATM,22,Accountant,0
TXN-005427,ACCT-1164,2025-09-19 17:00:07,74.06,Target,San Antonio,Subscriptions,In-Store,36,Freelancer,0
TXN-005428,ACCT-1037,2025-09-29 19:59:47,72.02,DoorDash,Seattle,Healthcare,Mobile App,18,Designer,0
TXN-005429,ACCT-1037,2025-10-08 21:04:40,97.99,DoorDash,Atlanta,Entertainment,Online,18,Designer,0
TXN-005430,ACCT-1075,2025-03-28 06:22:00,1779.48,CryptoXchange Ltd,Tirana,Shopping,Online,81,Accountant,1
TXN-005431,ACCT-1189,2025-10-22 11:08:16,28.7,Walmart,Detroit,Entertainment,Online,23,Designer,0
TXN-005432,ACCT-1119,2025-08-07 05:23:03,167.83,Costco,Boston,Groceries,Online,41,Designer,0
TXN-005433,ACCT-1156,2025-03-09 12:19:53,21.76,Zara,Atlanta,Gas,Mobile App,18,Sales Rep,0
TXN-005434,ACCT-1080,2025-06-20 16:45:59,59.51,Best Buy,Seattle,Transportation,In-Store,79,Freelancer,0
TXN-005435,ACCT-1014,2025-03-23 11:44:12,663.99,Starbucks,Nashville,Dining,In-Store,54,Chef,0
TXN-005436,ACCT-1100,2025-06-04 13:16:50,64.34,McDonalds,Phoenix,Subscriptions,Mobile App,80,Manager,0
TXN-005437,ACCT-1109,2025-10-24 17:55:11,48.12,Best Buy,Nashville,Personal Care,In-Store,42,Student,0
TXN-005438,ACCT-1037,2025-02-20 12:19:06,137.14,Netflix,Atlanta,Dining,Mobile App,18,Designer,0
TXN-005439,ACCT-1043,2025-08-11 15:33:11,240.32,CVS Pharmacy,Atlanta,Gas,In-Store,34,Manager,0
TXN-005440,ACCT-1184,2025-01-29 20:51:39,43.3,Trader Joes,Seattle,Utilities,ATM,30,Analyst,0
TXN-005441,ACCT-1022,2025-05-09 16:01:04,85.0,Lyft,Chicago,Subscriptions,In-Store,34,Analyst,0
TXN-005442,ACCT-1089,2025-12-11 13:56:45,23.66,Whole Foods,Dallas,Shopping,Online,18,Driver,0
TXN-005443,ACCT-1101,2025-11-11 08:29:51,28.32,Airbnb,Austin,Education,In-Store,24,Doctor,0
TXN-005444,ACCT-1084,2025-07-18 11:43:07,30.16,Chevron,Dallas,Education,Online,24,Engineer,0
TXN-005445,ACCT-1130,2025-10-19 18:43:50,97.6,Spotify,Detroit,Dining,In-Store,27,Lawyer,0
TXN-005446,ACCT-1036,2025-12-10 03:29:00,236.68,Walgreens,Miami,Entertainment,Online,21,Sales Rep,1
TXN-005447,ACCT-1145,2025-11-17 23:19:05,38.74,Shell Gas,Nashville,Healthcare,In-Store,19,Chef,0
TXN-005448,ACCT-1099,2025-08-13 16:10:22,131.48,Airbnb,Detroit,Subscriptions,In-Store,32,Sales Rep,0
TXN-005449,ACCT-1001,2025-09-18 11:38:34,165.72,Nike,Minneapolis,Education,In-Store,64,Nurse,0
TXN-005450,ACCT-1113,2025-05-21 17:26:33,82.37,Home Depot,Houston,Education,Mobile App,41,Designer,0
TXN-005451,ACCT-1109,2025-12-08 17:38:05,49.39,Shell Gas,Dallas,Travel,Mobile App,42,Student,0
TXN-005452,ACCT-1046,2025-04-04 17:55:23,214.84,Target,Atlanta,Transportation,Online,27,Driver,0
TXN-005453,ACCT-1152,2025-09-23 07:24:26,235.17,Walmart,San Francisco,Gas,Online,58,Chef,0
TXN-005454,ACCT-1189,2025-02-19 16:53:32,33.51,Walmart,Detroit,Gas,In-Store,23,Designer,0
TXN-005455,ACCT-1049,2025-08-12 09:20:21,147.63,Zara,Chicago,Transportation,In-Store,48,Accountant,0
TXN-005456,ACCT-1171,2025-08-01 20:19:49,302.57,Netflix,Boston,Subscriptions,Phone,57,Doctor,0
TXN-005457,ACCT-1163,2025-01-09 15:11:09,215.83,Zara,Boston,Gas,In-Store,48,Teacher,0
TXN-005458,ACCT-1135,2025-02-27 11:08:57,204.42,DoorDash,Los Angeles,Shopping,In-Store,37,Driver,0
TXN-005459,ACCT-1029,2025-04-13 08:50:14,155.5,Grubhub,New York,Travel,In-Store,32,Freelancer,0
TXN-005460,ACCT-1151,2025-02-04 08:57:35,90.88,Airbnb,Denver,Entertainment,Online,36,Retired,0
TXN-005461,ACCT-1041,2025-08-17 14:41:00,1055.56,Uber,Los Angeles,Shopping,In-Store,44,Designer,1
TXN-005462,ACCT-1052,2025-11-26 20:12:25,68.13,United Airlines,Philadelphia,Travel,Online,68,Accountant,0
TXN-005463,ACCT-1031,2025-04-23 09:02:38,99.76,CVS Pharmacy,San Antonio,Dining,Online,71,Doctor,0
TXN-005464,ACCT-1099,2025-07-06 11:08:39,61.17,Airbnb,Detroit,Personal Care,Phone,32,Sales Rep,0
TXN-005465,ACCT-1047,2025-11-01 18:35:06,95.93,Amazon,Dallas,Dining,Online,75,Sales Rep,0
TXN-005466,ACCT-1012,2025-08-18 17:23:09,56.84,Apple Store,Denver,Dining,Online,22,Teacher,0
TXN-005467,ACCT-1178,2025-11-11 13:36:26,249.23,Amazon,Chicago,Shopping,Online,59,Retired,0
TXN-005468,ACCT-1090,2025-09-21 09:23:50,40.5,Safeway,Dallas,Travel,Online,24,Retired,0
TXN-005469,ACCT-1118,2025-02-21 15:37:36,249.86,Target,Detroit,Travel,In-Store,37,Designer,0
TXN-005470,ACCT-1147,2025-03-21 14:49:49,160.02,Best Buy,Atlanta,Subscriptions,Mobile App,75,Doctor,0
TXN-005471,ACCT-1140,2025-04-14 17:09:40,70.41,Shell Gas,Detroit,Dining,Online,24,Teacher,0
TXN-005472,ACCT-1010,2025-09-29 10:23:13,12.14,Airbnb,Philadelphia,Healthcare,Online,19,Sales Rep,0
TXN-005473,ACCT-1045,2025-04-04 17:05:57,121.93,Netflix,Philadelphia,Utilities,Mobile App,66,Chef,0
TXN-005474,ACCT-1183,2025-03-29 08:16:57,233.43,Uber,Portland,Education,In-Store,60,Retired,0
TXN-005475,ACCT-1111,2025-09-23 10:56:00,96.61,United Airlines,Houston,Groceries,Online,22,Analyst,0
TXN-005476,ACCT-1191,2025-12-09 08:12:08,895.11,Grubhub,San Francisco,Education,In-Store,61,Designer,0
TXN-005477,ACCT-1156,2025-01-19 21:36:22,26.63,Zara,New York,Gas,Online,18,Sales Rep,0
TXN-005478,ACCT-1120,2025-11-25 20:48:56,361.47,Safeway,Minneapolis,Utilities,Online,54,Teacher,0
TXN-005479,ACCT-1066,2025-08-29 11:37:53,114.05,Home Depot,Houston,Gas,Mobile App,38,Teacher,0
TXN-005480,ACCT-1197,2025-04-17 08:22:56,133.61,Trader Joes,Los Angeles,Dining,In-Store,37,Student,0
TXN-005481,ACCT-1015,2025-06-13 10:55:45,60.12,Walgreens,Minneapolis,Entertainment,Mobile App,43,Lawyer,0
TXN-005482,ACCT-1082,2025-10-22 14:18:56,128.18,Safeway,Philadelphia,Education,Mobile App,26,Driver,0
TXN-005483,ACCT-1087,2025-12-01 00:33:55,636.91,Home Depot,Seattle,Utilities,In-Store,61,Manager,0
TXN-005484,ACCT-1193,2025-10-10 09:03:43,74.68,Starbucks,San Diego,Personal Care,In-Store,42,Sales Rep,0
TXN-005485,ACCT-1133,2025-11-27 11:05:05,69.95,Kroger,Nashville,Gas,ATM,19,Student,0
TXN-005486,ACCT-1048,2025-09-04 08:03:38,68.26,United Airlines,San Antonio,Travel,Mobile App,25,Lawyer,0
TXN-005487,ACCT-1119,2025-01-01 09:41:09,126.67,Home Depot,Boston,Personal Care,In-Store,41,Designer,0
TXN-005488,ACCT-1195,2025-10-07 00:26:23,302.36,Marriott,Houston,Entertainment,Online,46,Retired,0
TXN-005489,ACCT-1056,2025-03-26 10:35:39,60.33,Target,Philadelphia,Personal Care,Online,39,Freelancer,0
TXN-005490,ACCT-1009,2025-07-07 19:14:38,41.0,Walgreens,Austin,Personal Care,Online,69,Analyst,0
TXN-005491,ACCT-1198,2025-11-03 14:30:19,704.07,Kroger,Houston,Transportation,Online,53,Engineer,0
TXN-005492,ACCT-1032,2025-12-28 18:19:09,139.41,Hilton,New York,Groceries,Mobile App,34,Analyst,0
TXN-005493,ACCT-1167,2025-05-06 08:35:49,183.59,Zara,Seattle,Transportation,Online,57,Manager,0
TXN-005494,ACCT-1131,2025-03-18 17:04:11,188.64,Walgreens,Dallas,Travel,Online,34,Lawyer,0
TXN-005495,ACCT-1176,2025-07-15 12:47:20,435.41,Netflix,Boston,Transportation,Online,62,Designer,0
TXN-005496,ACCT-1167,2025-04-20 07:59:00,294.85,Hilton,Seattle,Education,In-Store,57,Manager,0
TXN-005497,ACCT-1084,2025-02-08 19:45:42,26.27,Chevron,Dallas,Gas,Online,24,Engineer,0
TXN-005498,ACCT-1189,2025-05-25 22:37:31,22.33,Walmart,Detroit,Utilities,Online,23,Designer,0
TXN-005499,ACCT-1029,2025-09-02 13:11:22,96.9,Zara,New York,Subscriptions,Online,32,Freelancer,0
TXN-005500,ACCT-1113,2025-08-29 16:10:00,750.0,Airbnb,Nashville,Shopping,Phone,41,Designer,1
TXN-005501,ACCT-1102,2025-09-03 10:44:07,84.52,Grubhub,Dallas,Dining,In-Store,30,Accountant,0
TXN-005502,ACCT-1106,2025-09-02 17:37:22,86.05,Airbnb,Seattle,Subscriptions,Online,23,Retired,0
TXN-005503,ACCT-1150,2025-06-18 14:58:57,15.92,Delta Airlines,Atlanta,Travel,Mobile App,24,Manager,0
TXN-005504,ACCT-1012,2025-05-10 09:56:50,25.82,Walgreens,Denver,Subscriptions,Mobile App,22,Teacher,0
TXN-005505,ACCT-1180,2025-06-14 17:37:10,186.46,Costco,San Francisco,Subscriptions,Online,45,Freelancer,1
TXN-005506,ACCT-1175,2025-10-01 15:51:01,403.02,Costco,Los Angeles,Travel,In-Store,59,Student,0
TXN-005507,ACCT-1038,2025-05-10 08:37:03,103.71,Apple Store,Dallas,Healthcare,In-Store,42,Nurse,0
TXN-005508,ACCT-1158,2025-06-09 13:11:34,8.21,Hilton,Nashville,Subscriptions,In-Store,23,Doctor,0
TXN-005509,ACCT-1143,2025-08-26 09:50:08,102.02,Delta Airlines,Minneapolis,Personal Care,Online,76,Retired,0
TXN-005510,ACCT-1088,2025-03-24 10:43:33,112.31,Kroger,Phoenix,Gas,Mobile App,33,Designer,0
TXN-005511,ACCT-1190,2025-01-29 09:24:46,270.54,Airbnb,Nashville,Utilities,Mobile App,40,Teacher,0
TXN-005512,ACCT-1149,2025-12-17 14:00:13,109.96,Delta Airlines,Los Angeles,Groceries,In-Store,41,Sales Rep,0
TXN-005513,ACCT-1075,2025-04-10 10:41:19,238.63,United Airlines,Houston,Subscriptions,Mobile App,81,Accountant,0
TXN-005514,ACCT-1189,2025-03-14 03:15:00,69.14,Netflix,Detroit,Entertainment,Online,23,Designer,1
TXN-005515,ACCT-1152,2025-03-24 01:13:02,678.65,Walmart,San Francisco,Healthcare,Mobile App,58,Chef,0
TXN-005516,ACCT-1120,2025-05-08 12:35:24,170.47,Zara,Minneapolis,Entertainment,Online,54,Teacher,0
TXN-005517,ACCT-1074,2025-03-26 10:25:48,308.4,CVS Pharmacy,San Francisco,Groceries,In-Store,42,Freelancer,0
TXN-005518,ACCT-1100,2025-04-14 19:34:48,151.88,McDonalds,Phoenix,Groceries,Mobile App,80,Manager,0
TXN-005519,ACCT-1027,2025-05-09 12:07:12,67.12,Home Depot,Houston,Transportation,In-Store,28,Sales Rep,0
TXN-005520,ACCT-1061,2025-03-27 11:42:59,145.86,Grubhub,Boston,Personal Care,Phone,50,Analyst,0
TXN-005521,ACCT-1149,2025-06-06 17:04:39,55.18,Zara,Los Angeles,Gas,In-Store,41,Sales Rep,0
TXN-005522,ACCT-1071,2025-09-28 11:51:03,126.27,Airbnb,Nashville,Utilities,ATM,42,Analyst,0
TXN-005523,ACCT-1092,2025-04-08 12:47:50,312.9,Marriott,Minneapolis,Healthcare,In-Store,32,Accountant,0
TXN-005524,ACCT-1100,2025-12-01 12:25:14,69.53,Airbnb,Phoenix,Personal Care,Online,80,Manager,0
TXN-005525,ACCT-1037,2025-10-11 02:19:00,192.85,CryptoXchange Ltd,Atlanta,Shopping,ATM,18,Designer,1
TXN-005526,ACCT-1158,2025-04-29 13:19:10,47.3,Airbnb,Nashville,Groceries,ATM,23,Doctor,0
TXN-005527,ACCT-1051,2025-03-15 10:00:51,276.54,Delta Airlines,Phoenix,Subscriptions,Online,45,Chef,0
TXN-005528,ACCT-1104,2025-05-20 19:23:52,67.8,Uber,Dallas,Healthcare,Online,24,Engineer,0
TXN-005529,ACCT-1105,2025-07-27 11:55:07,283.94,Shell Gas,New York,Gas,Online,51,Teacher,0
TXN-005530,ACCT-1193,2025-07-08 22:25:24,106.77,Spotify,San Diego,Transportation,ATM,42,Sales Rep,0
TXN-005531,ACCT-1185,2025-01-29 15:09:45,166.2,McDonalds,Denver,Personal Care,Online,58,Lawyer,0
TXN-005532,ACCT-1180,2025-12-09 21:59:47,442.98,Safeway,Detroit,Dining,ATM,45,Freelancer,0
TXN-005533,ACCT-1102,2025-12-08 10:11:00,402.86,Shell Gas,Atlanta,Transportation,In-Store,30,Accountant,0
TXN-005534,ACCT-1129,2025-08-19 11:25:38,44.7,Netflix,Chicago,Education,Mobile App,32,Sales Rep,0
TXN-005535,ACCT-1192,2025-05-09 23:43:35,695.71,Spotify,San Antonio,Entertainment,Mobile App,56,Designer,0
TXN-005536,ACCT-1128,2025-10-24 19:28:25,35.85,Target,Denver,Travel,Online,21,Engineer,0
TXN-005537,ACCT-1020,2025-10-06 13:16:57,300.67,Kroger,Detroit,Shopping,In-Store,36,Engineer,0
TXN-005538,ACCT-1130,2025-12-30 12:23:06,58.46,CVS Pharmacy,Detroit,Personal Care,Mobile App,27,Lawyer,0
TXN-005539,ACCT-1173,2025-02-18 18:38:01,86.46,Walgreens,Chicago,Shopping,Online,44,Retired,0
TXN-005540,ACCT-1142,2025-11-26 08:05:47,55.7,Target,Chicago,Transportation,Online,36,Analyst,0
TXN-005541,ACCT-1195,2025-01-02 07:36:33,233.58,Walmart,Houston,Personal Care,In-Store,46,Retired,0
TXN-005542,ACCT-1017,2025-08-05 11:05:26,105.88,Delta Airlines,San Diego,Gas,Phone,76,Nurse,0
TXN-005543,ACCT-1025,2025-11-16 15:26:44,312.87,Home Depot,New York,Education,Online,43,Chef,0
TXN-005544,ACCT-1006,2025-08-27 14:08:52,98.17,Lyft,Atlanta,Groceries,Mobile App,55,Nurse,0
TXN-005545,ACCT-1037,2025-12-28 07:37:23,113.76,DoorDash,Atlanta,Groceries,Phone,18,Designer,0
TXN-005546,ACCT-1068,2025-08-03 09:28:43,22.11,Chevron,Atlanta,Education,ATM,22,Accountant,0
TXN-005547,ACCT-1002,2025-03-13 13:04:56,406.23,Target,New York,Healthcare,Mobile App,26,Lawyer,0
TXN-005548,ACCT-1191,2025-02-06 08:21:50,500.24,Delta Airlines,San Francisco,Travel,Mobile App,61,Designer,0
TXN-005549,ACCT-1001,2025-10-31 14:45:56,334.33,Whole Foods,Minneapolis,Personal Care,Mobile App,64,Nurse,0
TXN-005550,ACCT-1059,2025-10-18 08:13:21,112.49,United Airlines,Los Angeles,Transportation,Online,48,Doctor,0
TXN-005551,ACCT-1081,2025-09-18 08:17:56,134.86,Home Depot,Austin,Entertainment,In-Store,77,Accountant,0
TXN-005552,ACCT-1048,2025-06-07 13:26:58,94.75,Zara,San Antonio,Subscriptions,ATM,25,Lawyer,0
TXN-005553,ACCT-1009,2025-08-30 18:07:05,52.96,Costco,Seattle,Healthcare,Mobile App,69,Analyst,0
TXN-005554,ACCT-1121,2025-04-25 20:51:19,195.6,Starbucks,Dallas,Education,Online,35,Accountant,0
TXN-005555,ACCT-1158,2025-10-31 16:29:38,36.09,Netflix,Nashville,Dining,Phone,23,Doctor,0
TXN-005556,ACCT-1150,2025-06-26 21:12:31,34.53,Starbucks,Atlanta,Shopping,ATM,24,Manager,0
TXN-005557,ACCT-1043,2025-03-24 17:36:37,82.26,McDonalds,Atlanta,Transportation,Mobile App,34,Manager,0
TXN-005558,ACCT-1039,2025-09-11 10:01:22,51.64,Walgreens,Houston,Transportation,ATM,82,Accountant,0
TXN-005559,ACCT-1182,2025-02-14 19:46:32,194.82,United Airlines,Denver,Travel,Online,55,Lawyer,0
TXN-005560,ACCT-1120,2025-04-20 19:37:30,65.98,Hilton,Minneapolis,Gas,In-Store,54,Teacher,0
TXN-005561,ACCT-1108,2025-11-12 10:52:24,250.68,McDonalds,San Francisco,Personal Care,Mobile App,34,Retired,0
TXN-005562,ACCT-1128,2025-03-04 23:13:35,29.08,Lyft,Denver,Gas,ATM,21,Engineer,0
TXN-005563,ACCT-1117,2025-09-09 13:52:24,299.08,Uber,Houston,Transportation,In-Store,56,Teacher,0
TXN-005564,ACCT-1127,2025-04-23 14:27:07,37.52,Safeway,Denver,Gas,Online,32,Nurse,0
TXN-005565,ACCT-1072,2025-09-30 13:32:09,444.58,Walmart,Philadelphia,Subscriptions,Online,53,Analyst,0
TXN-005566,ACCT-1068,2025-12-05 15:41:37,26.86,Nike,Houston,Transportation,Mobile App,22,Accountant,0
TXN-005567,ACCT-1142,2025-10-07 01:37:00,292.42,Airbnb,Los Angeles,Shopping,ATM,36,Analyst,1
TXN-005568,ACCT-1028,2025-08-29 09:26:32,42.88,Hilton,Seattle,Subscriptions,Online,23,Freelancer,0
TXN-005569,ACCT-1067,2025-02-08 17:32:58,259.89,Costco,New York,Shopping,Mobile App,62,Doctor,0
TXN-005570,ACCT-1123,2025-08-08 08:04:34,81.2,Delta Airlines,Dallas,Transportation,In-Store,37,Lawyer,0
TXN-005571,ACCT-1025,2025-09-17 10:25:32,100.67,DoorDash,New York,Healthcare,Phone,43,Chef,0
TXN-005572,ACCT-1130,2025-02-18 15:27:58,64.95,CVS Pharmacy,Detroit,Subscriptions,Mobile App,27,Lawyer,0
TXN-005573,ACCT-1140,2025-06-25 08:41:36,34.98,Kroger,Detroit,Education,Online,24,Teacher,0
TXN-005574,ACCT-1020,2025-12-13 20:21:00,960.61,FastCash ATM Services,Phnom Penh,Shopping,Online,36,Engineer,1
TXN-005575,ACCT-1001,2025-03-02 11:05:24,632.81,Home Depot,Chicago,Groceries,Online,64,Nurse,0
TXN-005576,ACCT-1092,2025-06-29 14:49:24,118.7,Shell Gas,Minneapolis,Groceries,Mobile App,32,Accountant,0
TXN-005577,ACCT-1152,2025-01-31 17:54:50,589.42,Walmart,San Francisco,Utilities,Online,58,Chef,0
TXN-005578,ACCT-1011,2025-05-17 09:42:01,358.83,Costco,Atlanta,Healthcare,Mobile App,47,Doctor,0
TXN-005579,ACCT-1190,2025-11-05 13:26:50,268.84,Marriott,Philadelphia,Education,In-Store,40,Teacher,0
TXN-005580,ACCT-1188,2025-09-15 19:38:35,29.54,Apple Store,New York,Travel,Online,23,Sales Rep,0
TXN-005581,ACCT-1139,2025-09-06 15:57:09,63.12,Delta Airlines,Chicago,Healthcare,In-Store,40,Driver,0
TXN-005582,ACCT-1021,2025-07-26 18:20:29,56.38,Home Depot,Chicago,Entertainment,In-Store,28,Teacher,0
TXN-005583,ACCT-1079,2025-12-26 12:16:27,240.91,Kroger,Phoenix,Shopping,Online,52,Retired,0
TXN-005584,ACCT-1123,2025-12-24 20:39:00,2000.0,Netflix,Seattle,Travel,Online,37,Lawyer,1
TXN-005585,ACCT-1013,2025-09-04 09:37:00,290.04,Starbucks,Houston,Groceries,In-Store,45,Driver,0
TXN-005586,ACCT-1101,2025-07-27 09:29:03,28.24,Netflix,Minneapolis,Dining,ATM,24,Doctor,0
TXN-005587,ACCT-1000,2025-07-19 14:28:30,313.26,United Airlines,Portland,Utilities,Mobile App,59,Freelancer,0
TXN-005588,ACCT-1000,2025-08-21 20:18:36,269.03,Best Buy,Portland,Healthcare,In-Store,59,Freelancer,0
TXN-005589,ACCT-1056,2025-10-22 09:29:55,111.82,Shell Gas,Philadelphia,Personal Care,In-Store,39,Freelancer,0
TXN-005590,ACCT-1035,2025-07-29 12:17:02,49.09,Shell Gas,Houston,Education,ATM,36,Chef,0
TXN-005591,ACCT-1106,2025-03-28 12:03:47,20.14,Hilton,Seattle,Education,In-Store,23,Retired,0
TXN-005592,ACCT-1145,2025-12-08 23:29:33,40.98,Hilton,Nashville,Transportation,In-Store,19,Chef,0
TXN-005593,ACCT-1141,2025-12-04 12:51:11,94.04,CVS Pharmacy,San Diego,Gas,Online,32,Engineer,0
TXN-005594,ACCT-1048,2025-10-02 11:16:59,108.49,Walmart,Seattle,Travel,Online,25,Lawyer,0
TXN-005595,ACCT-1039,2025-07-28 02:13:20,73.65,United Airlines,Houston,Personal Care,Online,82,Accountant,0
TXN-005596,ACCT-1051,2025-06-25 10:06:20,176.94,Nike,Phoenix,Groceries,Mobile App,45,Chef,0
TXN-005597,ACCT-1169,2025-08-07 12:56:37,24.39,Nike,Chicago,Healthcare,In-Store,36,Designer,0
TXN-005598,ACCT-1085,2025-04-18 10:22:25,45.51,Hilton,Dallas,Healthcare,In-Store,38,Student,0
TXN-005599,ACCT-1049,2025-12-13 08:27:44,291.84,Walmart,Chicago,Personal Care,In-Store,48,Accountant,0
TXN-005600,ACCT-1003,2025-03-30 12:05:17,83.94,Apple Store,San Antonio,Dining,Online,73,Engineer,0
TXN-005601,ACCT-1171,2025-07-14 12:50:08,162.14,Trader Joes,Boston,Personal Care,In-Store,57,Doctor,0
TXN-005602,ACCT-1182,2025-11-15 12:19:04,263.61,Home Depot,Denver,Shopping,In-Store,55,Lawyer,0
TXN-005603,ACCT-1064,2025-01-21 16:37:51,29.53,Delta Airlines,Austin,Subscriptions,ATM,19,Driver,0
TXN-005604,ACCT-1142,2025-06-27 11:34:50,46.02,McDonalds,Los Angeles,Gas,In-Store,36,Analyst,0
TXN-005605,ACCT-1120,2025-10-20 14:09:17,197.84,Best Buy,Minneapolis,Education,Online,54,Teacher,0
TXN-005606,ACCT-1026,2025-06-20 16:15:24,94.49,Netflix,Detroit,Dining,ATM,33,Lawyer,0
TXN-005607,ACCT-1145,2025-06-29 21:02:28,28.94,Shell Gas,Nashville,Transportation,In-Store,19,Chef,0
TXN-005608,ACCT-1102,2025-11-17 11:54:06,93.14,Chevron,Miami,Dining,Mobile App,30,Accountant,0
TXN-005609,ACCT-1119,2025-01-28 12:37:15,71.04,Costco,Philadelphia,Subscriptions,Online,41,Designer,0
TXN-005610,ACCT-1077,2025-02-16 07:29:44,26.74,Whole Foods,Seattle,Dining,In-Store,80,Driver,0
TXN-005611,ACCT-1184,2025-02-26 11:50:04,52.38,Zara,Seattle,Entertainment,Mobile App,30,Analyst,0
TXN-005612,ACCT-1066,2025-09-06 14:36:15,169.39,Nike,Houston,Travel,Online,38,Teacher,0
TXN-005613,ACCT-1043,2025-03-23 10:33:22,119.69,Amazon,Atlanta,Utilities,Online,34,Manager,0
TXN-005614,ACCT-1007,2025-09-13 21:57:56,217.17,Whole Foods,Atlanta,Shopping,Mobile App,66,Sales Rep,0
TXN-005615,ACCT-1079,2025-02-12 19:10:56,940.46,Whole Foods,Phoenix,Groceries,In-Store,52,Retired,0
TXN-005616,ACCT-1135,2025-10-02 11:43:54,222.27,Chevron,Los Angeles,Groceries,Mobile App,37,Driver,0
TXN-005617,ACCT-1142,2025-11-01 12:06:18,67.98,Starbucks,Houston,Healthcare,Phone,36,Analyst,0
TXN-005618,ACCT-1041,2025-02-10 22:56:37,196.34,Nike,Los Angeles,Gas,In-Store,44,Designer,0
TXN-005619,ACCT-1156,2025-06-02 08:38:45,31.49,Zara,Atlanta,Dining,Mobile App,18,Sales Rep,0
TXN-005620,ACCT-1099,2025-10-11 11:42:32,71.49,CVS Pharmacy,Detroit,Transportation,Phone,32,Sales Rep,0
TXN-005621,ACCT-1156,2025-07-04 12:27:04,30.96,Airbnb,Atlanta,Groceries,Online,18,Sales Rep,0
TXN-005622,ACCT-1056,2025-01-29 18:57:34,52.16,Netflix,Philadelphia,Subscriptions,Online,39,Freelancer,0
TXN-005623,ACCT-1110,2025-10-30 17:42:26,113.75,Kroger,San Francisco,Personal Care,Phone,34,Analyst,0
TXN-005624,ACCT-1057,2025-10-07 10:45:36,216.12,Netflix,Seattle,Travel,Mobile App,55,Analyst,0
TXN-005625,ACCT-1094,2025-09-03 19:15:51,254.51,Lyft,San Francisco,Travel,Mobile App,48,Driver,0
TXN-005626,ACCT-1075,2025-10-24 17:42:00,837.88,Spotify,Denver,Travel,In-Store,81,Accountant,1
TXN-005627,ACCT-1141,2025-05-11 12:44:59,120.42,United Airlines,San Diego,Travel,Mobile App,32,Engineer,0
TXN-005628,ACCT-1182,2025-12-16 18:19:39,250.23,Safeway,Denver,Travel,Online,55,Lawyer,0
TXN-005629,ACCT-1118,2025-02-18 08:49:12,526.36,Trader Joes,Austin,Entertainment,Online,37,Designer,0
TXN-005630,ACCT-1180,2025-01-23 12:04:33,210.34,Safeway,Detroit,Entertainment,In-Store,45,Freelancer,0
TXN-005631,ACCT-1151,2025-12-18 08:34:43,69.23,Amazon,Denver,Travel,Online,36,Retired,0
TXN-005632,ACCT-1070,2025-10-01 12:44:11,213.64,Amazon,Portland,Utilities,Online,56,Student,0
TXN-005633,ACCT-1014,2025-11-09 20:59:23,176.67,Kroger,Nashville,Dining,Mobile App,54,Chef,0
TXN-005634,ACCT-1179,2025-05-18 09:07:25,39.07,Home Depot,Nashville,Entertainment,Online,41,Engineer,0
TXN-005635,ACCT-1177,2025-08-15 16:27:47,20.92,Grubhub,Portland,Travel,Phone,24,Teacher,0
TXN-005636,ACCT-1105,2025-11-02 01:38:34,251.64,Shell Gas,New York,Groceries,Phone,51,Teacher,0
TXN-005637,ACCT-1097,2025-05-25 21:25:40,354.91,DoorDash,Los Angeles,Subscriptions,ATM,52,Teacher,0
TXN-005638,ACCT-1154,2025-12-29 08:40:25,69.8,Whole Foods,San Diego,Entertainment,ATM,34,Teacher,0
TXN-005639,ACCT-1104,2025-10-06 13:14:20,46.26,Walmart,Dallas,Entertainment,Online,24,Engineer,0
TXN-005640,ACCT-1054,2025-06-18 12:29:43,90.34,Shell Gas,Nashville,Transportation,Online,80,Retired,0
TXN-005641,ACCT-1080,2025-05-03 07:41:03,90.84,Netflix,Seattle,Utilities,In-Store,79,Freelancer,0
TXN-005642,ACCT-1182,2025-11-20 20:21:00,595.75,FastCash ATM Services,Karachi,Travel,Online,55,Lawyer,1
TXN-005643,ACCT-1150,2025-11-14 21:49:26,54.6,Delta Airlines,Atlanta,Transportation,Online,24,Manager,0
TXN-005644,ACCT-1126,2025-02-27 13:55:11,247.87,CVS Pharmacy,Portland,Utilities,Mobile App,30,Driver,0
TXN-005645,ACCT-1165,2025-06-06 11:56:42,5.63,Chevron,San Antonio,Utilities,Online,22,Accountant,0
TXN-005646,ACCT-1089,2025-06-01 10:06:06,32.37,Kroger,Dallas,Travel,Online,18,Driver,0
TXN-005647,ACCT-1170,2025-08-03 14:19:51,521.0,Spotify,San Francisco,Personal Care,ATM,60,Lawyer,0
TXN-005648,ACCT-1149,2025-05-25 17:38:46,114.71,Uber,Los Angeles,Personal Care,Mobile App,41,Sales Rep,0
TXN-005649,ACCT-1014,2025-04-07 19:05:27,370.98,Nike,Nashville,Shopping,Online,54,Chef,0
TXN-005650,ACCT-1060,2025-10-19 20:59:53,126.73,Trader Joes,Phoenix,Utilities,Online,42,Accountant,0
TXN-005651,ACCT-1001,2025-08-06 13:50:55,185.15,Shell Gas,Minneapolis,Transportation,Mobile App,64,Nurse,0
TXN-005652,ACCT-1113,2025-05-24 21:56:48,51.13,Starbucks,Houston,Transportation,Online,41,Designer,0
TXN-005653,ACCT-1003,2025-09-16 18:09:05,163.31,Whole Foods,San Antonio,Personal Care,ATM,73,Engineer,0
TXN-005654,ACCT-1026,2025-01-04 14:33:39,98.77,Hilton,Detroit,Education,ATM,33,Lawyer,0
TXN-005655,ACCT-1178,2025-01-29 09:06:40,458.13,Hilton,Chicago,Transportation,Online,59,Retired,0
TXN-005656,ACCT-1003,2025-12-01 11:03:03,419.26,Costco,San Antonio,Utilities,Online,73,Engineer,0
TXN-005657,ACCT-1032,2025-07-12 18:49:00,303.7,Hilton,New York,Personal Care,In-Store,34,Analyst,0
TXN-005658,ACCT-1084,2025-05-09 19:07:18,45.9,Delta Airlines,Denver,Gas,Mobile App,24,Engineer,0
TXN-005659,ACCT-1068,2025-08-20 22:04:03,29.32,Chevron,Atlanta,Healthcare,Mobile App,22,Accountant,0
TXN-005660,ACCT-1079,2025-06-03 10:22:07,375.7,Best Buy,Phoenix,Education,ATM,52,Retired,0
TXN-005661,ACCT-1057,2025-08-27 16:51:43,224.84,Safeway,Seattle,Gas,Mobile App,55,Analyst,0
TXN-005662,ACCT-1165,2025-10-05 11:53:18,13.31,Safeway,San Antonio,Shopping,Online,22,Accountant,0
TXN-005663,ACCT-1102,2025-09-04 11:01:47,87.42,Shell Gas,Miami,Shopping,In-Store,30,Accountant,0
TXN-005664,ACCT-1016,2025-01-02 16:24:11,195.54,Uber,Miami,Personal Care,Online,26,Driver,0
TXN-005665,ACCT-1048,2025-12-10 14:22:54,62.98,Walmart,San Antonio,Subscriptions,Online,25,Lawyer,0
TXN-005666,ACCT-1121,2025-04-07 13:26:34,61.6,Kroger,Houston,Transportation,Mobile App,35,Accountant,0
TXN-005667,ACCT-1181,2025-01-04 08:47:22,217.23,Grubhub,Detroit,Healthcare,Online,48,Manager,0
TXN-005668,ACCT-1044,2025-11-14 13:12:33,123.53,Walgreens,Detroit,Gas,Online,73,Doctor,0
TXN-005669,ACCT-1173,2025-10-24 09:29:45,77.95,Best Buy,Chicago,Dining,In-Store,44,Retired,0
TXN-005670,ACCT-1068,2025-04-08 13:58:57,18.17,Nike,Atlanta,Groceries,ATM,22,Accountant,0
TXN-005671,ACCT-1063,2025-08-24 09:27:33,196.03,Nike,Austin,Personal Care,Online,70,Driver,0
TXN-005672,ACCT-1067,2025-06-08 14:46:30,524.56,Marriott,Boston,Dining,Phone,62,Doctor,0
TXN-005673,ACCT-1134,2025-01-08 17:29:56,349.46,Walmart,Miami,Utilities,Online,56,Student,0
TXN-005674,ACCT-1065,2025-07-01 08:29:17,60.12,Chevron,Chicago,Personal Care,Online,79,Analyst,0
TXN-005675,ACCT-1025,2025-07-08 17:19:09,401.09,Kroger,New York,Shopping,Mobile App,43,Chef,0
TXN-005676,ACCT-1054,2025-01-21 10:27:58,61.26,CVS Pharmacy,Nashville,Entertainment,In-Store,80,Retired,0
TXN-005677,ACCT-1029,2025-02-05 14:41:49,76.82,Walmart,Portland,Dining,In-Store,32,Freelancer,0
TXN-005678,ACCT-1071,2025-02-17 14:05:29,58.39,Home Depot,Nashville,Groceries,Phone,42,Analyst,0
TXN-005679,ACCT-1161,2025-10-18 10:52:22,41.43,CVS Pharmacy,Detroit,Dining,In-Store,75,Engineer,0
TXN-005680,ACCT-1114,2025-08-23 12:58:37,27.49,Walmart,Detroit,Groceries,In-Store,65,Teacher,0
TXN-005681,ACCT-1021,2025-12-22 11:26:01,25.29,Delta Airlines,Phoenix,Utilities,Mobile App,28,Teacher,0
TXN-005682,ACCT-1107,2025-10-20 17:28:33,326.77,Amazon,Austin,Dining,Mobile App,63,Student,0
TXN-005683,ACCT-1010,2025-08-02 12:50:43,29.32,Home Depot,Philadelphia,Shopping,ATM,19,Sales Rep,0
TXN-005684,ACCT-1022,2025-05-19 14:56:17,51.39,Marriott,Portland,Travel,Online,34,Analyst,0
TXN-005685,ACCT-1063,2025-01-08 13:12:42,111.72,Nike,Austin,Groceries,Mobile App,70,Driver,0
TXN-005686,ACCT-1126,2025-08-19 06:23:24,187.79,Trader Joes,Portland,Dining,ATM,30,Driver,0
TXN-005687,ACCT-1059,2025-07-04 08:18:36,524.35,Hilton,Los Angeles,Entertainment,In-Store,48,Doctor,0
TXN-005688,ACCT-1035,2025-06-24 18:27:13,119.08,Grubhub,Houston,Education,Online,36,Chef,0
TXN-005689,ACCT-1187,2025-05-08 07:07:00,121.53,Shell Gas,San Antonio,Shopping,Online,28,Freelancer,0
TXN-005690,ACCT-1085,2025-08-08 16:11:56,309.78,Hilton,Dallas,Subscriptions,Mobile App,38,Student,0
TXN-005691,ACCT-1141,2025-07-21 14:43:32,320.12,McDonalds,San Diego,Entertainment,In-Store,32,Engineer,0
TXN-005692,ACCT-1002,2025-02-27 11:08:40,231.94,Starbucks,New York,Subscriptions,Mobile App,26,Lawyer,0
TXN-005693,ACCT-1142,2025-06-16 13:47:07,72.18,Chevron,Los Angeles,Gas,Online,36,Analyst,0
TXN-005694,ACCT-1003,2025-10-13 11:50:18,73.04,Whole Foods,San Antonio,Gas,In-Store,73,Engineer,0
TXN-005695,ACCT-1091,2025-05-14 11:02:21,159.93,Apple Store,San Antonio,Subscriptions,Online,36,Manager,0
TXN-005696,ACCT-1075,2025-04-04 12:31:43,81.37,Costco,Denver,Travel,Online,81,Accountant,0
TXN-005697,ACCT-1066,2025-03-10 11:36:11,166.75,Lyft,Houston,Personal Care,Online,38,Teacher,0
TXN-005698,ACCT-1180,2025-10-27 21:06:41,161.77,Apple Store,Detroit,Entertainment,ATM,45,Freelancer,0
TXN-005699,ACCT-1148,2025-12-08 16:12:41,72.44,Airbnb,Houston,Healthcare,Mobile App,23,Chef,0
TXN-005700,ACCT-1082,2025-06-09 19:51:17,56.75,Marriott,Philadelphia,Travel,In-Store,26,Driver,0
TXN-005701,ACCT-1161,2025-02-22 10:35:51,104.97,CVS Pharmacy,Detroit,Healthcare,In-Store,75,Engineer,0
TXN-005702,ACCT-1138,2025-06-12 12:17:36,54.01,Grubhub,Miami,Education,Phone,29,Accountant,0
TXN-005703,ACCT-1042,2025-10-18 12:14:01,104.63,Lyft,Seattle,Entertainment,Mobile App,50,Sales Rep,0
TXN-005704,ACCT-1012,2025-10-26 16:42:39,121.63,McDonalds,Denver,Groceries,Online,22,Teacher,0
TXN-005705,ACCT-1006,2025-12-07 14:09:09,145.3,Netflix,Atlanta,Gas,Mobile App,55,Nurse,0
TXN-005706,ACCT-1011,2025-03-07 15:21:00,208.65,Marriott,Atlanta,Personal Care,Online,47,Doctor,0
TXN-005707,ACCT-1109,2025-07-14 12:08:48,127.18,Shell Gas,Nashville,Gas,Online,42,Student,0
TXN-005708,ACCT-1028,2025-12-18 20:12:46,60.86,Trader Joes,Seattle,Entertainment,Online,23,Freelancer,0
TXN-005709,ACCT-1155,2025-07-20 19:53:24,159.89,Apple Store,Miami,Education,Mobile App,35,Accountant,1
TXN-005710,ACCT-1183,2025-05-31 11:35:20,184.39,Nike,Portland,Education,Online,60,Retired,0
TXN-005711,ACCT-1035,2025-11-07 10:12:13,289.22,Whole Foods,Houston,Gas,Mobile App,36,Chef,0
TXN-005712,ACCT-1144,2025-01-16 20:33:51,239.07,Walgreens,San Antonio,Subscriptions,Mobile App,27,Chef,0
TXN-005713,ACCT-1086,2025-02-01 13:03:38,21.09,Trader Joes,Philadelphia,Entertainment,Online,20,Manager,0
TXN-005714,ACCT-1026,2025-02-20 06:39:46,102.04,Netflix,Seattle,Utilities,Mobile App,33,Lawyer,0
TXN-005715,ACCT-1137,2025-07-26 05:48:50,125.04,Starbucks,Miami,Groceries,In-Store,41,Lawyer,0
TXN-005716,ACCT-1102,2025-05-09 10:56:32,213.37,Whole Foods,Miami,Groceries,In-Store,30,Accountant,0
TXN-005717,ACCT-1074,2025-11-22 08:03:30,197.6,Delta Airlines,Miami,Dining,Online,42,Freelancer,0
TXN-005718,ACCT-1124,2025-02-27 08:43:19,243.0,Nike,Miami,Subscriptions,Online,33,Analyst,0
TXN-005719,ACCT-1031,2025-05-17 11:30:16,54.37,Costco,San Antonio,Utilities,Mobile App,71,Doctor,0
TXN-005720,ACCT-1135,2025-11-29 12:00:36,100.47,Nike,San Francisco,Gas,Online,37,Driver,0
TXN-005721,ACCT-1155,2025-08-05 19:45:28,89.51,Lyft,Los Angeles,Subscriptions,In-Store,35,Accountant,0
TXN-005722,ACCT-1135,2025-10-21 22:55:01,266.31,Nike,Los Angeles,Entertainment,Online,37,Driver,0
TXN-005723,ACCT-1150,2025-03-28 14:18:41,54.54,Target,Atlanta,Utilities,In-Store,24,Manager,0
TXN-005724,ACCT-1134,2025-06-13 14:14:18,641.92,Walmart,Miami,Entertainment,ATM,56,Student,0
TXN-005725,ACCT-1093,2025-07-10 16:38:46,65.61,Home Depot,Nashville,Personal Care,In-Store,41,Chef,0
TXN-005726,ACCT-1149,2025-12-28 16:16:29,132.72,Apple Store,Atlanta,Utilities,Online,41,Sales Rep,0
TXN-005727,ACCT-1007,2025-04-19 05:52:43,196.96,Netflix,Atlanta,Healthcare,Online,66,Sales Rep,0
TXN-005728,ACCT-1116,2025-05-25 17:18:19,12.36,McDonalds,San Francisco,Gas,Mobile App,19,Lawyer,0
TXN-005729,ACCT-1185,2025-01-21 16:14:09,131.55,CVS Pharmacy,New York,Utilities,Online,58,Lawyer,0
TXN-005730,ACCT-1187,2025-06-27 13:24:51,347.76,McDonalds,San Antonio,Shopping,Online,28,Freelancer,0
TXN-005731,ACCT-1162,2025-10-31 10:00:04,263.23,CVS Pharmacy,Denver,Education,Online,58,Retired,0
TXN-005732,ACCT-1043,2025-03-07 13:37:32,132.99,McDonalds,Atlanta,Entertainment,In-Store,34,Manager,0
TXN-005733,ACCT-1088,2025-04-07 07:44:13,130.06,Kroger,Phoenix,Education,Online,33,Designer,0
TXN-005734,ACCT-1157,2025-04-02 10:30:44,251.34,Hilton,San Diego,Healthcare,ATM,57,Lawyer,0
TXN-005735,ACCT-1183,2025-08-25 08:30:21,208.99,Uber,Portland,Subscriptions,In-Store,60,Retired,0
TXN-005736,ACCT-1043,2025-05-31 21:18:53,118.05,Amazon,Atlanta,Transportation,Online,34,Manager,0
TXN-005737,ACCT-1005,2025-10-28 08:47:42,18.07,Apple Store,Phoenix,Groceries,In-Store,24,Student,0
TXN-005738,ACCT-1044,2025-08-21 09:53:21,118.03,Shell Gas,Portland,Education,Online,73,Doctor,0
TXN-005739,ACCT-1195,2025-07-20 13:32:58,277.05,Walmart,Houston,Shopping,Mobile App,46,Retired,0
TXN-005740,ACCT-1147,2025-01-13 10:41:16,252.48,Walmart,Atlanta,Utilities,In-Store,75,Doctor,0
TXN-005741,ACCT-1106,2025-02-27 20:52:22,17.27,Delta Airlines,Seattle,Travel,Mobile App,23,Retired,0
TXN-005742,ACCT-1010,2025-04-10 19:57:44,13.92,Kroger,Chicago,Dining,Online,19,Sales Rep,0
TXN-005743,ACCT-1077,2025-11-30 16:01:20,89.31,Walgreens,Dallas,Utilities,ATM,80,Driver,0
TXN-005744,ACCT-1121,2025-02-15 22:12:40,70.33,Grubhub,Atlanta,Dining,Online,35,Accountant,0
TXN-005745,ACCT-1040,2025-04-24 12:03:49,143.02,Apple Store,Miami,Shopping,Mobile App,29,Driver,0
TXN-005746,ACCT-1170,2025-03-04 13:28:46,223.89,Uber,San Francisco,Healthcare,Online,60,Lawyer,0
TXN-005747,ACCT-1008,2025-08-04 20:40:12,51.0,Shell Gas,Philadelphia,Dining,Mobile App,28,Retired,0
TXN-005748,ACCT-1186,2025-11-13 17:26:50,18.27,McDonalds,Dallas,Gas,Mobile App,19,Freelancer,0
TXN-005749,ACCT-1118,2025-09-23 13:47:00,129.04,McDonalds,Los Angeles,Utilities,Mobile App,37,Designer,0
TXN-005750,ACCT-1046,2025-12-09 09:47:35,204.87,Trader Joes,Atlanta,Personal Care,In-Store,27,Driver,0
TXN-005751,ACCT-1048,2025-12-17 10:41:59,136.55,United Airlines,Seattle,Travel,Online,25,Lawyer,0
TXN-005752,ACCT-1178,2025-06-03 15:17:56,188.11,Amazon,Chicago,Healthcare,Mobile App,59,Retired,0
TXN-005753,ACCT-1115,2025-11-10 17:08:50,108.85,DoorDash,Portland,Transportation,Mobile App,40,Sales Rep,0
TXN-005754,ACCT-1042,2025-10-28 19:18:50,68.16,Shell Gas,Seattle,Subscriptions,In-Store,50,Sales Rep,0
TXN-005755,ACCT-1057,2025-07-20 08:53:26,358.99,Home Depot,Seattle,Travel,Online,55,Analyst,0
TXN-005756,ACCT-1043,2025-10-08 02:33:54,250.53,Amazon,Atlanta,Subscriptions,In-Store,34,Manager,0
TXN-005757,ACCT-1093,2025-03-24 12:43:19,28.3,Delta Airlines,Boston,Utilities,Mobile App,41,Chef,0
TXN-005758,ACCT-1149,2025-05-01 17:46:28,129.04,Chevron,Los Angeles,Utilities,Mobile App,41,Sales Rep,0
TXN-005759,ACCT-1037,2025-12-01 07:24:16,53.61,DoorDash,Denver,Groceries,Mobile App,18,Designer,0
TXN-005760,ACCT-1040,2025-08-01 20:06:24,233.03,Shell Gas,Miami,Entertainment,Online,29,Driver,0
TXN-005761,ACCT-1089,2025-09-22 15:46:33,28.85,Whole Foods,Dallas,Personal Care,ATM,18,Driver,0
TXN-005762,ACCT-1131,2025-02-02 10:53:11,384.92,McDonalds,Dallas,Gas,Online,34,Lawyer,0
TXN-005763,ACCT-1040,2025-09-27 11:25:43,165.84,Trader Joes,Miami,Education,Online,29,Driver,0
TXN-005764,ACCT-1032,2025-03-30 09:04:37,220.25,Best Buy,New York,Entertainment,Mobile App,34,Analyst,0
TXN-005765,ACCT-1026,2025-11-28 08:07:11,97.55,Hilton,Detroit,Healthcare,In-Store,33,Lawyer,0
TXN-005766,ACCT-1041,2025-08-29 14:46:37,211.92,Shell Gas,Los Angeles,Groceries,Online,44,Designer,0
TXN-005767,ACCT-1179,2025-08-25 15:35:50,59.23,Best Buy,Nashville,Healthcare,Mobile App,41,Engineer,0
TXN-005768,ACCT-1033,2025-03-27 12:01:46,59.04,Hilton,Miami,Groceries,Phone,43,Teacher,0
TXN-005769,ACCT-1024,2025-11-20 17:13:21,297.43,Starbucks,Portland,Personal Care,Online,44,Lawyer,0
TXN-005770,ACCT-1085,2025-02-03 12:55:09,191.71,Hilton,Dallas,Gas,In-Store,38,Student,0
TXN-005771,ACCT-1083,2025-07-05 11:22:12,232.44,Grubhub,Detroit,Groceries,Online,52,Freelancer,0
TXN-005772,ACCT-1144,2025-02-07 18:42:39,165.82,Walgreens,San Antonio,Gas,In-Store,27,Chef,0
TXN-005773,ACCT-1095,2025-03-11 13:03:03,74.49,Nike,San Diego,Transportation,Mobile App,81,Doctor,0
TXN-005774,ACCT-1037,2025-09-20 08:25:13,42.62,Costco,Atlanta,Utilities,In-Store,18,Designer,0
TXN-005775,ACCT-1165,2025-02-28 12:20:16,25.51,Chevron,San Antonio,Subscriptions,Online,22,Accountant,0
TXN-005776,ACCT-1058,2025-07-01 12:48:13,117.93,Whole Foods,San Diego,Entertainment,ATM,36,Designer,0
TXN-005777,ACCT-1102,2025-08-24 16:27:21,73.12,Home Depot,Miami,Shopping,Online,30,Accountant,0
TXN-005778,ACCT-1170,2025-10-22 12:47:50,429.21,Best Buy,San Francisco,Personal Care,In-Store,60,Lawyer,0
TXN-005779,ACCT-1095,2025-07-12 06:26:11,256.24,Chevron,San Francisco,Dining,In-Store,81,Doctor,0
TXN-005780,ACCT-1003,2025-08-01 14:59:03,110.22,Zara,San Antonio,Transportation,In-Store,73,Engineer,0
TXN-005781,ACCT-1064,2025-10-02 10:49:50,89.26,Starbucks,Austin,Shopping,Phone,19,Driver,0
TXN-005782,ACCT-1005,2025-04-28 19:15:50,30.22,United Airlines,Phoenix,Personal Care,In-Store,24,Student,0
TXN-005783,ACCT-1007,2025-10-21 23:38:18,141.19,Netflix,Atlanta,Shopping,ATM,66,Sales Rep,0
TXN-005784,ACCT-1151,2025-03-16 09:16:05,291.56,Home Depot,Denver,Gas,Online,36,Retired,0
TXN-005785,ACCT-1048,2025-12-23 18:09:05,45.35,McDonalds,San Antonio,Personal Care,Online,25,Lawyer,0
TXN-005786,ACCT-1123,2025-02-17 22:39:00,1499.89,UnknownVendor_X9,Lagos,Travel,Online,37,Lawyer,1
TXN-005787,ACCT-1116,2025-01-31 08:54:36,77.38,Costco,San Francisco,Utilities,Mobile App,19,Lawyer,0
TXN-005788,ACCT-1109,2025-01-05 15:17:50,97.23,DoorDash,Nashville,Healthcare,In-Store,42,Student,0
TXN-005789,ACCT-1159,2025-05-17 11:08:52,190.96,Lyft,Denver,Shopping,Online,39,Student,0
TXN-005790,ACCT-1049,2025-12-06 01:05:59,166.41,Zara,Chicago,Groceries,Phone,48,Accountant,0
TXN-005791,ACCT-1188,2025-04-30 10:17:15,58.81,Lyft,New York,Personal Care,Mobile App,23,Sales Rep,0
TXN-005792,ACCT-1142,2025-12-20 11:59:48,45.04,Delta Airlines,Los Angeles,Utilities,Mobile App,36,Analyst,0
TXN-005793,ACCT-1167,2025-11-01 17:30:38,169.26,Amazon,Seattle,Education,Online,57,Manager,0
TXN-005794,ACCT-1037,2025-06-02 12:12:54,111.84,DoorDash,Dallas,Utilities,Online,18,Designer,0
TXN-005795,ACCT-1133,2025-05-09 20:40:32,140.45,Grubhub,Seattle,Travel,ATM,19,Student,0
TXN-005796,ACCT-1095,2025-11-06 14:21:00,117.58,Nike,Miami,Dining,Mobile App,81,Doctor,0
TXN-005797,ACCT-1099,2025-09-02 18:33:57,172.95,Nike,Detroit,Travel,ATM,32,Sales Rep,0
TXN-005798,ACCT-1064,2025-06-26 11:54:57,81.25,Starbucks,San Francisco,Healthcare,Online,19,Driver,0
TXN-005799,ACCT-1120,2025-09-19 14:55:48,425.95,Nike,Minneapolis,Entertainment,ATM,54,Teacher,0
TXN-005800,ACCT-1126,2025-10-23 11:01:11,189.54,United Airlines,Portland,Shopping,In-Store,30,Driver,0
TXN-005801,ACCT-1040,2025-09-30 21:33:00,500.0,Airbnb,Karachi,Shopping,ATM,29,Driver,1
TXN-005802,ACCT-1185,2025-08-22 13:16:00,203.87,McDonalds,Philadelphia,Education,Online,58,Lawyer,0
TXN-005803,ACCT-1111,2025-12-03 20:33:23,207.6,United Airlines,Atlanta,Gas,In-Store,22,Analyst,0
TXN-005804,ACCT-1119,2025-07-04 21:38:19,45.23,Home Depot,Boston,Transportation,Online,41,Designer,0
TXN-005805,ACCT-1006,2025-06-09 13:38:28,109.39,Starbucks,Atlanta,Travel,ATM,55,Nurse,0
TXN-005806,ACCT-1129,2025-08-31 15:07:26,33.36,Marriott,Chicago,Utilities,ATM,32,Sales Rep,0
TXN-005807,ACCT-1172,2025-02-04 16:59:14,37.63,Whole Foods,Austin,Healthcare,ATM,25,Nurse,0
TXN-005808,ACCT-1067,2025-03-26 14:23:59,143.84,Marriott,Boston,Travel,In-Store,62,Doctor,0
TXN-005809,ACCT-1198,2025-06-12 18:42:46,335.86,Nike,Houston,Transportation,ATM,53,Engineer,0
TXN-005810,ACCT-1146,2025-07-18 20:09:42,83.76,Grubhub,Atlanta,Gas,Online,39,Accountant,0
TXN-005811,ACCT-1155,2025-06-15 16:23:05,85.2,Safeway,Los Angeles,Groceries,Mobile App,35,Accountant,0
TXN-005812,ACCT-1128,2025-10-12 16:58:25,25.26,DoorDash,Denver,Dining,Online,21,Engineer,0
TXN-005813,ACCT-1059,2025-11-16 11:35:46,325.74,CVS Pharmacy,Los Angeles,Subscriptions,Mobile App,48,Doctor,0
TXN-005814,ACCT-1087,2025-03-03 19:05:54,193.2,Lyft,Seattle,Entertainment,Online,61,Manager,0
TXN-005815,ACCT-1094,2025-11-25 11:34:48,417.53,Best Buy,San Francisco,Utilities,Online,48,Driver,0
TXN-005816,ACCT-1172,2025-10-05 10:12:31,143.58,Amazon,Austin,Gas,Phone,25,Nurse,0
TXN-005817,ACCT-1172,2025-06-29 15:36:21,69.06,Best Buy,Austin,Subscriptions,In-Store,25,Nurse,0
TXN-005818,ACCT-1018,2025-04-08 13:05:52,43.02,Amazon,Seattle,Education,In-Store,28,Retired,0
TXN-005819,ACCT-1141,2025-01-22 16:03:49,193.86,Uber,San Diego,Transportation,Mobile App,32,Engineer,0
TXN-005820,ACCT-1034,2025-06-27 14:13:28,250.67,Hilton,Miami,Dining,Mobile App,41,Lawyer,0
TXN-005821,ACCT-1188,2025-10-22 12:46:09,23.73,Lyft,New York,Dining,Online,23,Sales Rep,0
TXN-005822,ACCT-1137,2025-03-11 13:13:05,91.56,Spotify,Miami,Entertainment,In-Store,41,Lawyer,0
TXN-005823,ACCT-1196,2025-03-25 21:06:59,461.26,Safeway,Los Angeles,Travel,Online,48,Freelancer,0
TXN-005824,ACCT-1074,2025-09-21 14:24:56,384.32,United Airlines,Miami,Gas,In-Store,42,Freelancer,0
TXN-005825,ACCT-1140,2025-11-15 17:22:21,55.87,Apple Store,Detroit,Personal Care,ATM,24,Teacher,0
TXN-005826,ACCT-1159,2025-01-06 22:58:49,364.68,CVS Pharmacy,San Diego,Entertainment,In-Store,39,Student,0
TXN-005827,ACCT-1137,2025-03-07 19:03:55,198.5,Home Depot,Miami,Travel,In-Store,41,Lawyer,0
TXN-005828,ACCT-1060,2025-11-17 11:40:32,204.49,Whole Foods,Denver,Dining,Online,42,Accountant,0
TXN-005829,ACCT-1083,2025-02-10 10:02:37,503.37,Netflix,Detroit,Travel,ATM,52,Freelancer,0
TXN-005830,ACCT-1006,2025-04-22 15:28:07,193.31,Lyft,Atlanta,Gas,ATM,55,Nurse,0
TXN-005831,ACCT-1122,2025-08-24 10:48:49,187.25,Netflix,Portland,Gas,Online,34,Retired,0
TXN-005832,ACCT-1045,2025-06-25 08:24:21,165.17,Grubhub,Philadelphia,Dining,In-Store,66,Chef,0
TXN-005833,ACCT-1130,2025-03-30 18:15:53,45.01,Walgreens,Detroit,Personal Care,Online,27,Lawyer,0
TXN-005834,ACCT-1005,2025-07-26 10:24:42,22.63,Marriott,Phoenix,Education,Mobile App,24,Student,0
TXN-005835,ACCT-1009,2025-10-19 12:10:16,98.66,Lyft,Austin,Subscriptions,In-Store,69,Analyst,0
TXN-005836,ACCT-1177,2025-02-08 21:10:05,62.73,United Airlines,Portland,Utilities,Mobile App,24,Teacher,0
TXN-005837,ACCT-1157,2025-06-24 21:48:36,176.32,Uber,San Diego,Subscriptions,Online,57,Lawyer,0
TXN-005838,ACCT-1071,2025-08-15 12:44:37,64.76,Target,Seattle,Utilities,In-Store,42,Analyst,0
TXN-005839,ACCT-1151,2025-10-10 18:58:05,90.32,Chevron,Denver,Subscriptions,Mobile App,36,Retired,0
TXN-005840,ACCT-1103,2025-12-18 07:27:18,20.9,Hilton,Houston,Travel,Online,23,Sales Rep,0
TXN-005841,ACCT-1119,2025-12-26 12:28:47,88.64,Safeway,Boston,Dining,Online,41,Designer,0
TXN-005842,ACCT-1190,2025-09-30 11:35:16,138.44,Airbnb,Nashville,Healthcare,Online,40,Teacher,0
TXN-005843,ACCT-1092,2025-08-24 16:28:50,85.48,Spotify,Minneapolis,Utilities,ATM,32,Accountant,0
TXN-005844,ACCT-1101,2025-01-18 12:14:58,19.48,Amazon,Seattle,Personal Care,In-Store,24,Doctor,0
TXN-005845,ACCT-1166,2025-07-08 19:08:52,36.97,Home Depot,Boston,Transportation,Online,21,Designer,0
TXN-005846,ACCT-1132,2025-08-06 10:56:13,371.06,Whole Foods,Miami,Groceries,ATM,54,Manager,0
TXN-005847,ACCT-1059,2025-09-11 15:16:38,170.53,United Airlines,Los Angeles,Entertainment,Phone,48,Doctor,0
TXN-005848,ACCT-1093,2025-05-29 20:54:57,22.5,Apple Store,Boston,Entertainment,In-Store,41,Chef,0
TXN-005849,ACCT-1025,2025-04-22 09:24:50,324.17,Costco,New York,Healthcare,Online,43,Chef,0
TXN-005850,ACCT-1136,2025-07-08 10:20:47,448.58,Walmart,Boston,Groceries,ATM,60,Sales Rep,0
TXN-005851,ACCT-1109,2025-07-17 21:04:38,62.03,United Airlines,Nashville,Entertainment,In-Store,42,Student,0
TXN-005852,ACCT-1114,2025-05-23 09:15:27,38.83,Walmart,Detroit,Travel,ATM,65,Teacher,0
TXN-005853,ACCT-1077,2025-03-15 09:29:46,54.37,Walgreens,Seattle,Personal Care,In-Store,80,Driver,0
TXN-005854,ACCT-1062,2025-01-22 19:08:49,294.12,Airbnb,Seattle,Entertainment,Online,52,Student,0
TXN-005855,ACCT-1197,2025-02-24 12:49:09,116.64,DoorDash,Atlanta,Dining,In-Store,37,Student,0
TXN-005856,ACCT-1076,2025-05-05 11:45:58,32.82,Grubhub,Miami,Shopping,ATM,18,Teacher,0
TXN-005857,ACCT-1003,2025-01-16 10:30:27,115.68,Nike,San Antonio,Dining,In-Store,73,Engineer,0
TXN-005858,ACCT-1046,2025-04-09 14:20:25,101.88,Nike,San Diego,Healthcare,In-Store,27,Driver,0
TXN-005859,ACCT-1126,2025-01-25 21:55:20,201.48,Trader Joes,Detroit,Groceries,Phone,30,Driver,0
TXN-005860,ACCT-1007,2025-06-03 22:24:30,117.03,Netflix,Atlanta,Travel,Online,66,Sales Rep,0
TXN-005861,ACCT-1165,2025-08-20 04:15:31,15.89,Best Buy,San Antonio,Groceries,Mobile App,22,Accountant,0
TXN-005862,ACCT-1012,2025-04-05 12:54:56,25.24,McDonalds,Denver,Personal Care,In-Store,22,Teacher,0
TXN-005863,ACCT-1131,2025-07-21 19:46:20,111.92,Walmart,Dallas,Education,Online,34,Lawyer,0
TXN-005864,ACCT-1076,2025-03-28 13:08:28,7.15,United Airlines,Portland,Groceries,Online,18,Teacher,0
TXN-005865,ACCT-1061,2025-05-22 07:00:44,302.46,Safeway,Boston,Groceries,Mobile App,50,Analyst,0
TXN-005866,ACCT-1153,2025-05-17 11:00:27,83.57,Zara,Los Angeles,Healthcare,Online,33,Lawyer,0
TXN-005867,ACCT-1056,2025-07-29 15:02:29,24.93,Zara,Philadelphia,Gas,Mobile App,39,Freelancer,0
TXN-005868,ACCT-1168,2025-03-03 13:17:09,53.12,Zara,Boston,Personal Care,Mobile App,82,Teacher,0
TXN-005869,ACCT-1185,2025-08-07 15:23:48,241.6,Walgreens,New York,Utilities,In-Store,58,Lawyer,0
TXN-005870,ACCT-1105,2025-04-19 19:59:30,174.35,United Airlines,New York,Shopping,In-Store,51,Teacher,0
TXN-005871,ACCT-1072,2025-08-02 14:32:10,283.31,Grubhub,San Diego,Entertainment,In-Store,53,Analyst,0
TXN-005872,ACCT-1025,2025-11-14 15:08:52,175.33,Home Depot,New York,Healthcare,Mobile App,43,Chef,0
TXN-005873,ACCT-1141,2025-06-23 19:09:29,197.1,United Airlines,San Diego,Healthcare,Mobile App,32,Engineer,0
TXN-005874,ACCT-1070,2025-05-19 12:19:26,174.89,Hilton,Portland,Entertainment,Online,56,Student,0
TXN-005875,ACCT-1063,2025-09-15 20:02:14,83.16,Trader Joes,Austin,Healthcare,In-Store,70,Driver,0
TXN-005876,ACCT-1034,2025-09-08 16:36:45,119.5,Walgreens,Philadelphia,Gas,Online,41,Lawyer,0
TXN-005877,ACCT-1012,2025-02-01 08:33:18,45.11,Kroger,Denver,Gas,In-Store,22,Teacher,0
TXN-005878,ACCT-1186,2025-12-19 12:16:33,37.42,Delta Airlines,Dallas,Entertainment,Online,19,Freelancer,0
TXN-005879,ACCT-1109,2025-11-28 12:15:21,78.05,Shell Gas,Nashville,Healthcare,Online,42,Student,0
TXN-005880,ACCT-1083,2025-01-28 14:54:14,86.0,Netflix,San Diego,Education,Mobile App,52,Freelancer,0
TXN-005881,ACCT-1056,2025-12-23 13:16:45,94.43,Walmart,Philadelphia,Education,Mobile App,39,Freelancer,0
TXN-005882,ACCT-1037,2025-10-11 09:17:46,69.76,Uber,Atlanta,Entertainment,In-Store,18,Designer,0
TXN-005883,ACCT-1172,2025-12-12 12:51:10,251.92,Shell Gas,Houston,Groceries,Online,25,Nurse,1
TXN-005884,ACCT-1150,2025-05-23 10:16:19,64.36,Whole Foods,Atlanta,Utilities,Mobile App,24,Manager,0
TXN-005885,ACCT-1010,2025-04-03 10:04:11,18.43,Airbnb,Philadelphia,Groceries,In-Store,19,Sales Rep,0
TXN-005886,ACCT-1191,2025-03-21 15:00:23,848.26,Safeway,San Francisco,Subscriptions,In-Store,61,Designer,0
TXN-005887,ACCT-1098,2025-08-30 09:04:08,102.69,Hilton,Houston,Education,Mobile App,37,Sales Rep,0
TXN-005888,ACCT-1166,2025-03-17 13:43:52,25.61,Home Depot,Boston,Entertainment,ATM,21,Designer,0
TXN-005889,ACCT-1067,2025-06-09 14:46:46,200.59,Costco,Boston,Gas,Online,62,Doctor,0
TXN-005890,ACCT-1115,2025-09-06 13:35:40,55.71,McDonalds,San Francisco,Utilities,Phone,40,Sales Rep,0
TXN-005891,ACCT-1027,2025-01-13 13:09:00,406.41,Chevron,Houston,Shopping,Online,28,Sales Rep,0
TXN-005892,ACCT-1113,2025-01-20 10:05:40,86.7,Starbucks,Houston,Transportation,Online,41,Designer,0
TXN-005893,ACCT-1043,2025-01-28 10:46:36,217.0,Amazon,Atlanta,Personal Care,Mobile App,34,Manager,0
TXN-005894,ACCT-1020,2025-07-14 09:01:26,208.26,Lyft,Detroit,Education,In-Store,36,Engineer,0
TXN-005895,ACCT-1030,2025-01-21 16:35:12,261.48,Grubhub,Seattle,Personal Care,Phone,48,Manager,0
TXN-005896,ACCT-1075,2025-01-07 22:14:00,123.48,Nike,Denver,Subscriptions,In-Store,81,Accountant,0
TXN-005897,ACCT-1139,2025-08-29 15:12:43,102.33,Delta Airlines,Los Angeles,Utilities,Phone,40,Driver,0
TXN-005898,ACCT-1076,2025-01-29 08:22:41,8.81,Walgreens,San Diego,Utilities,In-Store,18,Teacher,0
TXN-005899,ACCT-1038,2025-11-10 08:39:41,88.74,Delta Airlines,Chicago,Travel,Mobile App,42,Nurse,0
TXN-005900,ACCT-1156,2025-09-15 20:15:48,16.26,Airbnb,Atlanta,Groceries,In-Store,18,Sales Rep,0
TXN-005901,ACCT-1105,2025-06-22 16:22:34,152.85,Safeway,New York,Groceries,Online,51,Teacher,0
TXN-005902,ACCT-1107,2025-05-23 15:42:58,316.64,Amazon,Austin,Utilities,Mobile App,63,Student,0
TXN-005903,ACCT-1115,2025-04-05 14:05:10,28.65,Hilton,San Francisco,Healthcare,Mobile App,40,Sales Rep,0
TXN-005904,ACCT-1011,2025-10-07 13:17:24,619.81,Netflix,Los Angeles,Transportation,In-Store,47,Doctor,0
TXN-005905,ACCT-1147,2025-06-21 17:55:03,126.07,Zara,Atlanta,Dining,Mobile App,75,Doctor,0
TXN-005906,ACCT-1128,2025-06-04 14:48:29,28.72,Costco,Denver,Groceries,Mobile App,21,Engineer,0
TXN-005907,ACCT-1094,2025-08-01 08:54:47,868.18,Trader Joes,San Francisco,Utilities,In-Store,48,Driver,0
TXN-005908,ACCT-1117,2025-10-30 15:36:22,269.77,Best Buy,Houston,Gas,In-Store,56,Teacher,0
TXN-005909,ACCT-1171,2025-08-08 15:19:16,256.42,Costco,Boston,Dining,Online,57,Doctor,0
TXN-005910,ACCT-1106,2025-10-20 10:55:54,15.46,Chevron,Seattle,Utilities,Online,23,Retired,0
TXN-005911,ACCT-1183,2025-05-21 19:07:22,383.68,Nike,Minneapolis,Utilities,Online,60,Retired,0
TXN-005912,ACCT-1053,2025-11-17 13:40:40,32.43,Nike,Philadelphia,Groceries,Online,20,Student,0
TXN-005913,ACCT-1131,2025-07-14 13:35:13,181.81,Walgreens,Detroit,Transportation,ATM,34,Lawyer,0
TXN-005914,ACCT-1176,2025-01-08 13:33:31,180.52,Kroger,Boston,Groceries,Mobile App,62,Designer,0
TXN-005915,ACCT-1128,2025-03-31 12:51:11,37.18,Whole Foods,Denver,Groceries,Mobile App,21,Engineer,0
TXN-005916,ACCT-1067,2025-09-21 14:38:50,222.11,Marriott,Boston,Healthcare,ATM,62,Doctor,0
TXN-005917,ACCT-1019,2025-06-29 12:16:38,100.06,Netflix,Chicago,Personal Care,In-Store,41,Lawyer,0
TXN-005918,ACCT-1150,2025-07-09 20:37:12,36.84,Starbucks,Atlanta,Dining,Online,24,Manager,0
TXN-005919,ACCT-1080,2025-08-03 16:59:22,101.04,Delta Airlines,Seattle,Utilities,Mobile App,79,Freelancer,0
TXN-005920,ACCT-1003,2025-01-13 15:46:18,419.05,Hilton,San Antonio,Healthcare,Mobile App,73,Engineer,0
TXN-005921,ACCT-1074,2025-05-21 10:24:26,125.51,Spotify,Miami,Groceries,Online,42,Freelancer,0
TXN-005922,ACCT-1155,2025-07-06 09:07:57,157.48,Shell Gas,Los Angeles,Subscriptions,In-Store,35,Accountant,0
TXN-005923,ACCT-1058,2025-10-12 09:16:13,178.29,Nike,San Diego,Travel,Mobile App,36,Designer,0
TXN-005924,ACCT-1185,2025-08-03 10:35:41,498.3,Whole Foods,New York,Education,In-Store,58,Lawyer,0
TXN-005925,ACCT-1006,2025-02-27 12:45:41,105.74,Walgreens,Atlanta,Utilities,Online,55,Nurse,0
TXN-005926,ACCT-1026,2025-03-31 11:31:24,133.61,Hilton,Denver,Subscriptions,Online,33,Lawyer,0
TXN-005927,ACCT-1068,2025-02-16 09:32:33,16.2,Grubhub,Atlanta,Education,In-Store,22,Accountant,0
TXN-005928,ACCT-1006,2025-08-15 10:43:22,61.4,Walgreens,Atlanta,Transportation,Online,55,Nurse,0
TXN-005929,ACCT-1146,2025-06-03 10:54:37,128.09,Walgreens,Atlanta,Entertainment,Mobile App,39,Accountant,0
TXN-005930,ACCT-1177,2025-11-10 07:29:16,17.83,Trader Joes,Portland,Utilities,In-Store,24,Teacher,0
TXN-005931,ACCT-1133,2025-09-11 18:07:07,70.42,Grubhub,Nashville,Entertainment,In-Store,19,Student,0
TXN-005932,ACCT-1179,2025-08-18 09:15:07,58.79,Apple Store,Nashville,Utilities,Online,41,Engineer,0
TXN-005933,ACCT-1116,2025-08-24 16:40:21,26.4,Costco,San Francisco,Education,In-Store,19,Lawyer,0
TXN-005934,ACCT-1021,2025-05-07 12:59:25,48.86,Delta Airlines,Phoenix,Shopping,Online,28,Teacher,0
TXN-005935,ACCT-1037,2025-04-12 09:55:28,91.41,DoorDash,Atlanta,Groceries,Online,18,Designer,0
TXN-005936,ACCT-1109,2025-03-31 12:32:50,45.77,Best Buy,Nashville,Groceries,Online,42,Student,0
TXN-005937,ACCT-1155,2025-01-16 08:39:19,104.99,CVS Pharmacy,Los Angeles,Dining,ATM,35,Accountant,0
TXN-005938,ACCT-1151,2025-03-10 14:46:26,113.44,Amazon,Denver,Travel,Mobile App,36,Retired,0
TXN-005939,ACCT-1136,2025-10-05 11:05:26,920.32,Starbucks,Boston,Utilities,Online,60,Sales Rep,0
TXN-005940,ACCT-1009,2025-01-14 08:21:10,210.24,Nike,Austin,Education,In-Store,69,Analyst,0
TXN-005941,ACCT-1104,2025-06-10 09:21:00,53.84,Uber,Nashville,Entertainment,ATM,24,Engineer,0
TXN-005942,ACCT-1108,2025-07-25 14:42:42,79.27,Airbnb,San Francisco,Groceries,Mobile App,34,Retired,0
TXN-005943,ACCT-1104,2025-12-03 15:30:35,41.01,Apple Store,Dallas,Groceries,ATM,24,Engineer,0
TXN-005944,ACCT-1040,2025-01-02 16:40:30,86.78,Whole Foods,Miami,Transportation,Online,29,Driver,0
TXN-005945,ACCT-1005,2025-01-30 01:00:50,31.75,Whole Foods,Phoenix,Shopping,ATM,24,Student,0
TXN-005946,ACCT-1132,2025-01-29 19:19:42,327.89,Whole Foods,Miami,Healthcare,In-Store,54,Manager,0
TXN-005947,ACCT-1029,2025-10-19 15:14:13,72.02,Grubhub,San Francisco,Gas,Online,32,Freelancer,0
TXN-005948,ACCT-1149,2025-01-15 12:50:31,56.51,Delta Airlines,Los Angeles,Dining,Mobile App,41,Sales Rep,0
TXN-005949,ACCT-1053,2025-01-10 10:06:13,55.94,Delta Airlines,Philadelphia,Education,In-Store,20,Student,0
TXN-005950,ACCT-1005,2025-04-15 22:22:51,21.34,Apple Store,Phoenix,Shopping,Phone,24,Student,0
TXN-005951,ACCT-1147,2025-07-01 18:10:06,163.65,Zara,Atlanta,Gas,In-Store,75,Doctor,0
TXN-005952,ACCT-1130,2025-04-03 09:04:58,50.51,Safeway,Detroit,Healthcare,Online,27,Lawyer,0
TXN-005953,ACCT-1140,2025-03-14 14:32:03,75.58,Costco,Detroit,Utilities,Mobile App,24,Teacher,0
TXN-005954,ACCT-1075,2025-05-09 09:17:37,108.19,Best Buy,Denver,Travel,Phone,81,Accountant,0
TXN-005955,ACCT-1196,2025-12-22 10:14:26,223.27,Delta Airlines,Los Angeles,Travel,ATM,48,Freelancer,0
TXN-005956,ACCT-1073,2025-02-09 08:18:34,127.76,McDonalds,Miami,Dining,Online,34,Analyst,0
TXN-005957,ACCT-1141,2025-02-18 19:01:09,57.62,Kroger,San Diego,Education,Online,32,Engineer,0
TXN-005958,ACCT-1118,2025-06-11 07:37:44,405.19,Airbnb,Detroit,Utilities,Mobile App,37,Designer,0
TXN-005959,ACCT-1043,2025-12-28 10:04:13,286.53,McDonalds,Atlanta,Shopping,Online,34,Manager,0
TXN-005960,ACCT-1093,2025-04-08 07:16:41,41.77,Delta Airlines,Boston,Subscriptions,In-Store,41,Chef,0
TXN-005961,ACCT-1120,2025-09-19 17:12:27,188.42,Lyft,Houston,Subscriptions,Mobile App,54,Teacher,1
TXN-005962,ACCT-1121,2025-01-10 06:05:16,150.91,Chevron,Houston,Groceries,In-Store,35,Accountant,0
TXN-005963,ACCT-1061,2025-07-11 14:41:51,427.13,Walmart,Boston,Entertainment,Mobile App,50,Analyst,0
TXN-005964,ACCT-1023,2025-02-26 19:11:16,63.41,CVS Pharmacy,Dallas,Shopping,Online,39,Retired,0
TXN-005965,ACCT-1187,2025-01-18 20:38:13,282.06,Whole Foods,San Antonio,Shopping,Online,28,Freelancer,0
TXN-005966,ACCT-1019,2025-02-11 12:59:47,62.25,Walmart,Chicago,Subscriptions,Online,41,Lawyer,0
TXN-005967,ACCT-1072,2025-03-28 11:36:35,130.07,Walmart,San Diego,Entertainment,Online,53,Analyst,0
TXN-005968,ACCT-1180,2025-02-12 07:26:51,160.57,Safeway,Detroit,Utilities,In-Store,45,Freelancer,0
TXN-005969,ACCT-1074,2025-04-27 13:34:47,395.84,Amazon,Miami,Subscriptions,In-Store,42,Freelancer,0
TXN-005970,ACCT-1179,2025-01-15 13:35:59,25.28,Best Buy,Nashville,Shopping,ATM,41,Engineer,0
TXN-005971,ACCT-1108,2025-04-19 10:49:28,132.29,Apple Store,San Francisco,Groceries,In-Store,34,Retired,0
TXN-005972,ACCT-1092,2025-11-03 11:21:49,210.13,Walmart,Minneapolis,Subscriptions,In-Store,32,Accountant,0
TXN-005973,ACCT-1037,2025-07-25 09:43:04,34.94,DoorDash,Atlanta,Groceries,In-Store,18,Designer,0
TXN-005974,ACCT-1118,2025-08-26 11:32:13,299.55,Walmart,Detroit,Dining,In-Store,37,Designer,0
TXN-005975,ACCT-1100,2025-12-21 11:59:37,172.22,Marriott,Phoenix,Groceries,Online,80,Manager,0
TXN-005976,ACCT-1079,2025-12-02 23:56:35,323.12,Best Buy,New York,Personal Care,In-Store,52,Retired,0
TXN-005977,ACCT-1021,2025-02-04 15:41:11,30.27,Walmart,Phoenix,Healthcare,ATM,28,Teacher,0
TXN-005978,ACCT-1059,2025-05-06 14:44:35,385.64,Uber,Los Angeles,Dining,Mobile App,48,Doctor,0
TXN-005979,ACCT-1089,2025-07-21 12:10:16,51.04,Whole Foods,Dallas,Subscriptions,In-Store,18,Driver,0
TXN-005980,ACCT-1143,2025-08-22 16:34:01,123.67,Netflix,Minneapolis,Transportation,Online,76,Retired,0
TXN-005981,ACCT-1130,2025-12-25 11:34:48,66.81,Walgreens,Detroit,Education,ATM,27,Lawyer,0
TXN-005982,ACCT-1028,2025-07-24 09:07:35,64.33,Shell Gas,Seattle,Transportation,In-Store,23,Freelancer,0
TXN-005983,ACCT-1197,2025-07-08 18:40:00,3057.68,Costco,Los Angeles,Shopping,In-Store,37,Student,1
TXN-005984,ACCT-1046,2025-01-14 20:51:00,239.85,Kroger,Atlanta,Dining,In-Store,27,Driver,0
TXN-005985,ACCT-1078,2025-06-19 07:57:20,16.29,Spotify,Houston,Gas,Online,24,Freelancer,0
TXN-005986,ACCT-1039,2025-08-21 02:50:12,136.75,United Airlines,Houston,Travel,ATM,82,Accountant,0
TXN-005987,ACCT-1016,2025-02-26 10:01:40,155.33,Marriott,Miami,Shopping,ATM,26,Driver,0
TXN-005988,ACCT-1073,2025-05-29 01:33:53,273.14,Uber,Miami,Shopping,In-Store,34,Analyst,0
TXN-005989,ACCT-1019,2025-09-20 11:13:56,147.03,Uber,Houston,Healthcare,Mobile App,41,Lawyer,0
TXN-005990,ACCT-1168,2025-02-25 14:09:31,121.9,Zara,Nashville,Gas,Mobile App,82,Teacher,0
TXN-005991,ACCT-1116,2025-05-04 14:26:41,58.37,Zara,San Francisco,Subscriptions,ATM,19,Lawyer,0
TXN-005992,ACCT-1155,2025-06-26 10:24:11,142.12,Marriott,Los Angeles,Utilities,Online,35,Accountant,0
TXN-005993,ACCT-1130,2025-10-15 08:28:30,74.08,CVS Pharmacy,Detroit,Groceries,In-Store,27,Lawyer,0
TXN-005994,ACCT-1174,2025-07-29 07:01:06,99.61,Spotify,San Francisco,Personal Care,Online,34,Retired,0
TXN-005995,ACCT-1087,2025-12-11 14:19:32,236.81,Hilton,Seattle,Shopping,Online,61,Manager,0
TXN-005996,ACCT-1042,2025-12-12 06:58:53,104.59,Safeway,Boston,Shopping,Online,50,Sales Rep,0
TXN-005997,ACCT-1089,2025-09-04 12:17:47,40.93,Kroger,Dallas,Subscriptions,Mobile App,18,Driver,0
TXN-005998,ACCT-1103,2025-01-12 16:29:21,31.09,Hilton,Houston,Dining,ATM,23,Sales Rep,0
TXN-005999,ACCT-1012,2025-02-12 14:09:16,42.58,Walgreens,Denver,Healthcare,In-Store,22,Teacher,0
TXN-006000,ACCT-1135,2025-07-03 10:11:37,429.29,Chevron,Los Angeles,Utilities,In-Store,37,Driver,0
TXN-006001,ACCT-1124,2025-02-26 10:47:46,84.26,Costco,Miami,Dining,Mobile App,33,Analyst,0
TXN-006002,ACCT-1128,2025-04-23 13:34:40,30.62,Chevron,Denver,Personal Care,Online,21,Engineer,0
TXN-006003,ACCT-1062,2025-02-28 07:32:15,227.04,Grubhub,Chicago,Education,Online,52,Student,0
TXN-006004,ACCT-1199,2025-07-08 13:25:57,314.11,Shell Gas,Houston,Utilities,Online,33,Chef,0
TXN-006005,ACCT-1153,2025-08-24 08:35:28,71.47,Marriott,Los Angeles,Education,In-Store,33,Lawyer,0
TXN-006006,ACCT-1188,2025-07-25 03:00:00,191.97,Uber,New York,Entertainment,Online,23,Sales Rep,1
TXN-006007,ACCT-1047,2025-11-23 22:53:05,51.18,Nike,Dallas,Entertainment,Phone,75,Sales Rep,0
TXN-006008,ACCT-1045,2025-07-24 10:56:37,87.42,Netflix,Philadelphia,Shopping,In-Store,66,Chef,0
TXN-006009,ACCT-1072,2025-11-11 12:42:23,213.33,Shell Gas,San Diego,Education,Mobile App,53,Analyst,0
TXN-006010,ACCT-1094,2025-05-29 21:00:40,474.31,Trader Joes,San Francisco,Gas,ATM,48,Driver,0
TXN-006011,ACCT-1010,2025-06-12 07:39:02,8.01,Whole Foods,Philadelphia,Transportation,Mobile App,19,Sales Rep,0
TXN-006012,ACCT-1027,2025-11-02 07:29:15,225.54,Lyft,Houston,Groceries,Online,28,Sales Rep,0
TXN-006013,ACCT-1120,2025-05-13 12:57:58,684.04,Safeway,Minneapolis,Travel,ATM,54,Teacher,0
TXN-006014,ACCT-1158,2025-01-26 10:29:57,57.37,Netflix,Nashville,Dining,In-Store,23,Doctor,0
TXN-006015,ACCT-1082,2025-04-03 18:37:44,18.05,Starbucks,Boston,Entertainment,ATM,26,Driver,0
TXN-006016,ACCT-1127,2025-02-28 12:36:59,175.88,Uber,Denver,Transportation,Mobile App,32,Nurse,0
TXN-006017,ACCT-1196,2025-07-09 12:32:52,533.77,Amazon,Los Angeles,Education,In-Store,48,Freelancer,0
TXN-006018,ACCT-1178,2025-03-25 16:22:54,183.1,Grubhub,Chicago,Transportation,ATM,59,Retired,0
TXN-006019,ACCT-1144,2025-11-08 15:36:13,295.42,Apple Store,San Antonio,Entertainment,In-Store,27,Chef,0
TXN-006020,ACCT-1165,2025-06-28 13:00:17,25.11,Best Buy,San Antonio,Transportation,In-Store,22,Accountant,0
TXN-006021,ACCT-1019,2025-06-20 10:42:32,88.29,DoorDash,Chicago,Gas,ATM,41,Lawyer,0
TXN-006022,ACCT-1055,2025-02-22 13:04:47,178.03,Amazon,Denver,Groceries,In-Store,46,Nurse,0
TXN-006023,ACCT-1152,2025-06-04 03:16:42,183.17,Walmart,Los Angeles,Transportation,Phone,58,Chef,0
TXN-006024,ACCT-1192,2025-05-02 16:15:03,104.75,Apple Store,San Antonio,Healthcare,Mobile App,56,Designer,0
TXN-006025,ACCT-1119,2025-08-22 17:35:55,155.02,Safeway,Austin,Dining,In-Store,41,Designer,0
TXN-006026,ACCT-1014,2025-10-31 11:20:48,295.44,Target,Nashville,Education,Online,54,Chef,0
TXN-006027,ACCT-1059,2025-03-06 10:24:28,238.73,CVS Pharmacy,Los Angeles,Travel,Online,48,Doctor,0
TXN-006028,ACCT-1106,2025-04-24 19:27:35,23.2,Shell Gas,Seattle,Shopping,Online,23,Retired,0
TXN-006029,ACCT-1092,2025-12-25 11:18:34,81.87,Shell Gas,Minneapolis,Entertainment,Mobile App,32,Accountant,0
TXN-006030,ACCT-1134,2025-06-09 18:50:50,515.97,Walmart,Miami,Healthcare,Online,56,Student,0
TXN-006031,ACCT-1158,2025-05-19 09:01:02,23.2,Airbnb,Nashville,Utilities,In-Store,23,Doctor,0
TXN-006032,ACCT-1003,2025-04-13 09:42:37,74.77,Airbnb,Phoenix,Travel,Online,73,Engineer,0
TXN-006033,ACCT-1018,2025-03-28 08:33:01,35.9,Uber,Seattle,Dining,In-Store,28,Retired,0
TXN-006034,ACCT-1164,2025-12-27 20:06:05,68.93,Apple Store,Seattle,Gas,In-Store,36,Freelancer,0
TXN-006035,ACCT-1057,2025-06-18 19:52:14,106.16,Safeway,Seattle,Utilities,In-Store,55,Analyst,0
TXN-006036,ACCT-1182,2025-12-20 13:56:58,465.06,Safeway,Houston,Education,In-Store,55,Lawyer,0
TXN-006037,ACCT-1130,2025-10-07 10:47:47,50.93,Apple Store,Detroit,Personal Care,Online,27,Lawyer,0
TXN-006038,ACCT-1124,2025-01-17 14:36:26,49.12,McDonalds,Miami,Personal Care,Mobile App,33,Analyst,0
TXN-006039,ACCT-1111,2025-12-28 15:31:03,128.87,Spotify,Houston,Gas,Online,22,Analyst,0
TXN-006040,ACCT-1195,2025-02-17 03:14:10,289.43,DoorDash,Houston,Education,ATM,46,Retired,0
TXN-006041,ACCT-1181,2025-03-08 12:29:03,206.82,Starbucks,Detroit,Transportation,Online,48,Manager,0
TXN-006042,ACCT-1052,2025-12-25 18:22:01,105.63,Target,Philadelphia,Shopping,In-Store,68,Accountant,0
TXN-006043,ACCT-1017,2025-09-07 08:33:02,153.16,Delta Airlines,San Diego,Entertainment,ATM,76,Nurse,0
TXN-006044,ACCT-1173,2025-11-04 13:21:46,179.75,Uber,Chicago,Dining,Mobile App,44,Retired,0
TXN-006045,ACCT-1180,2025-01-31 14:30:19,162.89,Safeway,Detroit,Groceries,Mobile App,45,Freelancer,0
TXN-006046,ACCT-1043,2025-10-26 12:00:19,129.98,McDonalds,Atlanta,Entertainment,In-Store,34,Manager,0
TXN-006047,ACCT-1000,2025-06-08 13:00:36,323.19,Hilton,Portland,Gas,Phone,59,Freelancer,0
TXN-006048,ACCT-1127,2025-12-16 17:08:54,66.89,Uber,Denver,Shopping,ATM,32,Nurse,0
TXN-006049,ACCT-1012,2025-06-24 14:25:43,43.55,Walgreens,Denver,Gas,In-Store,22,Teacher,0
TXN-006050,ACCT-1096,2025-05-25 04:43:58,111.34,Starbucks,New York,Subscriptions,Online,30,Chef,0
TXN-006051,ACCT-1062,2025-05-25 17:06:52,356.67,Grubhub,Chicago,Dining,Mobile App,52,Student,0
TXN-006052,ACCT-1000,2025-06-14 09:45:08,154.36,Hilton,Portland,Education,In-Store,59,Freelancer,0
TXN-006053,ACCT-1198,2025-05-15 11:42:03,207.91,Delta Airlines,Boston,Subscriptions,In-Store,53,Engineer,0
TXN-006054,ACCT-1196,2025-02-23 11:15:14,553.28,Target,Philadelphia,Gas,Online,48,Freelancer,0
TXN-006055,ACCT-1125,2025-09-23 18:44:26,272.51,United Airlines,Atlanta,Subscriptions,In-Store,61,Teacher,0
TXN-006056,ACCT-1001,2025-02-28 13:21:24,286.18,Nike,Minneapolis,Groceries,In-Store,64,Nurse,0
TXN-006057,ACCT-1129,2025-01-21 16:11:08,26.67,Hilton,Chicago,Healthcare,ATM,32,Sales Rep,0
TXN-006058,ACCT-1127,2025-03-06 15:00:59,73.14,Uber,Denver,Subscriptions,Online,32,Nurse,0
TXN-006059,ACCT-1135,2025-04-24 07:41:16,65.93,Chevron,Los Angeles,Entertainment,In-Store,37,Driver,0
TXN-006060,ACCT-1062,2025-05-19 11:43:32,544.9,Grubhub,Chicago,Groceries,In-Store,52,Student,0
TXN-006061,ACCT-1158,2025-06-12 18:04:21,17.71,Airbnb,Nashville,Gas,In-Store,23,Doctor,0
TXN-006062,ACCT-1173,2025-09-07 18:45:53,144.62,Uber,Chicago,Travel,In-Store,44,Retired,0
TXN-006063,ACCT-1059,2025-07-15 23:31:09,286.53,Netflix,San Antonio,Subscriptions,Mobile App,48,Doctor,0
TXN-006064,ACCT-1199,2025-08-19 13:52:59,178.99,Target,Houston,Transportation,Online,33,Chef,0
TXN-006065,ACCT-1132,2025-09-20 08:05:48,526.6,Whole Foods,Miami,Gas,Mobile App,54,Manager,0
TXN-006066,ACCT-1003,2025-02-24 16:37:31,90.05,Home Depot,Austin,Shopping,In-Store,73,Engineer,0
TXN-006067,ACCT-1144,2025-06-05 14:40:16,204.0,Home Depot,San Antonio,Personal Care,In-Store,27,Chef,0
TXN-006068,ACCT-1107,2025-09-03 15:21:41,216.79,Spotify,Austin,Utilities,Online,63,Student,0
TXN-006069,ACCT-1083,2025-03-30 12:48:28,92.66,Grubhub,Detroit,Utilities,Mobile App,52,Freelancer,0
TXN-006070,ACCT-1010,2025-04-22 03:30:46,18.79,Airbnb,Philadelphia,Utilities,Online,19,Sales Rep,0
TXN-006071,ACCT-1122,2025-11-13 10:00:09,157.44,Lyft,Portland,Education,ATM,34,Retired,0
TXN-006072,ACCT-1073,2025-11-26 11:43:09,409.87,Walmart,Denver,Transportation,Online,34,Analyst,0
TXN-006073,ACCT-1106,2025-01-30 09:00:15,40.85,United Airlines,Seattle,Transportation,Mobile App,23,Retired,0
TXN-006074,ACCT-1045,2025-03-17 13:53:03,116.72,Walgreens,Philadelphia,Personal Care,Online,66,Chef,0
TXN-006075,ACCT-1067,2025-07-06 08:30:48,410.17,Costco,Boston,Subscriptions,Online,62,Doctor,0
TXN-006076,ACCT-1119,2025-10-03 19:45:20,87.61,Safeway,Boston,Subscriptions,Online,41,Designer,0
TXN-006077,ACCT-1160,2025-06-19 12:29:52,198.63,Airbnb,Denver,Travel,Mobile App,40,Nurse,0
TXN-006078,ACCT-1117,2025-05-24 08:31:25,361.9,Zara,Houston,Transportation,In-Store,56,Teacher,0
TXN-006079,ACCT-1043,2025-04-17 11:05:24,170.14,DoorDash,Atlanta,Education,Phone,34,Manager,0
TXN-006080,ACCT-1113,2025-09-12 11:38:32,108.11,Netflix,Houston,Groceries,Mobile App,41,Designer,0
TXN-006081,ACCT-1193,2025-08-09 10:38:03,106.04,Lyft,San Diego,Gas,Mobile App,42,Sales Rep,0
TXN-006082,ACCT-1022,2025-04-27 15:15:12,102.7,Delta Airlines,Detroit,Groceries,In-Store,34,Analyst,0
TXN-006083,ACCT-1111,2025-10-30 22:28:36,59.92,Chevron,Houston,Entertainment,Online,22,Analyst,0
TXN-006084,ACCT-1134,2025-09-23 13:37:48,692.07,Whole Foods,Miami,Subscriptions,In-Store,56,Student,0
TXN-006085,ACCT-1081,2025-01-11 18:32:13,61.17,Shell Gas,Phoenix,Utilities,Online,77,Accountant,0
TXN-006086,ACCT-1119,2025-09-21 08:12:06,86.78,Home Depot,Boston,Utilities,Mobile App,41,Designer,0
TXN-006087,ACCT-1126,2025-06-18 19:12:26,139.72,Trader Joes,Portland,Travel,Online,30,Driver,0
TXN-006088,ACCT-1117,2025-01-10 17:44:32,473.9,Zara,Houston,Dining,Mobile App,56,Teacher,0
TXN-006089,ACCT-1039,2025-01-22 14:01:39,133.3,McDonalds,Houston,Healthcare,In-Store,82,Accountant,0
TXN-006090,ACCT-1068,2025-04-01 10:09:50,9.12,Hilton,Atlanta,Healthcare,In-Store,22,Accountant,0
TXN-006091,ACCT-1185,2025-03-18 19:08:11,122.02,McDonalds,San Antonio,Transportation,Online,58,Lawyer,0
TXN-006092,ACCT-1086,2025-02-05 13:36:23,19.82,Hilton,Philadelphia,Transportation,In-Store,20,Manager,0
TXN-006093,ACCT-1189,2025-04-27 21:07:17,12.72,Walmart,Miami,Shopping,ATM,23,Designer,0
TXN-006094,ACCT-1040,2025-03-01 04:45:39,191.15,Netflix,Chicago,Dining,Mobile App,29,Driver,0
TXN-006095,ACCT-1011,2025-02-18 00:49:25,571.54,Netflix,Atlanta,Dining,Online,47,Doctor,0
TXN-006096,ACCT-1052,2025-06-12 18:55:33,109.69,Hilton,Philadelphia,Gas,In-Store,68,Accountant,0
TXN-006097,ACCT-1150,2025-01-08 15:16:55,33.39,Starbucks,Atlanta,Dining,In-Store,24,Manager,0
TXN-006098,ACCT-1061,2025-07-31 17:12:17,236.48,Marriott,Boston,Gas,In-Store,50,Analyst,0
TXN-006099,ACCT-1027,2025-10-19 20:53:27,90.44,Uber,Houston,Healthcare,Mobile App,28,Sales Rep,0
TXN-006100,ACCT-1100,2025-07-18 09:18:47,65.94,McDonalds,Los Angeles,Shopping,Online,80,Manager,0
TXN-006101,ACCT-1084,2025-06-17 22:36:58,53.46,CVS Pharmacy,Dallas,Utilities,Mobile App,24,Engineer,0
TXN-006102,ACCT-1156,2025-08-23 08:16:09,72.08,Kroger,Atlanta,Dining,Online,18,Sales Rep,0
TXN-006103,ACCT-1152,2025-10-05 20:24:24,458.42,Airbnb,San Francisco,Shopping,Mobile App,58,Chef,0
TXN-006104,ACCT-1068,2025-05-03 19:08:42,8.14,Chevron,Portland,Subscriptions,Online,22,Accountant,0
TXN-006105,ACCT-1071,2025-06-06 14:19:33,170.79,Home Depot,Nashville,Education,In-Store,42,Analyst,0
TXN-006106,ACCT-1030,2025-07-27 22:02:59,136.26,Whole Foods,Seattle,Utilities,Mobile App,48,Manager,0
TXN-006107,ACCT-1063,2025-05-14 13:49:16,138.05,Airbnb,Miami,Entertainment,Mobile App,70,Driver,0
TXN-006108,ACCT-1034,2025-02-05 15:25:59,92.36,Walgreens,Philadelphia,Travel,Mobile App,41,Lawyer,0
TXN-006109,ACCT-1096,2025-06-02 12:57:24,138.72,Home Depot,New York,Entertainment,Online,30,Chef,0
TXN-006110,ACCT-1098,2025-05-12 13:12:59,109.14,Hilton,Houston,Utilities,Mobile App,37,Sales Rep,0
TXN-006111,ACCT-1065,2025-08-14 07:43:44,37.82,Safeway,Chicago,Dining,In-Store,79,Analyst,0
TXN-006112,ACCT-1129,2025-11-14 08:24:25,44.96,Hilton,Chicago,Personal Care,Online,32,Sales Rep,0
TXN-006113,ACCT-1025,2025-05-22 23:46:38,91.87,Nike,New York,Dining,In-Store,43,Chef,0
TXN-006114,ACCT-1166,2025-08-11 06:06:46,63.88,Home Depot,Boston,Education,ATM,21,Designer,0
TXN-006115,ACCT-1156,2025-08-09 23:08:59,22.42,Airbnb,Seattle,Dining,Online,18,Sales Rep,0
TXN-006116,ACCT-1198,2025-08-08 13:17:59,207.3,Delta Airlines,Houston,Gas,In-Store,53,Engineer,0
TXN-006117,ACCT-1098,2025-03-10 21:10:47,123.28,Amazon,Houston,Groceries,Online,37,Sales Rep,0
TXN-006118,ACCT-1167,2025-11-09 20:40:12,250.83,Amazon,Seattle,Shopping,In-Store,57,Manager,0
TXN-006119,ACCT-1128,2025-07-16 08:42:47,110.48,DoorDash,Denver,Subscriptions,In-Store,21,Engineer,0
TXN-006120,ACCT-1026,2025-08-03 15:33:24,56.85,Hilton,Detroit,Personal Care,Mobile App,33,Lawyer,0
TXN-006121,ACCT-1117,2025-07-08 21:44:31,836.89,Zara,Houston,Entertainment,ATM,56,Teacher,0
TXN-006122,ACCT-1010,2025-01-05 18:36:26,44.48,Home Depot,Philadelphia,Utilities,ATM,19,Sales Rep,0
TXN-006123,ACCT-1052,2025-01-15 18:11:04,67.84,Shell Gas,Philadelphia,Entertainment,Online,68,Accountant,0
TXN-006124,ACCT-1152,2025-06-10 15:39:55,320.91,CVS Pharmacy,San Francisco,Shopping,Phone,58,Chef,0
TXN-006125,ACCT-1088,2025-04-11 14:06:47,310.5,Zara,Miami,Gas,In-Store,33,Designer,0
TXN-006126,ACCT-1197,2025-05-26 18:05:32,97.93,Zara,Los Angeles,Personal Care,In-Store,37,Student,0
TXN-006127,ACCT-1132,2025-04-17 15:41:23,273.95,Starbucks,Phoenix,Transportation,Online,54,Manager,0
TXN-006128,ACCT-1010,2025-05-22 09:38:56,8.7,DoorDash,New York,Utilities,Online,19,Sales Rep,0
TXN-006129,ACCT-1059,2025-09-13 09:56:10,444.6,Hilton,Los Angeles,Gas,In-Store,48,Doctor,0
TXN-006130,ACCT-1185,2025-09-18 10:55:12,252.98,Amazon,New York,Gas,Mobile App,58,Lawyer,0
TXN-006131,ACCT-1165,2025-08-06 13:53:06,42.36,Spotify,San Antonio,Education,Mobile App,22,Accountant,0
TXN-006132,ACCT-1171,2025-09-12 10:28:36,379.07,Costco,Boston,Groceries,In-Store,57,Doctor,0
TXN-006133,ACCT-1050,2025-04-30 13:50:54,73.58,CVS Pharmacy,Minneapolis,Subscriptions,Online,43,Designer,0
TXN-006134,ACCT-1052,2025-10-21 21:54:03,75.18,Shell Gas,Philadelphia,Dining,Mobile App,68,Accountant,0
TXN-006135,ACCT-1017,2025-04-13 11:12:52,49.7,Chevron,San Diego,Entertainment,Online,76,Nurse,0
TXN-006136,ACCT-1064,2025-09-26 22:45:56,59.75,Trader Joes,Austin,Personal Care,Online,19,Driver,0
TXN-006137,ACCT-1140,2025-07-29 09:43:13,19.82,Costco,Los Angeles,Entertainment,Online,24,Teacher,0
TXN-006138,ACCT-1119,2025-04-06 11:36:35,249.57,Walgreens,Boston,Transportation,Mobile App,41,Designer,0
TXN-006139,ACCT-1123,2025-04-28 11:53:29,47.2,DoorDash,Denver,Healthcare,In-Store,37,Lawyer,0
TXN-006140,ACCT-1068,2025-07-13 10:47:51,32.59,Nike,Atlanta,Subscriptions,In-Store,22,Accountant,0
TXN-006141,ACCT-1179,2025-04-01 17:36:04,52.71,Apple Store,Nashville,Personal Care,ATM,41,Engineer,0
TXN-006142,ACCT-1075,2025-05-08 13:15:04,217.49,Uber,Denver,Transportation,ATM,81,Accountant,0
TXN-006143,ACCT-1022,2025-05-03 09:37:02,102.02,Lyft,Detroit,Healthcare,Online,34,Analyst,0
TXN-006144,ACCT-1129,2025-05-18 10:46:07,48.28,Hilton,Chicago,Personal Care,In-Store,32,Sales Rep,0
TXN-006145,ACCT-1187,2025-05-17 18:15:30,74.88,Delta Airlines,San Antonio,Transportation,ATM,28,Freelancer,0
TXN-006146,ACCT-1168,2025-03-16 14:11:16,23.71,Lyft,Boston,Healthcare,Mobile App,82,Teacher,0
TXN-006147,ACCT-1008,2025-01-03 20:41:18,56.7,Chevron,Nashville,Entertainment,In-Store,28,Retired,0
TXN-006148,ACCT-1165,2025-11-02 14:27:05,29.97,Chevron,San Antonio,Groceries,In-Store,22,Accountant,0
TXN-006149,ACCT-1126,2025-10-26 11:56:00,369.16,Trader Joes,Portland,Utilities,ATM,30,Driver,0
TXN-006150,ACCT-1131,2025-04-04 16:14:37,116.47,Walmart,Dallas,Subscriptions,In-Store,34,Lawyer,0
TXN-006151,ACCT-1000,2025-01-05 23:27:22,401.67,Hilton,Portland,Education,In-Store,59,Freelancer,0
TXN-006152,ACCT-1102,2025-04-16 10:16:49,131.77,Home Depot,Portland,Shopping,Online,30,Accountant,0
TXN-006153,ACCT-1098,2025-03-09 13:53:26,213.24,Kroger,Houston,Gas,Online,37,Sales Rep,0
TXN-006154,ACCT-1087,2025-12-10 11:12:53,571.75,Starbucks,Seattle,Entertainment,Mobile App,61,Manager,0
TXN-006155,ACCT-1046,2025-03-20 16:58:31,245.08,Grubhub,Atlanta,Transportation,In-Store,27,Driver,0
TXN-006156,ACCT-1125,2025-03-31 22:49:16,760.55,Uber,Atlanta,Transportation,In-Store,61,Teacher,0
TXN-006157,ACCT-1062,2025-08-21 17:20:12,254.65,Grubhub,Chicago,Shopping,In-Store,52,Student,0
TXN-006158,ACCT-1107,2025-08-09 08:28:45,516.13,Spotify,Austin,Gas,In-Store,63,Student,0
TXN-006159,ACCT-1004,2025-04-02 11:14:57,183.22,Delta Airlines,Phoenix,Gas,Mobile App,28,Designer,0
TXN-006160,ACCT-1175,2025-03-21 16:04:40,320.41,DoorDash,Los Angeles,Entertainment,Mobile App,59,Student,0
TXN-006161,ACCT-1011,2025-10-31 09:41:10,203.45,Marriott,Atlanta,Healthcare,Online,47,Doctor,0
TXN-006162,ACCT-1029,2025-10-09 17:18:11,66.24,Walgreens,New York,Shopping,Phone,32,Freelancer,0
TXN-006163,ACCT-1172,2025-12-23 07:16:27,130.05,Best Buy,Austin,Healthcare,Mobile App,25,Nurse,0
TXN-006164,ACCT-1196,2025-07-19 16:33:22,221.15,Target,Los Angeles,Subscriptions,Online,48,Freelancer,0
TXN-006165,ACCT-1143,2025-07-02 14:15:06,82.32,Uber,Minneapolis,Dining,Mobile App,76,Retired,0
TXN-006166,ACCT-1003,2025-03-22 14:09:46,221.81,Hilton,San Antonio,Gas,Mobile App,73,Engineer,0
TXN-006167,ACCT-1171,2025-01-14 17:07:23,457.19,Netflix,Minneapolis,Education,In-Store,57,Doctor,0
TXN-006168,ACCT-1105,2025-05-29 16:14:38,185.28,Shell Gas,New York,Healthcare,Mobile App,51,Teacher,0
TXN-006169,ACCT-1120,2025-06-17 11:50:41,524.53,United Airlines,Minneapolis,Groceries,In-Store,54,Teacher,0
TXN-006170,ACCT-1168,2025-03-31 18:11:15,80.11,Chevron,Boston,Entertainment,In-Store,82,Teacher,0
TXN-006171,ACCT-1127,2025-11-14 10:43:51,81.39,Target,Denver,Healthcare,Mobile App,32,Nurse,0
TXN-006172,ACCT-1044,2025-08-22 14:37:45,58.77,Shell Gas,Portland,Subscriptions,In-Store,73,Doctor,0
TXN-006173,ACCT-1105,2025-09-14 11:09:13,189.13,Trader Joes,New York,Personal Care,ATM,51,Teacher,0
TXN-006174,ACCT-1184,2025-02-24 08:42:39,62.17,Airbnb,Seattle,Healthcare,In-Store,30,Analyst,0
TXN-006175,ACCT-1190,2025-01-15 16:10:27,132.87,McDonalds,Nashville,Entertainment,Online,40,Teacher,0
TXN-006176,ACCT-1037,2025-01-31 11:40:04,72.72,United Airlines,Atlanta,Education,Online,18,Designer,0
TXN-006177,ACCT-1058,2025-06-11 12:34:31,310.63,Home Depot,San Diego,Education,In-Store,36,Designer,0
TXN-006178,ACCT-1148,2025-10-05 00:08:26,77.55,United Airlines,Houston,Dining,Mobile App,23,Chef,0
TXN-006179,ACCT-1152,2025-03-26 08:54:06,810.06,Walmart,San Diego,Entertainment,In-Store,58,Chef,0
TXN-006180,ACCT-1020,2025-09-26 20:36:55,427.66,United Airlines,Nashville,Transportation,Online,36,Engineer,0
TXN-006181,ACCT-1171,2025-09-05 15:13:23,227.59,Nike,Los Angeles,Subscriptions,In-Store,57,Doctor,0
TXN-006182,ACCT-1002,2025-09-21 18:08:25,205.88,McDonalds,Detroit,Shopping,Online,26,Lawyer,0
TXN-006183,ACCT-1109,2025-01-24 06:54:08,92.86,Shell Gas,Nashville,Utilities,Mobile App,42,Student,0
TXN-006184,ACCT-1073,2025-07-08 09:00:37,160.42,Costco,Miami,Entertainment,Online,34,Analyst,0
TXN-006185,ACCT-1166,2025-12-22 13:26:45,27.3,Marriott,Boston,Dining,Online,21,Designer,0
TXN-006186,ACCT-1034,2025-05-23 12:45:55,151.42,Walgreens,Philadelphia,Education,Mobile App,41,Lawyer,0
TXN-006187,ACCT-1010,2025-07-29 10:03:51,24.8,Apple Store,Philadelphia,Shopping,Mobile App,19,Sales Rep,0
TXN-006188,ACCT-1103,2025-05-18 11:08:45,89.69,Hilton,Houston,Transportation,In-Store,23,Sales Rep,0
TXN-006189,ACCT-1109,2025-04-30 08:26:25,43.87,Shell Gas,Nashville,Healthcare,Online,42,Student,0
TXN-006190,ACCT-1013,2025-12-11 15:21:31,395.74,Netflix,Houston,Groceries,In-Store,45,Driver,0
TXN-006191,ACCT-1070,2025-06-24 21:33:28,379.47,Hilton,Portland,Education,Mobile App,56,Student,0
TXN-006192,ACCT-1106,2025-06-07 02:17:35,23.49,Safeway,Seattle,Travel,Mobile App,23,Retired,0
TXN-006193,ACCT-1052,2025-02-18 16:03:12,99.11,Trader Joes,Philadelphia,Utilities,Online,68,Accountant,0
TXN-006194,ACCT-1013,2025-03-21 08:13:13,247.34,McDonalds,Houston,Shopping,Mobile App,45,Driver,0
TXN-006195,ACCT-1004,2025-07-07 13:37:16,209.93,Marriott,Denver,Groceries,In-Store,28,Designer,0
TXN-006196,ACCT-1129,2025-02-25 14:24:08,26.99,Delta Airlines,Chicago,Education,Mobile App,32,Sales Rep,0
TXN-006197,ACCT-1010,2025-01-17 20:04:21,21.73,Airbnb,Philadelphia,Education,In-Store,19,Sales Rep,0
TXN-006198,ACCT-1170,2025-09-09 12:11:58,479.75,Spotify,San Francisco,Healthcare,In-Store,60,Lawyer,0
TXN-006199,ACCT-1067,2025-01-06 10:30:21,532.8,Costco,Boston,Personal Care,In-Store,62,Doctor,0
TXN-006200,ACCT-1058,2025-09-17 12:27:59,125.74,Nike,San Diego,Entertainment,In-Store,36,Designer,0
TXN-006201,ACCT-1027,2025-02-01 23:35:38,203.66,Safeway,Houston,Dining,Phone,28,Sales Rep,0
TXN-006202,ACCT-1152,2025-02-28 20:47:20,635.98,Walmart,San Francisco,Shopping,ATM,58,Chef,0
TXN-006203,ACCT-1044,2025-02-22 23:17:12,62.52,Shell Gas,Portland,Healthcare,Online,73,Doctor,0
TXN-006204,ACCT-1143,2025-08-24 22:04:53,32.95,Netflix,Minneapolis,Healthcare,ATM,76,Retired,0
TXN-006205,ACCT-1100,2025-09-03 12:56:42,61.34,Walmart,Phoenix,Transportation,ATM,80,Manager,0
TXN-006206,ACCT-1010,2025-12-23 14:02:12,26.9,Airbnb,Philadelphia,Utilities,In-Store,19,Sales Rep,0
TXN-006207,ACCT-1065,2025-12-11 21:12:27,105.71,Hilton,Chicago,Healthcare,Mobile App,79,Analyst,0
TXN-006208,ACCT-1019,2025-03-31 20:41:46,70.83,CVS Pharmacy,Chicago,Healthcare,In-Store,41,Lawyer,0
TXN-006209,ACCT-1089,2025-03-20 19:28:27,45.15,Delta Airlines,San Diego,Shopping,Mobile App,18,Driver,0
TXN-006210,ACCT-1003,2025-10-19 10:25:32,119.38,CVS Pharmacy,San Antonio,Gas,ATM,73,Engineer,0
TXN-006211,ACCT-1174,2025-07-01 12:56:07,282.66,Spotify,Los Angeles,Transportation,Online,34,Retired,0
TXN-006212,ACCT-1177,2025-08-28 08:45:16,36.81,Trader Joes,Portland,Groceries,In-Store,24,Teacher,0
TXN-006213,ACCT-1112,2025-06-23 12:51:15,62.98,Spotify,San Antonio,Utilities,In-Store,23,Sales Rep,0
TXN-006214,ACCT-1170,2025-02-12 15:59:57,604.06,Best Buy,San Francisco,Personal Care,In-Store,60,Lawyer,0
TXN-006215,ACCT-1049,2025-07-17 10:31:11,130.75,Apple Store,Chicago,Utilities,Online,48,Accountant,0
TXN-006216,ACCT-1121,2025-04-16 10:15:31,86.2,Kroger,Houston,Groceries,Online,35,Accountant,0
TXN-006217,ACCT-1044,2025-03-29 13:16:11,41.18,Trader Joes,Portland,Personal Care,Online,73,Doctor,0
TXN-006218,ACCT-1043,2025-10-26 16:21:46,112.95,Trader Joes,San Francisco,Entertainment,In-Store,34,Manager,0
TXN-006219,ACCT-1161,2025-02-13 09:20:46,40.78,Amazon,Detroit,Travel,ATM,75,Engineer,0
TXN-006220,ACCT-1106,2025-08-11 10:55:43,15.97,Shell Gas,Seattle,Entertainment,In-Store,23,Retired,0
TXN-006221,ACCT-1106,2025-05-24 14:52:32,28.99,Best Buy,Seattle,Healthcare,Online,23,Retired,0
TXN-006222,ACCT-1003,2025-08-10 21:42:35,192.24,Whole Foods,San Antonio,Entertainment,Online,73,Engineer,0
TXN-006223,ACCT-1081,2025-05-12 11:13:52,76.56,Spotify,Denver,Healthcare,Mobile App,77,Accountant,0
TXN-006224,ACCT-1017,2025-02-27 14:43:26,145.22,Amazon,San Diego,Transportation,Online,76,Nurse,0
TXN-006225,ACCT-1157,2025-09-06 12:29:50,100.99,Grubhub,San Diego,Healthcare,Online,57,Lawyer,0
TXN-006226,ACCT-1006,2025-11-20 09:32:18,95.27,Delta Airlines,Atlanta,Groceries,ATM,55,Nurse,0
TXN-006227,ACCT-1007,2025-10-21 11:32:44,65.16,Netflix,Atlanta,Education,Online,66,Sales Rep,0
TXN-006228,ACCT-1075,2025-07-21 13:52:01,126.61,Walgreens,Denver,Groceries,Online,81,Accountant,0
TXN-006229,ACCT-1004,2025-01-02 20:04:41,100.05,Delta Airlines,Denver,Travel,Mobile App,28,Designer,0
TXN-006230,ACCT-1128,2025-01-23 13:18:44,81.82,Lyft,Denver,Healthcare,In-Store,21,Engineer,0
TXN-006231,ACCT-1193,2025-10-20 23:43:59,74.42,McDonalds,San Diego,Shopping,In-Store,42,Sales Rep,0
TXN-006232,ACCT-1083,2025-04-05 08:50:33,344.91,Safeway,Detroit,Utilities,Phone,52,Freelancer,0
TXN-006233,ACCT-1102,2025-10-09 19:04:00,2763.62,Netflix,Miami,Travel,In-Store,30,Accountant,1
TXN-006234,ACCT-1029,2025-11-11 10:04:36,140.21,Shell Gas,New York,Travel,Online,32,Freelancer,0
TXN-006235,ACCT-1102,2025-06-16 13:25:17,199.79,Grubhub,Miami,Gas,ATM,30,Accountant,0
TXN-006236,ACCT-1141,2025-10-19 19:50:20,99.92,DoorDash,San Diego,Entertainment,Online,32,Engineer,0
TXN-006237,ACCT-1089,2025-06-17 08:09:05,61.79,Kroger,Dallas,Personal Care,In-Store,18,Driver,0
TXN-006238,ACCT-1061,2025-03-08 11:46:19,135.6,Marriott,Boston,Subscriptions,Mobile App,50,Analyst,0
TXN-006239,ACCT-1144,2025-04-16 03:45:00,417.47,Nike,San Antonio,Transportation,ATM,27,Chef,1
TXN-006240,ACCT-1016,2025-06-09 14:59:29,401.74,Marriott,Miami,Dining,ATM,26,Driver,0
TXN-006241,ACCT-1020,2025-09-06 15:41:09,208.64,Starbucks,Detroit,Shopping,In-Store,36,Engineer,0
TXN-006242,ACCT-1057,2025-03-26 19:22:43,566.98,Zara,Chicago,Groceries,ATM,55,Analyst,0
TXN-006243,ACCT-1129,2025-09-13 14:54:58,44.35,Netflix,Chicago,Utilities,Online,32,Sales Rep,0
TXN-006244,ACCT-1170,2025-01-17 19:54:05,569.33,Hilton,San Francisco,Transportation,Mobile App,60,Lawyer,0
TXN-006245,ACCT-1183,2025-09-20 16:21:27,268.39,Nike,Portland,Gas,Online,60,Retired,0
TXN-006246,ACCT-1116,2025-08-08 11:58:48,92.93,Costco,San Francisco,Gas,Online,19,Lawyer,0
TXN-006247,ACCT-1191,2025-01-07 15:29:14,452.21,Grubhub,San Francisco,Gas,In-Store,61,Designer,0
TXN-006248,ACCT-1049,2025-03-29 14:10:37,244.62,Walmart,Chicago,Travel,Online,48,Accountant,0
TXN-006249,ACCT-1062,2025-05-07 09:22:25,342.78,Target,Chicago,Education,Online,52,Student,0
TXN-006250,ACCT-1150,2025-11-17 23:31:20,14.49,DoorDash,Atlanta,Subscriptions,Online,24,Manager,0
TXN-006251,ACCT-1023,2025-08-23 11:28:06,37.05,Walgreens,Dallas,Healthcare,Online,39,Retired,0
TXN-006252,ACCT-1063,2025-01-28 12:50:52,121.74,Walmart,Austin,Gas,ATM,70,Driver,0
TXN-006253,ACCT-1030,2025-06-13 16:19:25,180.41,Nike,Seattle,Utilities,In-Store,48,Manager,0
TXN-006254,ACCT-1071,2025-01-08 17:05:06,36.95,DoorDash,Denver,Education,Online,42,Analyst,1
TXN-006255,ACCT-1003,2025-01-21 16:39:24,122.66,Chevron,San Antonio,Education,Mobile App,73,Engineer,0
TXN-006256,ACCT-1126,2025-10-06 11:56:21,331.14,Trader Joes,Portland,Groceries,ATM,30,Driver,0
TXN-006257,ACCT-1143,2025-09-05 12:57:56,63.78,Netflix,Minneapolis,Gas,In-Store,76,Retired,0
TXN-006258,ACCT-1081,2025-06-06 12:41:12,61.94,Spotify,Denver,Education,Online,77,Accountant,0
TXN-006259,ACCT-1061,2025-07-28 21:47:51,332.27,Walgreens,Boston,Dining,Mobile App,50,Analyst,0
TXN-006260,ACCT-1079,2025-10-06 09:30:07,486.03,Whole Foods,Phoenix,Personal Care,Online,52,Retired,0
TXN-006261,ACCT-1145,2025-04-13 07:21:20,54.88,Grubhub,Nashville,Utilities,Online,19,Chef,0
TXN-006262,ACCT-1155,2025-05-30 10:57:26,397.74,Shell Gas,Los Angeles,Utilities,Online,35,Accountant,0
TXN-006263,ACCT-1056,2025-05-15 14:19:14,143.34,Walmart,Portland,Personal Care,In-Store,39,Freelancer,0
TXN-006264,ACCT-1079,2025-02-07 15:07:11,201.77,Best Buy,Phoenix,Travel,Online,52,Retired,0
TXN-006265,ACCT-1144,2025-05-22 19:29:20,517.76,Apple Store,San Antonio,Transportation,In-Store,27,Chef,0
TXN-006266,ACCT-1134,2025-12-07 11:34:24,995.5,Whole Foods,Miami,Transportation,In-Store,56,Student,0
TXN-006267,ACCT-1168,2025-12-28 13:58:22,70.14,Zara,Boston,Utilities,Online,82,Teacher,0
TXN-006268,ACCT-1002,2025-01-02 23:37:55,56.01,Target,New York,Gas,Phone,26,Lawyer,0
TXN-006269,ACCT-1063,2025-09-05 15:16:16,62.81,Trader Joes,Austin,Personal Care,Mobile App,70,Driver,0
TXN-006270,ACCT-1146,2025-10-21 08:38:14,80.53,Grubhub,Atlanta,Subscriptions,Online,39,Accountant,0
TXN-006271,ACCT-1136,2025-09-15 18:09:18,281.5,Uber,Seattle,Subscriptions,Mobile App,60,Sales Rep,0
TXN-006272,ACCT-1064,2025-08-16 16:18:24,58.7,Trader Joes,Austin,Dining,In-Store,19,Driver,0
TXN-006273,ACCT-1126,2025-04-24 14:23:21,107.78,Starbucks,Portland,Gas,Online,30,Driver,0
TXN-006274,ACCT-1130,2025-12-03 13:00:39,107.15,Apple Store,Detroit,Gas,Online,27,Lawyer,0
TXN-006275,ACCT-1104,2025-06-08 13:50:55,73.46,DoorDash,Dallas,Personal Care,ATM,24,Engineer,0
TXN-006276,ACCT-1092,2025-11-01 09:28:16,149.48,Shell Gas,Minneapolis,Education,In-Store,32,Accountant,0
TXN-006277,ACCT-1030,2025-12-15 17:10:01,252.51,Kroger,Seattle,Dining,Online,48,Manager,0
TXN-006278,ACCT-1177,2025-04-24 09:11:07,25.52,Home Depot,Philadelphia,Utilities,In-Store,24,Teacher,0
TXN-006279,ACCT-1090,2025-05-16 14:36:16,48.02,Chevron,Dallas,Education,In-Store,24,Retired,0
TXN-006280,ACCT-1103,2025-05-03 22:38:25,80.44,Kroger,Houston,Entertainment,In-Store,23,Sales Rep,0
TXN-006281,ACCT-1044,2025-07-14 13:41:40,43.29,Shell Gas,Portland,Gas,Online,73,Doctor,0
TXN-006282,ACCT-1103,2025-11-03 12:24:16,19.64,Hilton,Houston,Utilities,ATM,23,Sales Rep,0
TXN-006283,ACCT-1154,2025-01-19 07:01:43,126.79,DoorDash,San Diego,Entertainment,In-Store,34,Teacher,0
TXN-006284,ACCT-1193,2025-06-22 07:57:45,42.98,Whole Foods,San Diego,Entertainment,In-Store,42,Sales Rep,0
TXN-006285,ACCT-1028,2025-08-13 08:46:58,38.57,Hilton,Seattle,Subscriptions,ATM,23,Freelancer,0
TXN-006286,ACCT-1062,2025-07-27 14:12:32,330.28,Grubhub,Chicago,Groceries,Online,52,Student,0
TXN-006287,ACCT-1062,2025-01-26 09:44:08,240.51,Walmart,Chicago,Travel,In-Store,52,Student,0
TXN-006288,ACCT-1134,2025-11-08 11:37:40,182.57,Walmart,Miami,Dining,In-Store,56,Student,0
TXN-006289,ACCT-1142,2025-03-17 08:24:37,46.43,Safeway,Los Angeles,Education,In-Store,36,Analyst,0
TXN-006290,ACCT-1022,2025-01-26 17:01:21,119.96,Kroger,Detroit,Groceries,Mobile App,34,Analyst,0
TXN-006291,ACCT-1172,2025-10-30 03:30:12,37.5,Whole Foods,Austin,Subscriptions,Mobile App,25,Nurse,0
TXN-006292,ACCT-1003,2025-07-04 16:32:43,161.1,Shell Gas,New York,Dining,Mobile App,73,Engineer,0
TXN-006293,ACCT-1098,2025-09-28 11:29:44,196.94,Amazon,Phoenix,Education,Online,37,Sales Rep,0
TXN-006294,ACCT-1173,2025-10-03 22:43:02,134.31,Shell Gas,Chicago,Gas,In-Store,44,Retired,0
TXN-006295,ACCT-1034,2025-11-23 08:44:13,75.55,Walgreens,Philadelphia,Subscriptions,Mobile App,41,Lawyer,0
TXN-006296,ACCT-1154,2025-11-11 11:33:29,250.79,DoorDash,San Diego,Gas,Mobile App,34,Teacher,0
TXN-006297,ACCT-1118,2025-02-04 15:18:04,155.03,Trader Joes,Minneapolis,Personal Care,Online,37,Designer,0
TXN-006298,ACCT-1042,2025-09-25 11:55:48,58.5,United Airlines,Seattle,Dining,Mobile App,50,Sales Rep,0
TXN-006299,ACCT-1054,2025-08-30 10:56:47,149.05,Airbnb,Dallas,Transportation,Online,80,Retired,0
TXN-006300,ACCT-1094,2025-01-09 16:24:21,286.4,Lyft,San Francisco,Education,ATM,48,Driver,0
TXN-006301,ACCT-1117,2025-06-07 08:34:48,568.57,Uber,Houston,Gas,Online,56,Teacher,0
TXN-006302,ACCT-1024,2025-07-02 10:00:13,155.26,Spotify,Portland,Dining,In-Store,44,Lawyer,0
TXN-006303,ACCT-1144,2025-05-01 10:18:06,70.62,Walgreens,San Antonio,Groceries,In-Store,27,Chef,0
TXN-006304,ACCT-1119,2025-04-24 12:44:43,144.3,Costco,Boston,Shopping,Online,41,Designer,0
TXN-006305,ACCT-1038,2025-01-15 15:35:54,91.25,Grubhub,Chicago,Groceries,Mobile App,42,Nurse,0
TXN-006306,ACCT-1082,2025-06-22 11:25:05,61.31,Safeway,Philadelphia,Subscriptions,Online,26,Driver,0
TXN-006307,ACCT-1145,2025-06-27 13:39:14,25.19,Grubhub,Nashville,Transportation,Online,19,Chef,0
TXN-006308,ACCT-1082,2025-01-12 10:06:16,82.14,Shell Gas,Philadelphia,Education,In-Store,26,Driver,0
TXN-006309,ACCT-1196,2025-11-10 12:26:48,288.31,Amazon,Los Angeles,Dining,In-Store,48,Freelancer,0
TXN-006310,ACCT-1022,2025-07-29 15:04:17,128.13,Trader Joes,Detroit,Groceries,In-Store,34,Analyst,0
TXN-006311,ACCT-1090,2025-04-19 10:06:28,52.25,Safeway,Dallas,Entertainment,Mobile App,24,Retired,0
TXN-006312,ACCT-1123,2025-07-21 11:00:15,51.96,Apple Store,San Diego,Gas,Online,37,Lawyer,0
TXN-006313,ACCT-1008,2025-01-27 17:54:42,104.74,Hilton,Nashville,Groceries,Mobile App,28,Retired,0
TXN-006314,ACCT-1028,2025-05-03 12:20:23,75.53,Shell Gas,Seattle,Gas,Online,23,Freelancer,0
TXN-006315,ACCT-1007,2025-08-30 14:49:32,133.04,Best Buy,Atlanta,Entertainment,In-Store,66,Sales Rep,0
TXN-006316,ACCT-1000,2025-05-29 09:16:13,317.53,Best Buy,Portland,Subscriptions,In-Store,59,Freelancer,0
TXN-006317,ACCT-1177,2025-02-08 18:36:51,27.58,Whole Foods,Portland,Education,Online,24,Teacher,0
TXN-006318,ACCT-1102,2025-02-24 15:59:20,432.55,Home Depot,Miami,Dining,Online,30,Accountant,0
TXN-006319,ACCT-1048,2025-09-15 17:45:20,121.75,United Airlines,San Antonio,Shopping,Online,25,Lawyer,0
TXN-006320,ACCT-1102,2025-12-24 19:15:30,297.39,Starbucks,Miami,Dining,ATM,30,Accountant,0
TXN-006321,ACCT-1094,2025-06-22 10:45:16,498.57,Trader Joes,San Francisco,Dining,In-Store,48,Driver,0
TXN-006322,ACCT-1096,2025-08-28 22:31:11,172.84,Costco,New York,Shopping,Online,30,Chef,0
TXN-006323,ACCT-1135,2025-08-11 06:12:59,178.63,Apple Store,Los Angeles,Dining,Online,37,Driver,0
TXN-006324,ACCT-1008,2025-10-07 00:35:20,94.44,Trader Joes,Nashville,Education,Online,28,Retired,0
TXN-006325,ACCT-1024,2025-01-28 13:58:30,118.67,Netflix,Portland,Entertainment,Online,44,Lawyer,0
TXN-006326,ACCT-1126,2025-08-21 15:32:10,103.67,Trader Joes,Portland,Entertainment,Phone,30,Driver,0
TXN-006327,ACCT-1196,2025-03-20 10:27:52,223.18,United Airlines,Los Angeles,Healthcare,Mobile App,48,Freelancer,0
TXN-006328,ACCT-1040,2025-02-08 18:46:22,163.93,Zara,Miami,Gas,Online,29,Driver,0
TXN-006329,ACCT-1084,2025-08-14 23:19:38,43.84,Whole Foods,Dallas,Personal Care,In-Store,24,Engineer,0
TXN-006330,ACCT-1064,2025-09-07 17:33:08,66.53,Spotify,Austin,Groceries,Online,19,Driver,0
TXN-006331,ACCT-1134,2025-05-24 19:23:40,234.05,Whole Foods,Miami,Transportation,Online,56,Student,0
TXN-006332,ACCT-1046,2025-11-25 17:34:42,207.94,Safeway,Dallas,Transportation,ATM,27,Driver,0
TXN-006333,ACCT-1024,2025-05-09 08:54:38,152.27,Spotify,Portland,Personal Care,Online,44,Lawyer,0
TXN-006334,ACCT-1104,2025-09-15 07:05:42,49.0,Uber,Dallas,Dining,Mobile App,24,Engineer,0
TXN-006335,ACCT-1131,2025-06-25 16:29:40,102.13,Chevron,Dallas,Groceries,Online,34,Lawyer,0
TXN-006336,ACCT-1115,2025-03-09 12:09:33,97.02,Grubhub,Detroit,Travel,Online,40,Sales Rep,0
TXN-006337,ACCT-1033,2025-07-07 10:48:07,61.97,Grubhub,Minneapolis,Groceries,In-Store,43,Teacher,0
TXN-006338,ACCT-1133,2025-09-13 16:31:16,32.7,Grubhub,Nashville,Utilities,Online,19,Student,0
TXN-006339,ACCT-1073,2025-04-12 06:08:12,73.74,Uber,San Antonio,Travel,Online,34,Analyst,0
TXN-006340,ACCT-1050,2025-09-26 00:50:11,140.38,Apple Store,Minneapolis,Shopping,In-Store,43,Designer,0
TXN-006341,ACCT-1036,2025-05-19 19:30:17,40.67,DoorDash,Miami,Dining,In-Store,21,Sales Rep,0
TXN-006342,ACCT-1151,2025-12-04 12:34:27,178.97,DoorDash,Denver,Travel,In-Store,36,Retired,0
TXN-006343,ACCT-1007,2025-06-13 10:26:28,100.7,Whole Foods,Philadelphia,Travel,Mobile App,66,Sales Rep,0
TXN-006344,ACCT-1013,2025-05-02 17:06:45,253.97,Trader Joes,Dallas,Personal Care,Mobile App,45,Driver,0
TXN-006345,ACCT-1163,2025-05-03 19:45:29,560.69,Whole Foods,Phoenix,Groceries,In-Store,48,Teacher,0
TXN-006346,ACCT-1073,2025-04-30 14:24:24,140.73,Walmart,Miami,Travel,In-Store,34,Analyst,0
TXN-006347,ACCT-1012,2025-10-14 10:39:00,890.81,Safeway,Denver,Shopping,In-Store,22,Teacher,1
TXN-006348,ACCT-1067,2025-03-28 08:12:08,412.83,Marriott,Minneapolis,Transportation,In-Store,62,Doctor,0
TXN-006349,ACCT-1165,2025-11-26 10:42:34,11.87,Hilton,San Antonio,Education,In-Store,22,Accountant,0
TXN-006350,ACCT-1004,2025-04-06 09:00:11,298.19,Delta Airlines,Denver,Healthcare,In-Store,28,Designer,0
TXN-006351,ACCT-1048,2025-05-29 15:31:05,116.86,United Airlines,San Antonio,Healthcare,In-Store,25,Lawyer,0
TXN-006352,ACCT-1144,2025-12-05 12:11:31,286.86,Walgreens,San Antonio,Entertainment,Online,27,Chef,0
TXN-006353,ACCT-1075,2025-07-01 15:57:28,187.2,Uber,Denver,Groceries,Online,81,Accountant,0
TXN-006354,ACCT-1051,2025-09-05 17:15:30,230.27,Hilton,Phoenix,Education,Online,45,Chef,0
TXN-006355,ACCT-1051,2025-08-11 15:12:31,242.08,Safeway,Phoenix,Shopping,Phone,45,Chef,0
TXN-006356,ACCT-1182,2025-12-29 14:00:25,322.14,Home Depot,Denver,Personal Care,ATM,55,Lawyer,0
TXN-006357,ACCT-1004,2025-08-03 15:02:50,92.87,Delta Airlines,Chicago,Transportation,In-Store,28,Designer,0
TXN-006358,ACCT-1195,2025-03-28 09:21:45,215.0,Lyft,Houston,Transportation,Online,46,Retired,0
TXN-006359,ACCT-1130,2025-03-18 21:56:45,76.81,CVS Pharmacy,Detroit,Subscriptions,Online,27,Lawyer,0
TXN-006360,ACCT-1076,2025-04-30 17:39:03,16.44,Grubhub,Portland,Gas,Online,18,Teacher,0
TXN-006361,ACCT-1176,2025-12-30 10:03:39,131.97,Kroger,Boston,Travel,Online,62,Designer,0
TXN-006362,ACCT-1127,2025-04-17 16:15:47,119.26,Walmart,Denver,Utilities,In-Store,32,Nurse,0
TXN-006363,ACCT-1045,2025-04-20 18:50:03,89.02,Walgreens,Philadelphia,Healthcare,In-Store,66,Chef,0
TXN-006364,ACCT-1007,2025-10-17 16:29:17,183.13,Netflix,Atlanta,Subscriptions,Online,66,Sales Rep,0
TXN-006365,ACCT-1094,2025-10-25 11:27:09,276.36,Trader Joes,San Francisco,Education,In-Store,48,Driver,0
TXN-006366,ACCT-1152,2025-09-23 20:02:04,640.93,Best Buy,San Francisco,Gas,Online,58,Chef,0
TXN-006367,ACCT-1074,2025-01-10 11:35:02,138.5,Lyft,Miami,Transportation,Online,42,Freelancer,0
TXN-006368,ACCT-1002,2025-03-14 11:08:32,127.0,Lyft,New York,Personal Care,Online,26,Lawyer,0
TXN-006369,ACCT-1050,2025-07-02 14:27:42,53.75,Walmart,Minneapolis,Travel,Mobile App,43,Designer,0
TXN-006370,ACCT-1169,2025-08-16 19:15:04,64.46,Target,Chicago,Shopping,Online,36,Designer,0
TXN-006371,ACCT-1087,2025-04-23 10:04:07,589.33,Costco,Miami,Shopping,In-Store,61,Manager,0
TXN-006372,ACCT-1073,2025-05-07 13:32:16,252.0,Kroger,Miami,Utilities,In-Store,34,Analyst,0
TXN-006373,ACCT-1194,2025-01-14 08:12:15,176.5,Walgreens,San Diego,Groceries,Mobile App,84,Lawyer,0
TXN-006374,ACCT-1141,2025-03-25 08:32:16,140.76,Airbnb,San Diego,Education,Phone,32,Engineer,0
TXN-006375,ACCT-1195,2025-03-31 16:01:30,207.52,Walmart,Houston,Groceries,ATM,46,Retired,0
TXN-006376,ACCT-1168,2025-06-25 16:56:02,27.49,Lyft,Boston,Groceries,ATM,82,Teacher,0
TXN-006377,ACCT-1018,2025-06-16 17:41:27,112.3,Costco,Seattle,Utilities,In-Store,28,Retired,0
TXN-006378,ACCT-1122,2025-11-01 10:11:21,73.09,CVS Pharmacy,Portland,Groceries,Mobile App,34,Retired,0
TXN-006379,ACCT-1081,2025-04-04 09:20:25,210.43,Whole Foods,Chicago,Gas,Mobile App,77,Accountant,1
TXN-006380,ACCT-1119,2025-10-11 22:28:47,114.0,Apple Store,Seattle,Education,Mobile App,41,Designer,0
TXN-006381,ACCT-1065,2025-09-23 19:14:12,49.13,Whole Foods,Chicago,Travel,In-Store,79,Analyst,0
TXN-006382,ACCT-1141,2025-06-23 10:38:38,85.6,CVS Pharmacy,San Diego,Education,ATM,32,Engineer,0
TXN-006383,ACCT-1016,2025-11-21 19:57:20,176.36,Uber,Miami,Personal Care,ATM,26,Driver,0
TXN-006384,ACCT-1104,2025-09-10 14:22:30,48.22,Walmart,Dallas,Gas,Online,24,Engineer,0
TXN-006385,ACCT-1131,2025-01-19 13:48:03,175.27,Kroger,Dallas,Entertainment,In-Store,34,Lawyer,0
TXN-006386,ACCT-1036,2025-08-10 15:29:02,25.35,Uber,Miami,Subscriptions,In-Store,21,Sales Rep,0
TXN-006387,ACCT-1152,2025-09-05 15:11:13,476.89,Lyft,Detroit,Shopping,Online,58,Chef,0
TXN-006388,ACCT-1097,2025-02-18 12:40:57,196.55,Shell Gas,Los Angeles,Education,ATM,52,Teacher,0
TXN-006389,ACCT-1185,2025-01-17 14:31:50,121.59,Amazon,New York,Groceries,Online,58,Lawyer,0
TXN-006390,ACCT-1151,2025-11-11 19:52:27,374.34,Home Depot,Denver,Shopping,In-Store,36,Retired,0
TXN-006391,ACCT-1040,2025-08-03 22:18:00,1763.7,FastCash ATM Services,Minsk,Travel,Online,29,Driver,1
TXN-006392,ACCT-1182,2025-03-23 17:52:49,122.58,Netflix,Minneapolis,Healthcare,Online,55,Lawyer,0
TXN-006393,ACCT-1016,2025-10-08 15:01:53,136.1,Spotify,Miami,Shopping,Mobile App,26,Driver,0
TXN-006394,ACCT-1136,2025-04-14 11:15:11,342.81,Walmart,Boston,Healthcare,Mobile App,60,Sales Rep,0
TXN-006395,ACCT-1044,2025-06-26 13:57:30,31.1,Shell Gas,Portland,Gas,Online,73,Doctor,0
TXN-006396,ACCT-1183,2025-10-04 16:16:17,210.47,Nike,Austin,Shopping,Online,60,Retired,0
TXN-006397,ACCT-1123,2025-01-04 19:04:15,71.25,Marriott,San Diego,Dining,ATM,37,Lawyer,0
TXN-006398,ACCT-1100,2025-11-18 16:16:06,145.89,Marriott,Phoenix,Education,In-Store,80,Manager,0
TXN-006399,ACCT-1185,2025-07-02 15:17:10,336.04,McDonalds,New York,Travel,In-Store,58,Lawyer,0
TXN-006400,ACCT-1087,2025-08-29 09:42:07,118.46,Chevron,Seattle,Healthcare,Online,61,Manager,0
TXN-006401,ACCT-1112,2025-07-24 14:20:04,12.86,Lyft,San Antonio,Groceries,Online,23,Sales Rep,0
TXN-006402,ACCT-1186,2025-05-04 14:50:13,30.87,Apple Store,Dallas,Transportation,In-Store,19,Freelancer,0
TXN-006403,ACCT-1065,2025-07-09 14:35:05,46.67,Safeway,Chicago,Healthcare,In-Store,79,Analyst,0
TXN-006404,ACCT-1133,2025-10-20 18:16:35,31.85,United Airlines,Nashville,Shopping,Mobile App,19,Student,0
TXN-006405,ACCT-1126,2025-11-12 23:19:05,210.97,Trader Joes,Portland,Groceries,Online,30,Driver,0
TXN-006406,ACCT-1149,2025-10-20 06:42:19,213.15,Delta Airlines,Dallas,Groceries,Phone,41,Sales Rep,0
TXN-006407,ACCT-1159,2025-03-08 14:08:15,202.72,Marriott,San Diego,Shopping,In-Store,39,Student,0
TXN-006408,ACCT-1095,2025-08-02 13:32:52,111.96,Nike,San Diego,Transportation,Online,81,Doctor,0
TXN-006409,ACCT-1009,2025-10-05 20:25:08,154.78,DoorDash,Austin,Utilities,In-Store,69,Analyst,0
TXN-006410,ACCT-1030,2025-02-14 18:32:04,316.81,Nike,Seattle,Groceries,Phone,48,Manager,0
TXN-006411,ACCT-1145,2025-01-27 11:20:56,33.1,Costco,Dallas,Dining,Mobile App,19,Chef,0
TXN-006412,ACCT-1145,2025-11-13 21:22:36,39.39,DoorDash,Nashville,Entertainment,Mobile App,19,Chef,0
TXN-006413,ACCT-1182,2025-06-30 13:00:27,187.52,United Airlines,Denver,Subscriptions,Phone,55,Lawyer,0
TXN-006414,ACCT-1142,2025-03-21 13:07:43,71.99,Delta Airlines,Los Angeles,Shopping,Online,36,Analyst,0
TXN-006415,ACCT-1140,2025-02-19 21:06:32,49.01,Costco,Atlanta,Shopping,In-Store,24,Teacher,0
TXN-006416,ACCT-1032,2025-05-02 15:52:16,124.92,Hilton,New York,Gas,Online,34,Analyst,0
TXN-006417,ACCT-1069,2025-03-29 09:16:43,140.36,Delta Airlines,Minneapolis,Personal Care,Online,32,Manager,0
TXN-006418,ACCT-1092,2025-07-13 19:10:39,86.12,Apple Store,Minneapolis,Entertainment,Online,32,Accountant,0
TXN-006419,ACCT-1154,2025-06-15 22:47:36,200.71,Whole Foods,San Diego,Subscriptions,In-Store,34,Teacher,0
TXN-006420,ACCT-1188,2025-07-18 16:02:21,72.08,McDonalds,New York,Utilities,Mobile App,23,Sales Rep,0
TXN-006421,ACCT-1054,2025-10-11 08:43:50,91.05,Kroger,Nashville,Education,In-Store,80,Retired,0
TXN-006422,ACCT-1166,2025-05-29 16:24:21,61.48,Hilton,Boston,Travel,ATM,21,Designer,0
TXN-006423,ACCT-1187,2025-01-07 13:09:28,127.44,McDonalds,San Antonio,Gas,Online,28,Freelancer,0
TXN-006424,ACCT-1018,2025-10-30 12:52:22,238.82,Best Buy,San Antonio,Education,Mobile App,28,Retired,1
TXN-006425,ACCT-1092,2025-02-06 19:30:18,295.56,McDonalds,Minneapolis,Healthcare,Online,32,Accountant,0
TXN-006426,ACCT-1132,2025-05-09 07:24:53,577.85,Whole Foods,Austin,Healthcare,In-Store,54,Manager,0
TXN-006427,ACCT-1095,2025-01-26 15:58:11,39.25,Netflix,San Diego,Education,Mobile App,81,Doctor,0
TXN-006428,ACCT-1095,2025-05-13 06:52:20,141.75,Best Buy,San Diego,Shopping,Mobile App,81,Doctor,0
TXN-006429,ACCT-1088,2025-02-07 12:01:00,233.8,Kroger,Phoenix,Personal Care,In-Store,33,Designer,0
TXN-006430,ACCT-1108,2025-01-27 22:45:41,367.49,Trader Joes,Boston,Education,Mobile App,34,Retired,0
TXN-006431,ACCT-1120,2025-04-12 06:49:03,334.41,Safeway,Minneapolis,Utilities,Mobile App,54,Teacher,0
TXN-006432,ACCT-1178,2025-10-18 19:47:49,460.94,Amazon,Chicago,Gas,In-Store,59,Retired,0
TXN-006433,ACCT-1198,2025-01-18 10:28:15,404.82,Kroger,Houston,Utilities,ATM,53,Engineer,0
TXN-006434,ACCT-1153,2025-06-12 12:06:27,52.21,Home Depot,Los Angeles,Transportation,Mobile App,33,Lawyer,0
TXN-006435,ACCT-1155,2025-08-19 11:07:29,231.06,Lyft,Los Angeles,Travel,In-Store,35,Accountant,0
TXN-006436,ACCT-1094,2025-09-03 21:59:28,118.33,Hilton,San Francisco,Healthcare,ATM,48,Driver,0
TXN-006437,ACCT-1038,2025-08-29 12:47:52,154.63,Nike,Chicago,Entertainment,Online,42,Nurse,0
TXN-006438,ACCT-1009,2025-07-23 12:28:22,77.94,DoorDash,Philadelphia,Travel,Online,69,Analyst,0
TXN-006439,ACCT-1080,2025-09-08 16:27:44,76.25,Zara,Seattle,Subscriptions,Online,79,Freelancer,0
TXN-006440,ACCT-1001,2025-11-17 12:40:40,110.71,Nike,Minneapolis,Personal Care,Mobile App,64,Nurse,0
TXN-006441,ACCT-1061,2025-06-04 22:56:28,122.66,Home Depot,Boston,Personal Care,ATM,50,Analyst,0
TXN-006442,ACCT-1191,2025-07-15 11:52:51,306.12,Grubhub,San Francisco,Healthcare,Mobile App,61,Designer,0
TXN-006443,ACCT-1130,2025-09-02 17:09:05,51.03,Marriott,Detroit,Gas,In-Store,27,Lawyer,0
TXN-006444,ACCT-1071,2025-01-21 11:00:11,53.72,Airbnb,Nashville,Healthcare,ATM,42,Analyst,0
TXN-006445,ACCT-1118,2025-12-14 09:20:19,65.18,Nike,Detroit,Transportation,ATM,37,Designer,0
TXN-006446,ACCT-1086,2025-01-27 11:18:59,33.36,Netflix,Philadelphia,Subscriptions,Online,20,Manager,0
TXN-006447,ACCT-1025,2025-04-15 16:04:04,144.33,Nike,Minneapolis,Healthcare,Online,43,Chef,0
TXN-006448,ACCT-1029,2025-09-11 20:08:31,103.28,Shell Gas,New York,Groceries,Online,32,Freelancer,0
TXN-006449,ACCT-1112,2025-07-14 09:40:48,71.22,Kroger,San Antonio,Healthcare,Phone,23,Sales Rep,0
TXN-006450,ACCT-1113,2025-01-20 12:17:53,78.02,Costco,Houston,Personal Care,In-Store,41,Designer,0
TXN-006451,ACCT-1045,2025-10-05 19:46:32,39.98,Netflix,Chicago,Dining,In-Store,66,Chef,0
TXN-006452,ACCT-1114,2025-08-05 14:18:03,39.01,Zara,Detroit,Utilities,In-Store,65,Teacher,0
TXN-006453,ACCT-1155,2025-04-19 11:32:03,196.87,Shell Gas,Los Angeles,Entertainment,In-Store,35,Accountant,0
TXN-006454,ACCT-1030,2025-02-12 13:59:07,115.6,Target,Seattle,Subscriptions,In-Store,48,Manager,0
TXN-006455,ACCT-1111,2025-03-21 08:32:49,34.83,Spotify,Houston,Shopping,In-Store,22,Analyst,0
TXN-006456,ACCT-1038,2025-08-25 11:45:54,95.69,Grubhub,Chicago,Entertainment,In-Store,42,Nurse,0
TXN-006457,ACCT-1136,2025-12-23 15:51:10,272.93,Walmart,Boston,Transportation,In-Store,60,Sales Rep,0
TXN-006458,ACCT-1028,2025-02-28 20:32:48,78.35,Hilton,Seattle,Transportation,In-Store,23,Freelancer,0
TXN-006459,ACCT-1084,2025-01-30 13:45:59,53.73,Chevron,Dallas,Utilities,ATM,24,Engineer,0
TXN-006460,ACCT-1124,2025-10-03 10:57:00,1500.0,Zara,Dallas,Shopping,Phone,33,Analyst,1
TXN-006461,ACCT-1045,2025-03-24 23:49:31,106.03,Walgreens,Detroit,Healthcare,Mobile App,66,Chef,0
TXN-006462,ACCT-1134,2025-12-06 21:09:25,165.8,Walmart,Miami,Groceries,In-Store,56,Student,0
TXN-006463,ACCT-1130,2025-01-23 04:52:27,87.19,CVS Pharmacy,Detroit,Transportation,Online,27,Lawyer,0
TXN-006464,ACCT-1165,2025-12-21 13:42:02,11.57,Airbnb,San Antonio,Gas,Online,22,Accountant,0
TXN-006465,ACCT-1130,2025-06-24 20:12:20,50.08,Uber,Detroit,Healthcare,ATM,27,Lawyer,0
TXN-006466,ACCT-1000,2025-04-28 17:51:46,247.15,Best Buy,Portland,Dining,In-Store,59,Freelancer,0
TXN-006467,ACCT-1026,2025-12-26 14:01:13,105.98,Spotify,Detroit,Entertainment,In-Store,33,Lawyer,0
TXN-006468,ACCT-1102,2025-06-14 17:07:37,130.89,Walgreens,Miami,Healthcare,In-Store,30,Accountant,0
TXN-006469,ACCT-1108,2025-05-06 17:26:25,183.58,McDonalds,San Diego,Dining,ATM,34,Retired,0
TXN-006470,ACCT-1073,2025-11-09 23:39:46,165.6,Walmart,Miami,Dining,Online,34,Analyst,0
TXN-006471,ACCT-1060,2025-10-13 08:38:03,227.18,DoorDash,Phoenix,Shopping,In-Store,42,Accountant,0
TXN-006472,ACCT-1000,2025-05-14 08:45:47,502.94,United Airlines,Portland,Shopping,Online,59,Freelancer,0
TXN-006473,ACCT-1059,2025-08-17 20:47:53,366.05,Delta Airlines,Los Angeles,Education,ATM,48,Doctor,0
TXN-006474,ACCT-1058,2025-04-07 12:04:43,196.31,Amazon,San Diego,Gas,In-Store,36,Designer,0
TXN-006475,ACCT-1056,2025-04-01 22:14:42,49.26,Walmart,Philadelphia,Healthcare,ATM,39,Freelancer,0
TXN-006476,ACCT-1101,2025-11-03 10:10:35,49.26,Airbnb,Minneapolis,Transportation,Mobile App,24,Doctor,0
TXN-006477,ACCT-1039,2025-03-28 15:09:14,42.4,CVS Pharmacy,Houston,Dining,In-Store,82,Accountant,0
TXN-006478,ACCT-1182,2025-06-16 01:13:55,239.56,Chevron,Nashville,Travel,Online,55,Lawyer,0
TXN-006479,ACCT-1135,2025-03-05 10:44:09,265.64,Costco,Los Angeles,Shopping,Online,37,Driver,0
TXN-006480,ACCT-1118,2025-04-17 22:33:16,157.74,Airbnb,San Antonio,Personal Care,In-Store,37,Designer,0
TXN-006481,ACCT-1088,2025-12-07 15:53:56,399.3,Kroger,Phoenix,Transportation,Phone,33,Designer,0
TXN-006482,ACCT-1065,2025-03-19 22:57:32,41.85,Spotify,Chicago,Shopping,Online,79,Analyst,0
TXN-006483,ACCT-1028,2025-01-10 17:43:32,44.51,Costco,Miami,Personal Care,Mobile App,23,Freelancer,0
TXN-006484,ACCT-1092,2025-01-07 14:02:24,197.65,Walmart,Minneapolis,Utilities,In-Store,32,Accountant,0
TXN-006485,ACCT-1120,2025-09-30 15:32:24,295.95,Safeway,Minneapolis,Utilities,In-Store,54,Teacher,0
TXN-006486,ACCT-1115,2025-05-23 11:38:49,74.96,Nike,San Francisco,Education,Mobile App,40,Sales Rep,0
TXN-006487,ACCT-1069,2025-11-15 13:15:29,38.07,Uber,Minneapolis,Gas,Online,32,Manager,0
TXN-006488,ACCT-1178,2025-06-24 09:06:38,564.66,Amazon,Chicago,Shopping,ATM,59,Retired,0
TXN-006489,ACCT-1134,2025-12-27 13:52:39,314.02,Whole Foods,Miami,Dining,Online,56,Student,0
TXN-006490,ACCT-1173,2025-09-18 19:37:53,57.93,Shell Gas,San Francisco,Gas,Mobile App,44,Retired,0
TXN-006491,ACCT-1120,2025-12-03 20:59:51,283.4,Hilton,Minneapolis,Groceries,Phone,54,Teacher,0
TXN-006492,ACCT-1051,2025-10-06 21:20:25,237.06,Hilton,Phoenix,Groceries,Phone,45,Chef,0
TXN-006493,ACCT-1118,2025-04-05 15:34:59,77.89,Walgreens,Detroit,Transportation,In-Store,37,Designer,0
TXN-006494,ACCT-1057,2025-12-20 11:40:21,171.14,Lyft,Denver,Dining,In-Store,55,Analyst,0
TXN-006495,ACCT-1049,2025-08-20 08:32:50,81.58,Apple Store,Chicago,Groceries,In-Store,48,Accountant,0
TXN-006496,ACCT-1092,2025-01-05 17:39:16,272.21,Walmart,Detroit,Entertainment,ATM,32,Accountant,0
TXN-006497,ACCT-1093,2025-12-02 20:19:38,19.4,Apple Store,Miami,Travel,In-Store,41,Chef,0
TXN-006498,ACCT-1078,2025-06-01 09:52:53,41.79,Spotify,Houston,Gas,Online,24,Freelancer,0
TXN-006499,ACCT-1198,2025-08-03 12:27:53,218.18,Delta Airlines,Houston,Travel,In-Store,53,Engineer,0
TXN-006500,ACCT-1137,2025-05-22 20:27:28,160.62,Walmart,Miami,Groceries,In-Store,41,Lawyer,0
TXN-006501,ACCT-1136,2025-12-12 15:54:23,466.21,Grubhub,Boston,Transportation,Mobile App,60,Sales Rep,0
TXN-006502,ACCT-1014,2025-01-08 10:52:08,228.15,Target,Nashville,Personal Care,In-Store,54,Chef,0
TXN-006503,ACCT-1026,2025-12-28 09:06:36,135.03,Shell Gas,Detroit,Utilities,Online,33,Lawyer,0
TXN-006504,ACCT-1106,2025-08-01 13:51:20,56.62,Shell Gas,Seattle,Education,Online,23,Retired,0
TXN-006505,ACCT-1032,2025-03-15 14:13:08,295.5,Airbnb,New York,Healthcare,Online,34,Analyst,0
TXN-006506,ACCT-1114,2025-01-14 20:27:59,84.27,Zara,Detroit,Transportation,ATM,65,Teacher,0
TXN-006507,ACCT-1157,2025-05-12 20:02:09,441.75,Spotify,San Diego,Entertainment,In-Store,57,Lawyer,0
TXN-006508,ACCT-1005,2025-07-31 14:05:27,25.43,Apple Store,Phoenix,Utilities,Mobile App,24,Student,0
TXN-006509,ACCT-1058,2025-02-24 13:07:03,141.53,Safeway,San Diego,Gas,In-Store,36,Designer,0
TXN-006510,ACCT-1011,2025-02-10 21:52:54,586.15,Nike,San Francisco,Groceries,ATM,47,Doctor,0
TXN-006511,ACCT-1028,2025-11-16 14:44:41,48.9,Kroger,Minneapolis,Education,Online,23,Freelancer,0
TXN-006512,ACCT-1095,2025-09-18 15:25:29,55.01,Netflix,San Diego,Healthcare,Online,81,Doctor,0
TXN-006513,ACCT-1183,2025-04-02 10:35:00,293.58,Nike,Austin,Groceries,Mobile App,60,Retired,0
TXN-006514,ACCT-1119,2025-11-25 10:07:16,189.72,Hilton,Boston,Utilities,Online,41,Designer,0
TXN-006515,ACCT-1013,2025-03-13 16:40:00,382.02,Home Depot,Houston,Shopping,In-Store,45,Driver,0
TXN-006516,ACCT-1017,2025-03-11 14:15:14,164.63,CVS Pharmacy,San Diego,Personal Care,Mobile App,76,Nurse,0
TXN-006517,ACCT-1140,2025-01-29 12:06:43,129.7,Airbnb,Detroit,Utilities,Online,24,Teacher,0
TXN-006518,ACCT-1016,2025-11-17 15:46:57,292.63,Uber,Miami,Utilities,Mobile App,26,Driver,0
TXN-006519,ACCT-1146,2025-07-29 17:43:06,111.55,CVS Pharmacy,Atlanta,Utilities,ATM,39,Accountant,0
TXN-006520,ACCT-1152,2025-03-07 15:52:40,401.29,Walmart,San Francisco,Utilities,Online,58,Chef,0
TXN-006521,ACCT-1100,2025-03-28 07:19:04,172.82,Grubhub,Phoenix,Shopping,ATM,80,Manager,0
TXN-006522,ACCT-1015,2025-11-15 13:20:44,182.25,Whole Foods,Minneapolis,Shopping,Online,43,Lawyer,0
TXN-006523,ACCT-1126,2025-04-21 08:30:25,108.41,Marriott,Portland,Education,Online,30,Driver,0
TXN-006524,ACCT-1157,2025-01-22 09:21:31,262.24,Amazon,San Diego,Transportation,Mobile App,57,Lawyer,0
TXN-006525,ACCT-1092,2025-06-15 11:03:33,256.27,Walmart,Minneapolis,Gas,Mobile App,32,Accountant,0
TXN-006526,ACCT-1108,2025-06-29 18:06:05,275.25,McDonalds,San Francisco,Personal Care,ATM,34,Retired,0
TXN-006527,ACCT-1136,2025-11-15 11:40:11,226.21,Uber,Boston,Personal Care,In-Store,60,Sales Rep,0
TXN-006528,ACCT-1106,2025-10-24 15:04:30,38.39,Hilton,Seattle,Travel,In-Store,23,Retired,0
TXN-006529,ACCT-1162,2025-04-03 13:30:46,847.56,Nike,Denver,Utilities,Online,58,Retired,0
TXN-006530,ACCT-1028,2025-02-21 17:06:54,35.58,Hilton,Seattle,Travel,In-Store,23,Freelancer,0
TXN-006531,ACCT-1193,2025-12-27 14:21:25,277.15,Spotify,San Diego,Shopping,In-Store,42,Sales Rep,0
TXN-006532,ACCT-1105,2025-10-27 18:12:57,402.38,Grubhub,New York,Subscriptions,Online,51,Teacher,0
TXN-006533,ACCT-1070,2025-06-08 10:40:42,238.66,Amazon,Portland,Transportation,In-Store,56,Student,0
TXN-006534,ACCT-1151,2025-09-28 19:30:42,69.73,Chevron,San Francisco,Travel,Mobile App,36,Retired,0
TXN-006535,ACCT-1112,2025-09-07 19:10:53,18.75,Spotify,San Antonio,Travel,Mobile App,23,Sales Rep,0
TXN-006536,ACCT-1103,2025-08-15 22:55:40,35.52,Spotify,Houston,Gas,Mobile App,23,Sales Rep,0
TXN-006537,ACCT-1197,2025-04-17 08:38:12,91.38,DoorDash,Portland,Entertainment,ATM,37,Student,0
TXN-006538,ACCT-1066,2025-08-20 18:32:11,84.26,Best Buy,Houston,Education,ATM,38,Teacher,0
TXN-006539,ACCT-1069,2025-11-16 10:09:40,57.96,Shell Gas,Minneapolis,Utilities,In-Store,32,Manager,0
TXN-006540,ACCT-1103,2025-04-28 09:59:14,21.21,Delta Airlines,Houston,Personal Care,Online,23,Sales Rep,0
TXN-006541,ACCT-1000,2025-10-23 11:19:32,78.88,Hilton,Portland,Subscriptions,Online,59,Freelancer,0
TXN-006542,ACCT-1101,2025-10-31 18:12:41,58.98,Starbucks,San Antonio,Education,In-Store,24,Doctor,0
TXN-006543,ACCT-1173,2025-12-10 05:12:09,269.89,Lyft,Chicago,Education,In-Store,44,Retired,0
TXN-006544,ACCT-1004,2025-04-18 18:47:52,142.75,DoorDash,Denver,Transportation,Online,28,Designer,0
TXN-006545,ACCT-1175,2025-09-30 11:30:34,169.96,DoorDash,Los Angeles,Dining,Online,59,Student,0
TXN-006546,ACCT-1157,2025-03-05 20:06:53,233.83,Uber,San Diego,Shopping,Online,57,Lawyer,0
TXN-006547,ACCT-1062,2025-04-13 08:00:25,221.56,Grubhub,Chicago,Education,Online,52,Student,0
TXN-006548,ACCT-1110,2025-03-13 09:02:53,79.37,United Airlines,San Francisco,Travel,Online,34,Analyst,0
TXN-006549,ACCT-1124,2025-02-05 12:46:56,189.12,Costco,Miami,Entertainment,Mobile App,33,Analyst,0
TXN-006550,ACCT-1095,2025-02-28 18:50:34,112.57,Nike,Miami,Healthcare,In-Store,81,Doctor,0
TXN-006551,ACCT-1179,2025-12-07 19:05:28,77.24,Best Buy,Nashville,Groceries,In-Store,41,Engineer,0
TXN-006552,ACCT-1006,2025-10-28 16:02:23,107.09,Lyft,Atlanta,Transportation,Online,55,Nurse,0
TXN-006553,ACCT-1019,2025-03-09 11:42:39,91.4,Hilton,Chicago,Personal Care,In-Store,41,Lawyer,0
TXN-006554,ACCT-1110,2025-10-13 12:02:47,144.05,Costco,San Francisco,Entertainment,Online,34,Analyst,0
TXN-006555,ACCT-1133,2025-08-18 11:37:21,19.01,Grubhub,Nashville,Education,Phone,19,Student,0
TXN-006556,ACCT-1002,2025-11-27 13:59:33,242.03,Starbucks,New York,Transportation,Mobile App,26,Lawyer,0
TXN-006557,ACCT-1141,2025-05-09 19:00:42,74.97,CVS Pharmacy,San Antonio,Healthcare,Phone,32,Engineer,0
TXN-006558,ACCT-1006,2025-10-13 22:14:47,184.0,Walmart,Atlanta,Healthcare,In-Store,55,Nurse,0
TXN-006559,ACCT-1094,2025-12-19 14:53:34,264.65,Lyft,San Francisco,Shopping,Online,48,Driver,0
TXN-006560,ACCT-1050,2025-09-15 14:52:34,202.48,Walmart,Portland,Education,ATM,43,Designer,0
TXN-006561,ACCT-1175,2025-12-30 10:27:48,404.54,Uber,Los Angeles,Utilities,Online,59,Student,0
TXN-006562,ACCT-1174,2025-01-06 19:55:21,64.48,Spotify,San Francisco,Healthcare,In-Store,34,Retired,0
TXN-006563,ACCT-1163,2025-11-01 19:33:00,2728.8,Nike,Seattle,Shopping,In-Store,48,Teacher,1
TXN-006564,ACCT-1079,2025-06-24 16:14:33,99.85,Marriott,Phoenix,Transportation,In-Store,52,Retired,0
TXN-006565,ACCT-1002,2025-10-31 19:09:16,192.96,McDonalds,New York,Transportation,Phone,26,Lawyer,0
TXN-006566,ACCT-1074,2025-01-17 11:01:23,92.99,Apple Store,Miami,Entertainment,ATM,42,Freelancer,0
TXN-006567,ACCT-1059,2025-01-05 14:05:06,578.36,Uber,Los Angeles,Utilities,In-Store,48,Doctor,0
TXN-006568,ACCT-1113,2025-02-19 20:12:18,76.17,Netflix,Houston,Groceries,Online,41,Designer,0
TXN-006569,ACCT-1149,2025-10-23 12:21:45,186.87,Apple Store,Los Angeles,Healthcare,In-Store,41,Sales Rep,0
TXN-006570,ACCT-1030,2025-09-01 10:19:17,95.03,Safeway,Seattle,Transportation,In-Store,48,Manager,0
TXN-006571,ACCT-1160,2025-04-13 15:44:56,200.82,Airbnb,Denver,Gas,Mobile App,40,Nurse,0
TXN-006572,ACCT-1017,2025-08-18 13:17:56,29.35,CVS Pharmacy,San Diego,Dining,Mobile App,76,Nurse,0
TXN-006573,ACCT-1037,2025-08-23 12:21:36,49.16,Uber,Atlanta,Shopping,In-Store,18,Designer,0
TXN-006574,ACCT-1005,2025-07-29 13:19:15,54.8,Apple Store,Phoenix,Travel,ATM,24,Student,0
TXN-006575,ACCT-1182,2025-08-22 13:32:47,149.53,Safeway,Denver,Gas,Online,55,Lawyer,0
TXN-006576,ACCT-1081,2025-11-26 14:19:30,159.79,Spotify,Denver,Travel,In-Store,77,Accountant,0
TXN-006577,ACCT-1119,2025-11-10 18:21:43,178.29,Safeway,Boston,Shopping,Online,41,Designer,0
TXN-006578,ACCT-1112,2025-07-21 11:49:36,26.19,Kroger,San Antonio,Healthcare,Mobile App,23,Sales Rep,0
TXN-006579,ACCT-1157,2025-01-15 23:22:30,315.82,Marriott,San Diego,Shopping,Mobile App,57,Lawyer,0
TXN-006580,ACCT-1043,2025-07-06 14:15:08,142.71,Uber,Atlanta,Education,Online,34,Manager,0
TXN-006581,ACCT-1032,2025-10-19 12:15:37,179.07,Target,New York,Gas,In-Store,34,Analyst,0
TXN-006582,ACCT-1052,2025-06-05 20:52:12,58.33,Hilton,Philadelphia,Travel,In-Store,68,Accountant,0
TXN-006583,ACCT-1153,2025-04-12 16:22:08,91.17,CVS Pharmacy,Miami,Transportation,Online,33,Lawyer,0
TXN-006584,ACCT-1172,2025-04-12 20:40:45,16.06,Marriott,Philadelphia,Groceries,In-Store,25,Nurse,0
TXN-006585,ACCT-1070,2025-11-27 14:40:03,379.29,Walgreens,Portland,Personal Care,ATM,56,Student,0
TXN-006586,ACCT-1028,2025-07-16 10:18:03,52.03,Kroger,Seattle,Travel,In-Store,23,Freelancer,0
TXN-006587,ACCT-1038,2025-08-09 10:42:51,131.42,Grubhub,Detroit,Dining,Online,42,Nurse,0
TXN-006588,ACCT-1192,2025-03-26 11:17:37,393.72,Apple Store,San Antonio,Entertainment,In-Store,56,Designer,0
TXN-006589,ACCT-1060,2025-01-20 14:09:40,350.79,Trader Joes,Phoenix,Utilities,In-Store,42,Accountant,0
TXN-006590,ACCT-1075,2025-09-09 12:51:23,112.5,Best Buy,Denver,Dining,Phone,81,Accountant,0
TXN-006591,ACCT-1192,2025-06-16 17:02:05,411.7,CVS Pharmacy,San Antonio,Entertainment,Online,56,Designer,0
TXN-006592,ACCT-1125,2025-05-10 08:49:30,241.63,Starbucks,Atlanta,Healthcare,In-Store,61,Teacher,0
TXN-006593,ACCT-1102,2025-11-06 10:56:14,199.59,DoorDash,Miami,Shopping,In-Store,30,Accountant,0
TXN-006594,ACCT-1112,2025-10-27 06:55:33,40.09,Spotify,Miami,Utilities,Online,23,Sales Rep,0
TXN-006595,ACCT-1159,2025-08-20 15:04:16,326.92,Spotify,San Diego,Personal Care,Mobile App,39,Student,0
TXN-006596,ACCT-1092,2025-03-30 08:53:46,153.21,Amazon,San Antonio,Personal Care,Online,32,Accountant,0
TXN-006597,ACCT-1101,2025-05-20 17:14:18,20.05,Zara,Minneapolis,Utilities,In-Store,24,Doctor,0
TXN-006598,ACCT-1174,2025-03-14 14:04:50,193.09,Apple Store,San Francisco,Personal Care,Online,34,Retired,0
TXN-006599,ACCT-1080,2025-07-10 13:50:09,78.65,Delta Airlines,Seattle,Subscriptions,In-Store,79,Freelancer,0
TXN-006600,ACCT-1138,2025-07-06 08:50:28,264.03,Grubhub,Miami,Travel,Online,29,Accountant,0
TXN-006601,ACCT-1195,2025-01-20 06:29:09,199.67,DoorDash,Houston,Dining,In-Store,46,Retired,0
TXN-006602,ACCT-1014,2025-10-10 04:50:00,400.8,Walgreens,Nashville,Entertainment,ATM,54,Chef,1
TXN-006603,ACCT-1068,2025-12-29 16:17:54,26.38,Nike,Detroit,Dining,In-Store,22,Accountant,0
TXN-006604,ACCT-1006,2025-08-04 13:36:26,56.32,Delta Airlines,Atlanta,Healthcare,Online,55,Nurse,0
TXN-006605,ACCT-1083,2025-02-11 15:43:34,160.88,Walmart,Detroit,Personal Care,In-Store,52,Freelancer,0
TXN-006606,ACCT-1097,2025-03-22 08:49:21,174.03,Shell Gas,Los Angeles,Healthcare,Mobile App,52,Teacher,0
TXN-006607,ACCT-1133,2025-09-12 10:55:35,120.57,Kroger,Nashville,Groceries,Mobile App,19,Student,0
TXN-006608,ACCT-1128,2025-12-14 17:31:53,42.57,Target,Denver,Travel,Mobile App,21,Engineer,0
TXN-006609,ACCT-1060,2025-05-13 01:57:00,179.84,Grubhub,Phoenix,Shopping,Online,42,Accountant,1
TXN-006610,ACCT-1089,2025-08-30 18:18:13,21.59,Kroger,Dallas,Shopping,Online,18,Driver,0
TXN-006611,ACCT-1152,2025-11-24 12:18:22,313.05,Walmart,Nashville,Gas,Online,58,Chef,0
TXN-006612,ACCT-1080,2025-09-28 15:54:54,90.67,Delta Airlines,San Francisco,Education,Phone,79,Freelancer,0
TXN-006613,ACCT-1068,2025-03-15 22:34:21,11.67,Nike,San Antonio,Entertainment,Online,22,Accountant,0
TXN-006614,ACCT-1084,2025-11-10 18:07:48,36.24,Chevron,Dallas,Education,Online,24,Engineer,0
TXN-006615,ACCT-1044,2025-03-11 18:54:08,119.79,Shell Gas,Portland,Healthcare,Online,73,Doctor,0
TXN-006616,ACCT-1195,2025-04-25 13:26:50,166.49,Home Depot,Nashville,Subscriptions,ATM,46,Retired,0
TXN-006617,ACCT-1163,2025-08-12 16:38:49,444.29,Zara,Miami,Transportation,Online,48,Teacher,0
TXN-006618,ACCT-1127,2025-04-14 08:59:15,101.14,Target,Denver,Dining,ATM,32,Nurse,0
TXN-006619,ACCT-1003,2025-01-30 16:15:02,187.19,Zara,San Antonio,Subscriptions,Online,73,Engineer,0
TXN-006620,ACCT-1175,2025-04-17 08:23:29,484.77,Netflix,Los Angeles,Transportation,Mobile App,59,Student,0
TXN-006621,ACCT-1150,2025-02-20 17:15:02,17.07,Grubhub,Atlanta,Transportation,In-Store,24,Manager,0
TXN-006622,ACCT-1198,2025-04-01 15:40:55,273.38,DoorDash,Houston,Utilities,Online,53,Engineer,0
TXN-006623,ACCT-1069,2025-09-20 15:25:48,115.33,Marriott,Minneapolis,Personal Care,Phone,32,Manager,0
TXN-006624,ACCT-1079,2025-01-12 16:35:23,563.56,Kroger,Phoenix,Travel,In-Store,52,Retired,0
TXN-006625,ACCT-1097,2025-06-26 17:34:26,198.33,Shell Gas,Los Angeles,Gas,ATM,52,Teacher,0
TXN-006626,ACCT-1053,2025-03-06 11:05:51,33.78,Uber,Philadelphia,Entertainment,In-Store,20,Student,0
TXN-006627,ACCT-1048,2025-05-16 13:18:10,75.75,United Airlines,Atlanta,Entertainment,Online,25,Lawyer,0
TXN-006628,ACCT-1152,2025-04-09 11:17:55,671.11,Lyft,San Francisco,Groceries,Online,58,Chef,0
TXN-006629,ACCT-1073,2025-10-29 13:22:19,159.19,McDonalds,Miami,Dining,In-Store,34,Analyst,0
TXN-006630,ACCT-1086,2025-07-29 17:00:13,32.01,Zara,Philadelphia,Travel,Online,20,Manager,0
TXN-006631,ACCT-1107,2025-04-23 18:56:12,902.08,Lyft,Austin,Entertainment,Phone,63,Student,0
TXN-006632,ACCT-1172,2025-01-09 21:32:31,90.9,Spotify,Austin,Personal Care,In-Store,25,Nurse,0
TXN-006633,ACCT-1198,2025-07-26 10:06:49,148.71,Delta Airlines,Houston,Utilities,In-Store,53,Engineer,0
TXN-006634,ACCT-1142,2025-01-03 12:30:40,83.03,Safeway,Los Angeles,Subscriptions,ATM,36,Analyst,0
TXN-006635,ACCT-1104,2025-12-11 11:47:35,46.89,Uber,Dallas,Entertainment,Online,24,Engineer,0
TXN-006636,ACCT-1049,2025-12-02 07:39:00,204.44,GoldBullion Direct,Tirana,Travel,Online,48,Accountant,1
TXN-006637,ACCT-1132,2025-09-29 12:44:51,200.58,Walmart,Miami,Utilities,Online,54,Manager,0
TXN-006638,ACCT-1033,2025-03-03 17:22:58,139.58,Hilton,Miami,Personal Care,Online,43,Teacher,0
TXN-006639,ACCT-1073,2025-06-29 13:57:44,105.84,DoorDash,Miami,Transportation,Mobile App,34,Analyst,0
TXN-006640,ACCT-1133,2025-10-10 17:01:08,25.12,Hilton,Nashville,Entertainment,Mobile App,19,Student,0
TXN-006641,ACCT-1125,2025-07-29 21:05:42,227.18,Costco,Atlanta,Gas,Online,61,Teacher,0
TXN-006642,ACCT-1175,2025-06-15 14:58:41,154.92,Netflix,Los Angeles,Transportation,Mobile App,59,Student,0
TXN-006643,ACCT-1113,2025-01-06 15:08:31,79.8,Home Depot,Houston,Groceries,Mobile App,41,Designer,0
TXN-006644,ACCT-1178,2025-12-02 17:54:33,224.99,Grubhub,Chicago,Subscriptions,In-Store,59,Retired,0
TXN-006645,ACCT-1086,2025-05-11 11:14:36,25.67,Apple Store,Philadelphia,Healthcare,Online,20,Manager,0
TXN-006646,ACCT-1012,2025-01-05 18:36:15,60.65,McDonalds,Denver,Shopping,Mobile App,22,Teacher,0
TXN-006647,ACCT-1118,2025-08-11 14:03:33,359.74,Grubhub,Detroit,Transportation,In-Store,37,Designer,0
TXN-006648,ACCT-1154,2025-10-04 21:44:05,117.52,Home Depot,San Diego,Education,Online,34,Teacher,0
TXN-006649,ACCT-1141,2025-12-28 08:04:16,136.41,United Airlines,San Diego,Utilities,Mobile App,32,Engineer,0
TXN-006650,ACCT-1063,2025-08-24 13:40:05,68.47,Airbnb,Austin,Groceries,In-Store,70,Driver,0
TXN-006651,ACCT-1030,2025-04-12 09:26:57,140.59,Best Buy,Seattle,Travel,ATM,48,Manager,0
TXN-006652,ACCT-1114,2025-09-20 12:16:31,27.62,Zara,Detroit,Gas,Online,65,Teacher,0
TXN-006653,ACCT-1177,2025-11-26 10:33:34,11.13,Whole Foods,Portland,Healthcare,Online,24,Teacher,0
TXN-006654,ACCT-1171,2025-02-26 18:57:13,62.46,Nike,Detroit,Entertainment,Phone,57,Doctor,0
TXN-006655,ACCT-1092,2025-12-01 14:42:54,164.55,Walmart,Minneapolis,Subscriptions,In-Store,32,Accountant,0
TXN-006656,ACCT-1139,2025-12-08 17:05:11,202.86,Lyft,Los Angeles,Healthcare,Mobile App,40,Driver,0
TXN-006657,ACCT-1032,2025-05-03 11:25:21,152.72,Walmart,Miami,Personal Care,ATM,34,Analyst,0
TXN-006658,ACCT-1004,2025-10-05 12:24:39,243.71,DoorDash,Portland,Transportation,Online,28,Designer,0
TXN-006659,ACCT-1135,2025-06-01 14:34:40,84.69,Walmart,Nashville,Gas,Mobile App,37,Driver,0
TXN-006660,ACCT-1016,2025-12-24 13:37:22,62.5,Safeway,Miami,Healthcare,In-Store,26,Driver,0
TXN-006661,ACCT-1012,2025-10-27 12:54:40,21.42,Walgreens,Denver,Groceries,Online,22,Teacher,0
TXN-006662,ACCT-1162,2025-06-14 17:45:55,900.89,Zara,Denver,Gas,In-Store,58,Retired,0
TXN-006663,ACCT-1166,2025-03-03 09:21:56,76.59,Hilton,Boston,Entertainment,In-Store,21,Designer,0
TXN-006664,ACCT-1017,2025-08-27 17:09:55,40.19,CVS Pharmacy,San Diego,Groceries,In-Store,76,Nurse,0
TXN-006665,ACCT-1195,2025-02-24 13:44:10,388.49,DoorDash,Houston,Utilities,Mobile App,46,Retired,0
TXN-006666,ACCT-1070,2025-07-14 10:14:42,1124.66,Amazon,Portland,Education,ATM,56,Student,0
TXN-006667,ACCT-1159,2025-08-24 14:03:40,191.34,Safeway,San Diego,Healthcare,In-Store,39,Student,0
TXN-006668,ACCT-1057,2025-07-14 09:09:30,176.84,Home Depot,Seattle,Dining,Online,55,Analyst,0
TXN-006669,ACCT-1102,2025-05-18 13:18:52,70.6,Shell Gas,Miami,Healthcare,Online,30,Accountant,0
TXN-006670,ACCT-1024,2025-10-16 11:01:13,197.88,Netflix,Portland,Personal Care,Online,44,Lawyer,0
TXN-006671,ACCT-1026,2025-04-27 09:35:54,64.42,Netflix,Detroit,Transportation,Online,33,Lawyer,0
TXN-006672,ACCT-1170,2025-06-16 13:43:25,509.11,Spotify,San Francisco,Dining,Online,60,Lawyer,0
TXN-006673,ACCT-1067,2025-12-18 17:14:43,253.05,Costco,Boston,Travel,ATM,62,Doctor,0
TXN-006674,ACCT-1064,2025-11-05 17:56:42,54.88,Delta Airlines,Austin,Subscriptions,In-Store,19,Driver,0
TXN-006675,ACCT-1073,2025-04-26 13:58:41,178.3,Walmart,Miami,Shopping,ATM,34,Analyst,0
TXN-006676,ACCT-1002,2025-12-03 11:34:42,216.42,Starbucks,New York,Groceries,Online,26,Lawyer,0
TXN-006677,ACCT-1144,2025-08-29 11:48:39,231.08,Walgreens,San Antonio,Groceries,Mobile App,27,Chef,0
TXN-006678,ACCT-1046,2025-12-14 21:21:53,70.42,Trader Joes,Atlanta,Shopping,Online,27,Driver,0
TXN-006679,ACCT-1018,2025-12-18 12:21:35,63.36,Kroger,Seattle,Personal Care,ATM,28,Retired,0
TXN-006680,ACCT-1056,2025-12-15 09:16:53,58.08,Hilton,Philadelphia,Dining,Online,39,Freelancer,0
TXN-006681,ACCT-1065,2025-08-03 15:47:12,45.69,Spotify,Chicago,Shopping,Online,79,Analyst,0
TXN-006682,ACCT-1045,2025-01-04 14:45:14,85.1,Netflix,Philadelphia,Travel,Online,66,Chef,0
TXN-006683,ACCT-1135,2025-09-28 18:53:10,144.17,Shell Gas,Los Angeles,Healthcare,In-Store,37,Driver,0
TXN-006684,ACCT-1041,2025-08-12 18:41:00,876.1,Grubhub,Los Angeles,Travel,Online,44,Designer,1
TXN-006685,ACCT-1116,2025-05-04 20:27:24,47.55,Whole Foods,San Francisco,Gas,In-Store,19,Lawyer,0
TXN-006686,ACCT-1178,2025-02-03 15:47:08,279.54,Amazon,Chicago,Utilities,Mobile App,59,Retired,0
TXN-006687,ACCT-1072,2025-01-05 19:21:48,249.33,McDonalds,Nashville,Education,Online,53,Analyst,0
TXN-006688,ACCT-1080,2025-03-18 13:15:41,147.22,Netflix,Seattle,Entertainment,ATM,79,Freelancer,0
TXN-006689,ACCT-1018,2025-03-04 14:21:38,348.04,Uber,San Antonio,Personal Care,ATM,28,Retired,0
TXN-006690,ACCT-1186,2025-07-26 11:44:54,63.6,Apple Store,Dallas,Utilities,Mobile App,19,Freelancer,0
TXN-006691,ACCT-1168,2025-08-29 13:43:41,36.79,Lyft,Boston,Shopping,Phone,82,Teacher,0
TXN-006692,ACCT-1126,2025-08-23 16:36:41,177.64,Trader Joes,Portland,Healthcare,Online,30,Driver,0
TXN-006693,ACCT-1099,2025-09-03 12:53:46,133.04,Costco,Detroit,Transportation,In-Store,32,Sales Rep,0
TXN-006694,ACCT-1145,2025-08-23 14:35:11,50.78,Home Depot,San Antonio,Travel,Online,19,Chef,0
TXN-006695,ACCT-1009,2025-07-12 13:28:53,154.98,Nike,Austin,Travel,Mobile App,69,Analyst,0
TXN-006696,ACCT-1068,2025-08-10 11:02:12,30.5,Trader Joes,Atlanta,Transportation,In-Store,22,Accountant,0
TXN-006697,ACCT-1004,2025-03-13 11:02:21,121.66,Chevron,Denver,Groceries,Mobile App,28,Designer,0
TXN-006698,ACCT-1100,2025-12-05 16:32:35,205.64,Marriott,Phoenix,Education,Online,80,Manager,0
TXN-006699,ACCT-1117,2025-04-03 21:12:19,534.44,Grubhub,Houston,Entertainment,In-Store,56,Teacher,0
TXN-006700,ACCT-1136,2025-07-16 11:10:27,299.79,Hilton,Boston,Healthcare,Online,60,Sales Rep,0
TXN-006701,ACCT-1027,2025-12-30 11:18:00,55.44,Nike,Houston,Healthcare,In-Store,28,Sales Rep,0
TXN-006702,ACCT-1058,2025-09-03 18:30:20,299.85,Amazon,San Diego,Shopping,Phone,36,Designer,0
TXN-006703,ACCT-1036,2025-01-24 20:00:01,42.96,DoorDash,Miami,Groceries,Mobile App,21,Sales Rep,0
TXN-006704,ACCT-1184,2025-02-06 12:15:49,75.3,McDonalds,Seattle,Gas,In-Store,30,Analyst,0
TXN-006705,ACCT-1005,2025-04-09 08:58:09,10.33,Home Depot,Phoenix,Subscriptions,ATM,24,Student,0
TXN-006706,ACCT-1102,2025-04-24 12:03:35,174.69,Nike,Miami,Education,Phone,30,Accountant,0
TXN-006707,ACCT-1194,2025-02-11 08:22:19,226.07,Walgreens,San Diego,Subscriptions,Online,84,Lawyer,0
TXN-006708,ACCT-1060,2025-05-24 09:06:46,153.39,Trader Joes,Phoenix,Travel,In-Store,42,Accountant,0
TXN-006709,ACCT-1059,2025-11-14 18:25:06,884.47,Hilton,Los Angeles,Gas,Online,48,Doctor,0
TXN-006710,ACCT-1122,2025-06-06 11:23:01,160.03,Chevron,Portland,Healthcare,In-Store,34,Retired,0
TXN-006711,ACCT-1076,2025-12-22 11:13:15,14.36,Whole Foods,Portland,Entertainment,ATM,18,Teacher,0
TXN-006712,ACCT-1155,2025-05-03 18:54:30,121.35,Airbnb,Los Angeles,Education,Online,35,Accountant,0
TXN-006713,ACCT-1069,2025-02-02 08:19:11,84.45,Shell Gas,Minneapolis,Subscriptions,Online,32,Manager,0
TXN-006714,ACCT-1112,2025-10-20 08:39:38,64.43,Lyft,San Antonio,Dining,Mobile App,23,Sales Rep,0
TXN-006715,ACCT-1108,2025-04-22 10:03:42,221.09,McDonalds,San Francisco,Personal Care,ATM,34,Retired,0
TXN-006716,ACCT-1055,2025-02-17 10:07:44,159.52,Chevron,Denver,Personal Care,In-Store,46,Nurse,0
TXN-006717,ACCT-1160,2025-11-16 12:15:36,182.98,McDonalds,Denver,Dining,Online,40,Nurse,0
TXN-006718,ACCT-1098,2025-10-28 17:46:13,128.69,Safeway,Houston,Personal Care,Online,37,Sales Rep,0
TXN-006719,ACCT-1084,2025-05-30 18:59:40,115.5,Target,Dallas,Groceries,Online,24,Engineer,0
TXN-006720,ACCT-1123,2025-12-18 12:15:54,58.35,Marriott,San Diego,Personal Care,Mobile App,37,Lawyer,0
TXN-006721,ACCT-1051,2025-08-27 15:56:05,71.38,Grubhub,Phoenix,Entertainment,Online,45,Chef,0
TXN-006722,ACCT-1022,2025-01-01 10:37:25,94.85,Trader Joes,Detroit,Shopping,In-Store,34,Analyst,0
TXN-006723,ACCT-1142,2025-02-19 09:23:41,50.75,Safeway,Los Angeles,Education,Mobile App,36,Analyst,0
TXN-006724,ACCT-1074,2025-03-12 15:00:24,106.28,Amazon,Miami,Gas,Mobile App,42,Freelancer,0
TXN-006725,ACCT-1031,2025-10-23 10:59:11,47.58,DoorDash,San Antonio,Education,Online,71,Doctor,0
TXN-006726,ACCT-1167,2025-04-10 08:51:37,465.79,Amazon,Seattle,Shopping,Mobile App,57,Manager,0
TXN-006727,ACCT-1146,2025-02-28 09:23:24,82.51,Walgreens,Atlanta,Entertainment,Mobile App,39,Accountant,0
TXN-006728,ACCT-1188,2025-01-23 14:22:19,43.75,Starbucks,New York,Shopping,Online,23,Sales Rep,0
TXN-006729,ACCT-1070,2025-05-11 22:02:54,292.22,Amazon,Portland,Shopping,Online,56,Student,0
TXN-006730,ACCT-1055,2025-10-18 01:49:00,243.54,McDonalds,Denver,Entertainment,Online,46,Nurse,1
TXN-006731,ACCT-1098,2025-12-01 17:32:45,185.23,Kroger,Houston,Healthcare,In-Store,37,Sales Rep,0
TXN-006732,ACCT-1100,2025-07-29 15:54:50,98.61,United Airlines,Phoenix,Education,In-Store,80,Manager,0
TXN-006733,ACCT-1119,2025-07-27 02:24:00,332.39,Nike,Boston,Shopping,Online,41,Designer,1
TXN-006734,ACCT-1198,2025-08-02 13:19:48,144.64,Kroger,Houston,Education,In-Store,53,Engineer,0
TXN-006735,ACCT-1143,2025-05-24 14:15:31,66.4,Shell Gas,Dallas,Shopping,Mobile App,76,Retired,0
TXN-006736,ACCT-1142,2025-04-14 19:39:07,56.95,Safeway,Philadelphia,Healthcare,Online,36,Analyst,0
TXN-006737,ACCT-1160,2025-05-23 08:34:30,125.48,McDonalds,Denver,Travel,Online,40,Nurse,0
TXN-006738,ACCT-1008,2025-09-02 16:21:29,95.72,Hilton,New York,Travel,Mobile App,28,Retired,0
TXN-006739,ACCT-1189,2025-11-23 17:06:21,23.34,Starbucks,Detroit,Healthcare,ATM,23,Designer,0
TXN-006740,ACCT-1065,2025-08-07 08:19:20,58.15,Amazon,Chicago,Subscriptions,Online,79,Analyst,0
TXN-006741,ACCT-1148,2025-06-18 14:41:01,118.48,Safeway,Miami,Shopping,Online,23,Chef,0
TXN-006742,ACCT-1139,2025-10-01 19:59:15,177.67,Apple Store,Los Angeles,Transportation,In-Store,40,Driver,0
TXN-006743,ACCT-1092,2025-04-24 16:12:42,165.26,Airbnb,Minneapolis,Transportation,Phone,32,Accountant,0
TXN-006744,ACCT-1047,2025-12-30 19:03:52,56.82,Nike,Atlanta,Dining,Online,75,Sales Rep,0
TXN-006745,ACCT-1137,2025-01-27 22:50:03,221.3,Walmart,Miami,Groceries,Phone,41,Lawyer,0
TXN-006746,ACCT-1168,2025-07-08 11:27:35,34.89,Chevron,San Diego,Groceries,Online,82,Teacher,0
TXN-006747,ACCT-1080,2025-05-05 12:30:57,35.01,Delta Airlines,Seattle,Travel,Online,79,Freelancer,0
TXN-006748,ACCT-1041,2025-02-07 15:41:43,83.42,Nike,Los Angeles,Groceries,Online,44,Designer,0
TXN-006749,ACCT-1010,2025-02-01 19:34:00,5000.0,Home Depot,Los Angeles,Shopping,Phone,19,Sales Rep,1
TXN-006750,ACCT-1093,2025-10-31 19:36:09,53.34,Costco,Boston,Travel,Online,41,Chef,0
TXN-006751,ACCT-1133,2025-08-03 12:49:46,99.04,Kroger,Nashville,Shopping,Mobile App,19,Student,0
TXN-006752,ACCT-1010,2025-08-18 13:00:40,35.59,Nike,Philadelphia,Healthcare,In-Store,19,Sales Rep,0
TXN-006753,ACCT-1105,2025-10-12 10:03:32,210.37,Nike,New York,Transportation,Mobile App,51,Teacher,0
TXN-006754,ACCT-1189,2025-08-17 19:24:11,13.97,Starbucks,Detroit,Dining,Mobile App,23,Designer,0
TXN-006755,ACCT-1145,2025-07-30 17:42:23,69.96,Grubhub,Nashville,Dining,In-Store,19,Chef,0
TXN-006756,ACCT-1047,2025-11-11 13:42:42,16.44,Amazon,Dallas,Travel,Online,75,Sales Rep,0
TXN-006757,ACCT-1083,2025-06-30 17:02:41,232.26,Home Depot,Detroit,Shopping,Online,52,Freelancer,0
TXN-006758,ACCT-1182,2025-07-16 15:39:00,221.14,Nike,Denver,Gas,Mobile App,55,Lawyer,0
TXN-006759,ACCT-1167,2025-06-27 19:51:00,2000.0,CryptoXchange Ltd,Austin,Shopping,Online,57,Manager,1
TXN-006760,ACCT-1134,2025-07-28 13:06:29,522.95,Whole Foods,Miami,Dining,Online,56,Student,0
TXN-006761,ACCT-1036,2025-08-12 10:31:21,19.56,Spotify,Miami,Personal Care,ATM,21,Sales Rep,0
TXN-006762,ACCT-1172,2025-04-08 15:44:06,80.63,DoorDash,Austin,Shopping,Online,25,Nurse,0
TXN-006763,ACCT-1112,2025-07-06 18:29:42,47.47,Spotify,San Antonio,Groceries,Mobile App,23,Sales Rep,0
TXN-006764,ACCT-1062,2025-10-31 21:47:14,230.79,Nike,Chicago,Dining,ATM,52,Student,0
TXN-006765,ACCT-1169,2025-09-16 11:18:20,68.34,Nike,Chicago,Gas,Online,36,Designer,0
TXN-006766,ACCT-1045,2025-06-14 13:20:12,57.17,Netflix,Philadelphia,Education,In-Store,66,Chef,0
TXN-006767,ACCT-1075,2025-02-21 13:08:51,166.64,Nike,Denver,Education,Phone,81,Accountant,0
TXN-006768,ACCT-1078,2025-07-05 17:45:09,32.88,Whole Foods,Houston,Personal Care,Online,24,Freelancer,0
TXN-006769,ACCT-1079,2025-06-26 17:18:49,445.57,Marriott,Philadelphia,Healthcare,Online,52,Retired,0
TXN-006770,ACCT-1093,2025-12-22 23:07:09,63.38,McDonalds,Boston,Travel,In-Store,41,Chef,0
TXN-006771,ACCT-1172,2025-06-15 13:25:52,56.08,Whole Foods,Austin,Transportation,Mobile App,25,Nurse,0
TXN-006772,ACCT-1133,2025-08-06 12:37:10,16.12,Grubhub,Nashville,Education,Phone,19,Student,0
TXN-006773,ACCT-1080,2025-12-02 12:30:51,150.48,Netflix,Seattle,Gas,Mobile App,79,Freelancer,0
TXN-006774,ACCT-1105,2025-07-03 11:06:03,219.88,Amazon,New York,Gas,Online,51,Teacher,0
TXN-006775,ACCT-1154,2025-01-08 10:09:45,268.59,Whole Foods,San Diego,Healthcare,Online,34,Teacher,0
TXN-006776,ACCT-1017,2025-02-27 14:27:46,64.63,Whole Foods,San Diego,Healthcare,Online,76,Nurse,0
TXN-006777,ACCT-1080,2025-09-07 13:05:11,97.15,Delta Airlines,Seattle,Dining,In-Store,79,Freelancer,0
TXN-006778,ACCT-1005,2025-12-13 23:45:59,25.79,CVS Pharmacy,San Antonio,Groceries,In-Store,24,Student,0
TXN-006779,ACCT-1087,2025-01-23 13:02:13,412.82,Hilton,Seattle,Shopping,In-Store,61,Manager,0
TXN-006780,ACCT-1020,2025-05-08 16:31:59,100.18,Zara,Detroit,Personal Care,ATM,36,Engineer,0
TXN-006781,ACCT-1068,2025-10-22 02:10:21,20.92,Hilton,Atlanta,Gas,Online,22,Accountant,0
TXN-006782,ACCT-1070,2025-03-15 17:27:54,182.27,Netflix,Portland,Transportation,Mobile App,56,Student,0
TXN-006783,ACCT-1157,2025-03-28 16:29:28,176.27,Walmart,New York,Transportation,Phone,57,Lawyer,0
TXN-006784,ACCT-1093,2025-11-27 18:29:57,44.69,Home Depot,Boston,Utilities,ATM,41,Chef,0
TXN-006785,ACCT-1087,2025-10-09 17:14:27,187.15,Target,Seattle,Dining,Online,61,Manager,0
TXN-006786,ACCT-1151,2025-03-16 03:18:11,118.07,Lyft,Denver,Gas,Online,36,Retired,0
TXN-006787,ACCT-1075,2025-07-27 13:28:09,103.31,Uber,Boston,Education,ATM,81,Accountant,0
TXN-006788,ACCT-1165,2025-09-07 14:05:24,22.72,Chevron,San Antonio,Entertainment,ATM,22,Accountant,0
TXN-006789,ACCT-1135,2025-07-09 11:28:08,228.08,Costco,Los Angeles,Education,Phone,37,Driver,0
TXN-006790,ACCT-1105,2025-01-04 06:04:41,378.67,United Airlines,New York,Dining,In-Store,51,Teacher,0
TXN-006791,ACCT-1187,2025-08-27 11:33:36,182.68,Airbnb,San Antonio,Personal Care,Online,28,Freelancer,0
TXN-006792,ACCT-1160,2025-12-03 19:02:26,255.65,Starbucks,Denver,Entertainment,ATM,40,Nurse,0
TXN-006793,ACCT-1025,2025-01-28 19:35:08,124.49,Trader Joes,New York,Gas,Mobile App,43,Chef,0
TXN-006794,ACCT-1010,2025-06-01 13:35:32,23.4,Home Depot,Philadelphia,Education,In-Store,19,Sales Rep,0
TXN-006795,ACCT-1053,2025-10-06 10:25:01,28.48,Delta Airlines,Philadelphia,Personal Care,Mobile App,20,Student,0
TXN-006796,ACCT-1105,2025-04-02 13:05:06,518.91,Shell Gas,New York,Utilities,Online,51,Teacher,0
TXN-006797,ACCT-1176,2025-11-15 13:32:36,70.75,Kroger,San Diego,Dining,Online,62,Designer,0
TXN-006798,ACCT-1039,2025-02-13 03:02:38,139.87,McDonalds,Houston,Healthcare,In-Store,82,Accountant,0
TXN-006799,ACCT-1192,2025-11-02 20:30:19,750.89,Apple Store,San Antonio,Personal Care,ATM,56,Designer,0
TXN-006800,ACCT-1119,2025-04-11 13:24:03,264.05,Walgreens,Atlanta,Gas,Online,41,Designer,0
TXN-006801,ACCT-1177,2025-09-02 20:42:12,19.21,Walmart,Portland,Entertainment,Online,24,Teacher,0
TXN-006802,ACCT-1137,2025-02-02 12:58:46,96.58,Chevron,Miami,Education,ATM,41,Lawyer,0
TXN-006803,ACCT-1102,2025-09-29 18:11:33,161.8,Home Depot,Atlanta,Travel,Mobile App,30,Accountant,0
TXN-006804,ACCT-1051,2025-12-05 19:09:33,340.15,Hilton,Phoenix,Shopping,ATM,45,Chef,0
TXN-006805,ACCT-1039,2025-05-17 15:56:12,61.34,McDonalds,Houston,Gas,Online,82,Accountant,0
TXN-006806,ACCT-1044,2025-07-26 18:07:13,74.46,Safeway,Portland,Shopping,Mobile App,73,Doctor,0
TXN-006807,ACCT-1159,2025-04-15 10:59:50,235.62,Marriott,Phoenix,Education,Online,39,Student,0
TXN-006808,ACCT-1171,2025-07-10 16:53:13,447.22,Nike,Denver,Shopping,In-Store,57,Doctor,0
TXN-006809,ACCT-1073,2025-10-11 12:13:12,126.28,United Airlines,Miami,Healthcare,Online,34,Analyst,0
TXN-006810,ACCT-1131,2025-01-09 14:46:34,170.72,Walmart,Dallas,Groceries,In-Store,34,Lawyer,0
TXN-006811,ACCT-1050,2025-07-03 12:57:20,135.9,Netflix,Minneapolis,Shopping,Online,43,Designer,0
TXN-006812,ACCT-1091,2025-04-09 13:40:42,169.34,Shell Gas,Miami,Subscriptions,ATM,36,Manager,0
TXN-006813,ACCT-1197,2025-03-20 17:51:21,76.89,Hilton,Los Angeles,Dining,Online,37,Student,0
TXN-006814,ACCT-1132,2025-07-03 09:14:25,831.69,Grubhub,Atlanta,Education,Mobile App,54,Manager,0
TXN-006815,ACCT-1056,2025-09-06 11:20:11,102.95,Shell Gas,Philadelphia,Gas,In-Store,39,Freelancer,0
TXN-006816,ACCT-1044,2025-05-22 00:38:24,50.44,Uber,Portland,Healthcare,In-Store,73,Doctor,0
TXN-006817,ACCT-1051,2025-06-22 08:02:08,203.23,Hilton,Phoenix,Shopping,Online,45,Chef,0
TXN-006818,ACCT-1041,2025-06-29 14:42:55,85.29,CVS Pharmacy,Los Angeles,Education,Online,44,Designer,0
TXN-006819,ACCT-1077,2025-05-31 08:30:27,29.9,Walgreens,Seattle,Dining,Online,80,Driver,0
TXN-006820,ACCT-1187,2025-11-30 09:32:41,71.15,Delta Airlines,San Antonio,Utilities,In-Store,28,Freelancer,0
TXN-006821,ACCT-1122,2025-11-14 02:10:32,159.11,CVS Pharmacy,Portland,Transportation,In-Store,34,Retired,0
TXN-006822,ACCT-1034,2025-09-07 11:24:34,130.75,Zara,Philadelphia,Utilities,Online,41,Lawyer,0
TXN-006823,ACCT-1070,2025-01-15 08:20:59,353.77,Hilton,Portland,Healthcare,In-Store,56,Student,0
TXN-006824,ACCT-1188,2025-02-01 08:55:04,86.8,Lyft,New York,Travel,Online,23,Sales Rep,0
TXN-006825,ACCT-1008,2025-07-19 09:03:30,61.12,Chevron,Nashville,Gas,Phone,28,Retired,0
TXN-006826,ACCT-1156,2025-08-09 13:39:02,34.09,Grubhub,Detroit,Groceries,Mobile App,18,Sales Rep,0
TXN-006827,ACCT-1063,2025-01-25 14:40:03,39.23,Airbnb,Austin,Personal Care,In-Store,70,Driver,0
TXN-006828,ACCT-1198,2025-12-21 09:11:09,107.71,Target,Houston,Entertainment,In-Store,53,Engineer,0
TXN-006829,ACCT-1161,2025-03-04 16:35:56,44.78,Hilton,Detroit,Travel,Online,75,Engineer,0
TXN-006830,ACCT-1139,2025-05-22 15:13:08,242.08,Target,Miami,Subscriptions,Mobile App,40,Driver,0
TXN-006831,ACCT-1044,2025-05-10 18:16:49,35.38,McDonalds,Portland,Gas,ATM,73,Doctor,0
TXN-006832,ACCT-1060,2025-10-10 14:29:35,177.75,Trader Joes,Phoenix,Entertainment,Online,42,Accountant,0
TXN-006833,ACCT-1068,2025-05-11 21:58:53,14.65,Delta Airlines,Atlanta,Education,ATM,22,Accountant,0
TXN-006834,ACCT-1189,2025-09-07 11:23:41,41.67,Chevron,Detroit,Travel,Phone,23,Designer,0
TXN-006835,ACCT-1195,2025-09-13 10:46:36,652.11,Walmart,Houston,Travel,In-Store,46,Retired,0
TXN-006836,ACCT-1086,2025-05-16 21:57:31,47.64,Hilton,Philadelphia,Subscriptions,Online,20,Manager,0
TXN-006837,ACCT-1138,2025-06-04 08:39:45,144.43,Shell Gas,Miami,Education,In-Store,29,Accountant,0
TXN-006838,ACCT-1183,2025-08-30 18:56:39,144.65,Nike,Portland,Utilities,Phone,60,Retired,0
TXN-006839,ACCT-1091,2025-05-18 17:07:01,65.45,Apple Store,Miami,Shopping,In-Store,36,Manager,0
TXN-006840,ACCT-1027,2025-03-09 08:33:10,192.19,Uber,Houston,Dining,Mobile App,28,Sales Rep,0
TXN-006841,ACCT-1039,2025-11-02 12:14:28,146.54,Amazon,Houston,Groceries,In-Store,82,Accountant,0
TXN-006842,ACCT-1132,2025-11-18 20:19:03,596.71,Walgreens,Miami,Subscriptions,In-Store,54,Manager,0
TXN-006843,ACCT-1196,2025-06-11 15:31:23,179.94,Safeway,Los Angeles,Gas,Online,48,Freelancer,0
TXN-006844,ACCT-1157,2025-12-22 10:43:09,286.97,Netflix,San Diego,Transportation,Mobile App,57,Lawyer,0
TXN-006845,ACCT-1068,2025-11-13 18:50:33,10.12,Chevron,Philadelphia,Personal Care,In-Store,22,Accountant,0
TXN-006846,ACCT-1031,2025-03-15 21:04:44,88.86,Costco,San Antonio,Entertainment,Mobile App,71,Doctor,0
TXN-006847,ACCT-1081,2025-03-09 13:05:13,92.23,Apple Store,Miami,Transportation,Mobile App,77,Accountant,0
TXN-006848,ACCT-1157,2025-11-18 10:56:08,192.68,Amazon,San Diego,Entertainment,Mobile App,57,Lawyer,0
TXN-006849,ACCT-1037,2025-01-20 19:16:13,99.28,Uber,Atlanta,Dining,Online,18,Designer,0
TXN-006850,ACCT-1017,2025-11-07 18:23:56,107.99,Nike,San Diego,Personal Care,In-Store,76,Nurse,0
TXN-006851,ACCT-1066,2025-05-16 16:12:10,69.79,Delta Airlines,Nashville,Transportation,Online,38,Teacher,0
TXN-006852,ACCT-1063,2025-09-25 22:10:18,103.75,CVS Pharmacy,Austin,Healthcare,Mobile App,70,Driver,0
TXN-006853,ACCT-1011,2025-06-04 22:12:56,232.61,McDonalds,Atlanta,Personal Care,ATM,47,Doctor,0
TXN-006854,ACCT-1090,2025-01-06 20:21:03,41.22,Chevron,Dallas,Entertainment,Online,24,Retired,0
TXN-006855,ACCT-1078,2025-12-21 09:39:03,39.86,DoorDash,Phoenix,Healthcare,In-Store,24,Freelancer,0
TXN-006856,ACCT-1020,2025-09-11 15:34:47,276.04,Kroger,Detroit,Subscriptions,Online,36,Engineer,0
TXN-006857,ACCT-1161,2025-01-25 10:06:27,34.71,Hilton,Detroit,Healthcare,In-Store,75,Engineer,0
TXN-006858,ACCT-1112,2025-04-04 11:46:55,34.63,Kroger,San Antonio,Healthcare,Online,23,Sales Rep,0
TXN-006859,ACCT-1001,2025-09-02 12:02:24,124.36,Netflix,Minneapolis,Personal Care,Online,64,Nurse,0
TXN-006860,ACCT-1055,2025-02-28 11:37:25,168.99,Lyft,Denver,Groceries,Mobile App,46,Nurse,0
TXN-006861,ACCT-1013,2025-05-20 13:45:41,473.11,McDonalds,Houston,Travel,Mobile App,45,Driver,0
TXN-006862,ACCT-1100,2025-07-20 07:14:00,135.61,Marriott,Phoenix,Groceries,In-Store,80,Manager,0
TXN-006863,ACCT-1028,2025-02-20 14:44:25,53.44,Grubhub,Seattle,Subscriptions,Online,23,Freelancer,0
TXN-006864,ACCT-1128,2025-12-29 14:23:56,72.78,Chevron,Denver,Gas,In-Store,21,Engineer,0
TXN-006865,ACCT-1150,2025-02-04 18:41:07,21.85,Grubhub,Atlanta,Personal Care,In-Store,24,Manager,0
TXN-006866,ACCT-1068,2025-04-16 15:37:03,19.55,Trader Joes,Atlanta,Healthcare,In-Store,22,Accountant,0
TXN-006867,ACCT-1022,2025-09-04 23:45:22,153.82,DoorDash,Philadelphia,Gas,In-Store,34,Analyst,0
TXN-006868,ACCT-1194,2025-08-14 17:31:46,222.05,Zara,San Diego,Healthcare,Online,84,Lawyer,0
TXN-006869,ACCT-1020,2025-07-05 09:59:56,184.47,DoorDash,Detroit,Shopping,Mobile App,36,Engineer,0
TXN-006870,ACCT-1094,2025-01-16 09:10:50,620.25,Lyft,San Francisco,Travel,ATM,48,Driver,0
TXN-006871,ACCT-1131,2025-07-20 09:13:11,335.73,Chevron,Dallas,Education,In-Store,34,Lawyer,0
TXN-006872,ACCT-1056,2025-07-21 20:12:15,218.76,Walmart,Philadelphia,Education,ATM,39,Freelancer,0
TXN-006873,ACCT-1063,2025-02-11 19:28:52,107.9,Walmart,Austin,Groceries,Mobile App,70,Driver,0
TXN-006874,ACCT-1024,2025-06-16 17:08:36,136.27,Trader Joes,Portland,Personal Care,ATM,44,Lawyer,0
TXN-006875,ACCT-1110,2025-05-14 11:23:59,58.55,Hilton,San Francisco,Education,Mobile App,34,Analyst,0
TXN-006876,ACCT-1197,2025-06-22 14:05:21,304.61,DoorDash,Los Angeles,Healthcare,Online,37,Student,0
TXN-006877,ACCT-1022,2025-02-06 15:31:16,181.25,McDonalds,San Diego,Utilities,Online,34,Analyst,1
TXN-006878,ACCT-1091,2025-04-18 19:59:47,101.89,Whole Foods,Miami,Groceries,Online,36,Manager,0
TXN-006879,ACCT-1193,2025-10-15 13:02:32,41.21,Nike,Miami,Groceries,Online,42,Sales Rep,0
TXN-006880,ACCT-1115,2025-11-19 20:31:08,55.32,Marriott,San Francisco,Groceries,In-Store,40,Sales Rep,0
TXN-006881,ACCT-1140,2025-04-29 08:35:40,34.96,Kroger,Detroit,Personal Care,In-Store,24,Teacher,0
TXN-006882,ACCT-1103,2025-03-30 15:40:09,30.17,United Airlines,Houston,Entertainment,In-Store,23,Sales Rep,0
TXN-006883,ACCT-1196,2025-12-10 10:09:00,2000.0,Target,Karachi,Shopping,ATM,48,Freelancer,1
TXN-006884,ACCT-1129,2025-04-07 12:44:58,43.72,Hilton,Chicago,Entertainment,ATM,32,Sales Rep,0
TXN-006885,ACCT-1099,2025-01-17 14:56:23,78.59,Airbnb,Austin,Healthcare,ATM,32,Sales Rep,0
TXN-006886,ACCT-1034,2025-10-12 14:41:48,146.06,Shell Gas,Boston,Utilities,Online,41,Lawyer,0
TXN-006887,ACCT-1168,2025-05-08 11:07:13,94.47,Chevron,Boston,Groceries,In-Store,82,Teacher,0
TXN-006888,ACCT-1196,2025-09-22 13:14:24,258.24,Target,San Antonio,Travel,Online,48,Freelancer,0
TXN-006889,ACCT-1143,2025-12-27 11:11:26,24.42,Uber,Minneapolis,Groceries,Phone,76,Retired,0
TXN-006890,ACCT-1149,2025-02-03 13:04:51,144.1,Zara,Los Angeles,Education,In-Store,41,Sales Rep,0
TXN-006891,ACCT-1185,2025-07-23 12:12:20,392.35,Zara,New York,Groceries,In-Store,58,Lawyer,0
TXN-006892,ACCT-1165,2025-01-27 06:26:00,7.91,Best Buy,San Antonio,Education,Mobile App,22,Accountant,0
TXN-006893,ACCT-1042,2025-02-28 14:18:43,93.31,McDonalds,Seattle,Gas,Mobile App,50,Sales Rep,0
TXN-006894,ACCT-1030,2025-11-19 23:25:01,272.89,Kroger,Seattle,Shopping,Online,48,Manager,0
TXN-006895,ACCT-1120,2025-10-02 10:01:14,418.91,Safeway,Minneapolis,Subscriptions,In-Store,54,Teacher,0
TXN-006896,ACCT-1111,2025-11-03 16:30:38,33.06,United Airlines,Houston,Gas,Online,22,Analyst,0
TXN-006897,ACCT-1045,2025-12-19 08:15:08,109.05,Netflix,Philadelphia,Subscriptions,Online,66,Chef,0
TXN-006898,ACCT-1042,2025-07-10 08:08:26,146.36,United Airlines,Seattle,Dining,Online,50,Sales Rep,0
TXN-006899,ACCT-1018,2025-06-14 18:02:26,145.84,Uber,Seattle,Transportation,In-Store,28,Retired,0
TXN-006900,ACCT-1195,2025-09-29 21:13:16,410.91,Costco,Houston,Dining,Online,46,Retired,0
TXN-006901,ACCT-1131,2025-10-05 04:59:49,154.1,Walmart,Dallas,Travel,Online,34,Lawyer,0
TXN-006902,ACCT-1194,2025-07-12 13:32:05,433.7,Lyft,San Diego,Healthcare,Online,84,Lawyer,0
TXN-006903,ACCT-1164,2025-09-12 11:20:53,131.05,Apple Store,Seattle,Shopping,Online,36,Freelancer,0
TXN-006904,ACCT-1023,2025-08-02 11:16:21,48.32,Walgreens,Dallas,Groceries,In-Store,39,Retired,0
TXN-006905,ACCT-1194,2025-07-31 10:17:18,243.08,Zara,San Diego,Healthcare,Mobile App,84,Lawyer,0
TXN-006906,ACCT-1047,2025-12-21 15:51:48,60.56,Amazon,Dallas,Gas,In-Store,75,Sales Rep,0
TXN-006907,ACCT-1144,2025-01-28 19:37:31,76.98,Nike,San Antonio,Dining,In-Store,27,Chef,0
TXN-006908,ACCT-1134,2025-09-17 11:54:24,240.56,Walmart,Miami,Utilities,ATM,56,Student,0
TXN-006909,ACCT-1006,2025-08-13 13:54:02,338.56,Lyft,Atlanta,Personal Care,Online,55,Nurse,0
TXN-006910,ACCT-1029,2025-10-09 10:49:30,320.77,Costco,New York,Gas,In-Store,32,Freelancer,0
TXN-006911,ACCT-1059,2025-11-05 20:29:13,303.52,Marriott,Los Angeles,Gas,Online,48,Doctor,0
TXN-006912,ACCT-1044,2025-05-05 13:52:44,70.73,Walgreens,Portland,Entertainment,Mobile App,73,Doctor,0
TXN-006913,ACCT-1045,2025-01-03 12:35:42,48.67,Walgreens,Philadelphia,Shopping,ATM,66,Chef,0
TXN-006914,ACCT-1121,2025-09-05 12:02:26,120.55,Uber,Houston,Personal Care,Online,35,Accountant,0
TXN-006915,ACCT-1008,2025-02-21 15:18:13,87.25,Walgreens,Nashville,Personal Care,ATM,28,Retired,0
TXN-006916,ACCT-1178,2025-08-07 21:16:04,268.08,Apple Store,Chicago,Utilities,Online,59,Retired,0
TXN-006917,ACCT-1060,2025-10-12 21:26:43,368.45,DoorDash,Phoenix,Utilities,In-Store,42,Accountant,0
TXN-006918,ACCT-1175,2025-03-23 17:15:35,500.68,Netflix,Los Angeles,Healthcare,Online,59,Student,0
TXN-006919,ACCT-1009,2025-02-08 15:33:22,243.18,Nike,Austin,Healthcare,ATM,69,Analyst,0
TXN-006920,ACCT-1076,2025-04-25 12:03:49,28.48,Airbnb,Nashville,Healthcare,Online,18,Teacher,0
TXN-006921,ACCT-1160,2025-10-12 11:30:15,280.17,Starbucks,Denver,Entertainment,ATM,40,Nurse,0
TXN-006922,ACCT-1111,2025-10-15 08:10:59,74.41,Spotify,Houston,Shopping,Mobile App,22,Analyst,0
TXN-006923,ACCT-1056,2025-09-26 17:46:32,47.43,Hilton,Philadelphia,Travel,Online,39,Freelancer,0
TXN-006924,ACCT-1151,2025-11-11 14:51:30,54.59,Amazon,Denver,Groceries,Mobile App,36,Retired,0
TXN-006925,ACCT-1049,2025-05-09 18:30:00,1047.03,OffshorePay Inc,Tirana,Shopping,Online,48,Accountant,1
TXN-006926,ACCT-1039,2025-01-21 21:46:23,117.05,United Airlines,Houston,Gas,Online,82,Accountant,0
TXN-006927,ACCT-1131,2025-03-04 09:03:23,265.6,Walgreens,Dallas,Utilities,Online,34,Lawyer,0
TXN-006928,ACCT-1084,2025-05-07 11:42:16,19.03,Starbucks,Dallas,Gas,In-Store,24,Engineer,0
TXN-006929,ACCT-1065,2025-01-25 17:26:00,118.13,Netflix,Chicago,Utilities,Online,79,Analyst,0
TXN-006930,ACCT-1198,2025-12-04 13:38:08,114.06,Target,Dallas,Healthcare,Phone,53,Engineer,0
TXN-006931,ACCT-1086,2025-12-26 11:45:48,73.98,Hilton,Dallas,Groceries,Mobile App,20,Manager,0
TXN-006932,ACCT-1114,2025-02-05 09:21:24,9.85,Walmart,Detroit,Entertainment,ATM,65,Teacher,0
TXN-006933,ACCT-1176,2025-04-08 22:05:32,131.14,Kroger,Boston,Subscriptions,Online,62,Designer,0
TXN-006934,ACCT-1068,2025-06-05 19:39:42,7.2,Hilton,Atlanta,Entertainment,In-Store,22,Accountant,0
TXN-006935,ACCT-1013,2025-02-21 11:10:49,219.75,McDonalds,Houston,Personal Care,Online,45,Driver,0
TXN-006936,ACCT-1079,2025-11-30 11:47:24,394.65,Safeway,Phoenix,Entertainment,In-Store,52,Retired,0
TXN-006937,ACCT-1186,2025-09-10 14:02:29,19.8,Amazon,Dallas,Utilities,In-Store,19,Freelancer,0
TXN-006938,ACCT-1086,2025-09-16 11:22:22,48.52,Hilton,Philadelphia,Subscriptions,Mobile App,20,Manager,0
TXN-006939,ACCT-1026,2025-04-30 21:14:24,240.24,Hilton,Boston,Healthcare,Mobile App,33,Lawyer,0
TXN-006940,ACCT-1159,2025-11-21 19:24:32,232.95,Spotify,San Diego,Personal Care,Mobile App,39,Student,0
TXN-006941,ACCT-1157,2025-08-04 11:14:56,211.99,Trader Joes,Boston,Shopping,Online,57,Lawyer,0
TXN-006942,ACCT-1198,2025-09-12 10:28:24,267.35,Apple Store,Houston,Utilities,Mobile App,53,Engineer,0
TXN-006943,ACCT-1075,2025-06-11 17:36:50,252.11,Nike,Denver,Travel,Online,81,Accountant,0
TXN-006944,ACCT-1128,2025-05-13 19:00:34,38.45,Chevron,Denver,Personal Care,In-Store,21,Engineer,0
TXN-006945,ACCT-1096,2025-06-12 04:45:54,153.9,Whole Foods,San Francisco,Healthcare,In-Store,30,Chef,0
TXN-006946,ACCT-1146,2025-06-09 08:00:01,115.48,CVS Pharmacy,Atlanta,Groceries,Online,39,Accountant,0
TXN-006947,ACCT-1117,2025-06-09 12:34:56,231.64,Uber,Houston,Healthcare,Online,56,Teacher,0
TXN-006948,ACCT-1057,2025-01-20 16:55:28,392.13,CVS Pharmacy,Seattle,Groceries,ATM,55,Analyst,0
TXN-006949,ACCT-1187,2025-01-25 08:33:20,86.12,Marriott,Minneapolis,Entertainment,Online,28,Freelancer,1
TXN-006950,ACCT-1141,2025-06-07 13:04:29,229.28,United Airlines,San Diego,Utilities,Online,32,Engineer,0
TXN-006951,ACCT-1156,2025-06-29 11:10:03,44.68,Target,San Francisco,Gas,ATM,18,Sales Rep,0
TXN-006952,ACCT-1089,2025-04-03 13:23:29,45.91,Delta Airlines,Dallas,Gas,ATM,18,Driver,0
TXN-006953,ACCT-1008,2025-11-19 15:23:05,84.9,Netflix,Nashville,Groceries,Mobile App,28,Retired,0
TXN-006954,ACCT-1099,2025-01-13 12:32:03,112.43,Airbnb,Detroit,Personal Care,Mobile App,32,Sales Rep,0
TXN-006955,ACCT-1021,2025-03-06 17:08:06,77.8,Airbnb,Phoenix,Gas,Online,28,Teacher,0
TXN-006956,ACCT-1117,2025-05-20 13:31:02,341.31,Best Buy,Houston,Subscriptions,In-Store,56,Teacher,0
TXN-006957,ACCT-1018,2025-11-28 16:04:56,171.15,Uber,Seattle,Utilities,In-Store,28,Retired,0
TXN-006958,ACCT-1021,2025-04-09 06:21:00,72.57,Walmart,Phoenix,Entertainment,In-Store,28,Teacher,0
TXN-006959,ACCT-1032,2025-04-25 18:45:37,504.54,Best Buy,New York,Groceries,Online,34,Analyst,0
TXN-006960,ACCT-1147,2025-03-23 11:36:29,191.09,Walmart,Minneapolis,Entertainment,Online,75,Doctor,0
TXN-006961,ACCT-1113,2025-06-07 08:32:19,85.67,Home Depot,Houston,Education,In-Store,41,Designer,0
TXN-006962,ACCT-1195,2025-08-04 07:03:50,353.26,Walmart,Houston,Subscriptions,ATM,46,Retired,0
TXN-006963,ACCT-1119,2025-01-05 20:55:23,174.21,CVS Pharmacy,Boston,Transportation,Online,41,Designer,0
TXN-006964,ACCT-1186,2025-10-03 23:36:39,21.0,McDonalds,Dallas,Gas,In-Store,19,Freelancer,0
TXN-006965,ACCT-1059,2025-02-04 12:40:24,395.6,United Airlines,Los Angeles,Travel,ATM,48,Doctor,0
TXN-006966,ACCT-1098,2025-01-11 10:07:06,108.08,Hilton,Houston,Transportation,In-Store,37,Sales Rep,0
TXN-006967,ACCT-1027,2025-11-01 14:36:50,161.29,Uber,Houston,Groceries,Online,28,Sales Rep,0
TXN-006968,ACCT-1199,2025-08-31 12:16:45,451.8,Shell Gas,Houston,Education,In-Store,33,Chef,0
TXN-006969,ACCT-1189,2025-09-19 12:23:50,7.72,Starbucks,Detroit,Shopping,Phone,23,Designer,0
TXN-006970,ACCT-1048,2025-07-10 17:12:41,220.02,Netflix,San Antonio,Education,Online,25,Lawyer,0
TXN-006971,ACCT-1019,2025-05-19 08:19:05,66.28,CVS Pharmacy,Chicago,Entertainment,Online,41,Lawyer,0
TXN-006972,ACCT-1189,2025-10-29 06:40:52,13.8,Walmart,Detroit,Healthcare,Mobile App,23,Designer,0
TXN-006973,ACCT-1001,2025-04-28 21:32:38,348.55,Nike,Miami,Subscriptions,In-Store,64,Nurse,0
TXN-006974,ACCT-1192,2025-01-24 08:10:46,444.77,Apple Store,San Antonio,Subscriptions,Online,56,Designer,0
TXN-006975,ACCT-1092,2025-05-31 15:37:15,215.94,Walmart,Minneapolis,Dining,ATM,32,Accountant,0
TXN-006976,ACCT-1154,2025-10-05 07:26:10,157.8,Home Depot,San Diego,Groceries,ATM,34,Teacher,0
TXN-006977,ACCT-1193,2025-08-25 16:44:17,276.07,Whole Foods,San Diego,Gas,Online,42,Sales Rep,0
TXN-006978,ACCT-1051,2025-11-06 13:14:53,526.51,Hilton,Phoenix,Subscriptions,Mobile App,45,Chef,0
TXN-006979,ACCT-1148,2025-06-21 06:44:20,34.6,Safeway,Houston,Healthcare,In-Store,23,Chef,0
TXN-006980,ACCT-1196,2025-06-04 16:14:32,314.65,Spotify,Los Angeles,Education,Mobile App,48,Freelancer,0
TXN-006981,ACCT-1173,2025-05-15 02:51:36,106.14,Lyft,Chicago,Transportation,Online,44,Retired,0
TXN-006982,ACCT-1189,2025-07-03 07:12:57,13.69,Airbnb,Detroit,Gas,Online,23,Designer,0
TXN-006983,ACCT-1196,2025-02-27 17:11:39,249.7,Hilton,Los Angeles,Gas,Mobile App,48,Freelancer,0
TXN-006984,ACCT-1182,2025-10-27 19:21:32,512.91,Home Depot,Denver,Groceries,Mobile App,55,Lawyer,0
TXN-006985,ACCT-1188,2025-07-30 10:27:25,22.8,Apple Store,New York,Transportation,In-Store,23,Sales Rep,0
TXN-006986,ACCT-1055,2025-12-26 12:53:03,130.89,Lyft,Denver,Entertainment,ATM,46,Nurse,0
TXN-006987,ACCT-1123,2025-05-23 11:53:21,68.78,Best Buy,Dallas,Education,Online,37,Lawyer,0
TXN-006988,ACCT-1040,2025-09-17 16:22:23,135.37,Shell Gas,Miami,Entertainment,Online,29,Driver,0
TXN-006989,ACCT-1156,2025-06-30 09:39:46,22.99,Hilton,Atlanta,Personal Care,In-Store,18,Sales Rep,0
TXN-006990,ACCT-1130,2025-05-23 13:19:00,429.45,FastCash ATM Services,Minsk,Travel,Online,27,Lawyer,1
TXN-006991,ACCT-1136,2025-09-02 18:07:33,320.81,Delta Airlines,Nashville,Utilities,Online,60,Sales Rep,0
TXN-006992,ACCT-1164,2025-07-07 18:48:03,29.81,Target,Seattle,Transportation,Phone,36,Freelancer,0
TXN-006993,ACCT-1038,2025-01-21 12:27:20,114.87,Chevron,Chicago,Entertainment,Phone,42,Nurse,0
TXN-006994,ACCT-1020,2025-08-22 13:02:31,330.46,Hilton,Detroit,Transportation,In-Store,36,Engineer,0
TXN-006995,ACCT-1154,2025-04-12 13:29:38,95.48,Home Depot,San Diego,Education,Online,34,Teacher,0
TXN-006996,ACCT-1063,2025-06-23 11:30:53,143.51,Walmart,Austin,Subscriptions,Mobile App,70,Driver,0
TXN-006997,ACCT-1113,2025-01-17 21:02:18,134.1,Zara,Houston,Shopping,Online,41,Designer,0
TXN-006998,ACCT-1098,2025-07-24 12:18:49,172.3,Amazon,Houston,Entertainment,In-Store,37,Sales Rep,0
TXN-006999,ACCT-1014,2025-06-03 09:24:54,633.74,Target,Phoenix,Healthcare,Online,54,Chef,0
TXN-007000,ACCT-1036,2025-03-27 22:51:53,27.27,Spotify,Miami,Personal Care,In-Store,21,Sales Rep,0
TXN-007001,ACCT-1148,2025-02-15 13:04:07,36.69,Kroger,Houston,Transportation,ATM,23,Chef,0
TXN-007002,ACCT-1065,2025-07-05 14:37:45,96.58,CVS Pharmacy,Chicago,Shopping,ATM,79,Analyst,0
TXN-007003,ACCT-1173,2025-09-04 18:19:04,177.95,Kroger,Chicago,Groceries,Phone,44,Retired,0
TXN-007004,ACCT-1043,2025-12-12 15:55:49,218.89,Walmart,Atlanta,Groceries,Online,34,Manager,0
TXN-007005,ACCT-1143,2025-08-13 12:50:26,58.78,Shell Gas,Minneapolis,Groceries,Mobile App,76,Retired,0
TXN-007006,ACCT-1110,2025-10-04 18:29:38,89.97,Home Depot,San Francisco,Groceries,In-Store,34,Analyst,0
TXN-007007,ACCT-1090,2025-08-16 12:59:25,38.04,Lyft,Atlanta,Entertainment,Online,24,Retired,0
TXN-007008,ACCT-1173,2025-02-27 03:51:00,376.74,Zara,Chicago,Transportation,Online,44,Retired,1
TXN-007009,ACCT-1061,2025-12-29 19:03:40,420.32,Marriott,Boston,Personal Care,Online,50,Analyst,0
TXN-007010,ACCT-1092,2025-10-20 06:10:34,117.71,Trader Joes,Minneapolis,Transportation,Online,32,Accountant,0
TXN-007011,ACCT-1001,2025-03-18 07:34:21,455.01,Whole Foods,Minneapolis,Transportation,Mobile App,64,Nurse,0
TXN-007012,ACCT-1191,2025-02-11 10:15:51,475.72,Grubhub,San Francisco,Entertainment,Online,61,Designer,0
TXN-007013,ACCT-1110,2025-09-22 10:05:39,65.14,Home Depot,San Francisco,Healthcare,Online,34,Analyst,0
TXN-007014,ACCT-1087,2025-08-31 23:21:45,178.63,Home Depot,Seattle,Entertainment,In-Store,61,Manager,0
TXN-007015,ACCT-1185,2025-05-18 15:32:06,185.31,Best Buy,Miami,Subscriptions,Mobile App,58,Lawyer,0
TXN-007016,ACCT-1196,2025-03-09 13:47:02,196.52,Zara,Los Angeles,Entertainment,Online,48,Freelancer,0
TXN-007017,ACCT-1136,2025-08-12 14:27:36,372.79,Walmart,Boston,Subscriptions,Online,60,Sales Rep,0
TXN-007018,ACCT-1081,2025-08-17 19:20:00,1000.0,Target,Atlanta,Shopping,ATM,77,Accountant,1
TXN-007019,ACCT-1095,2025-04-28 08:52:38,72.65,Netflix,San Diego,Dining,Mobile App,81,Doctor,0
TXN-007020,ACCT-1013,2025-02-05 18:25:40,219.67,McDonalds,Houston,Gas,Phone,45,Driver,0
TXN-007021,ACCT-1046,2025-11-11 14:21:27,104.88,Trader Joes,Atlanta,Travel,Phone,27,Driver,0
TXN-007022,ACCT-1049,2025-04-19 14:22:28,261.6,Safeway,Chicago,Subscriptions,Online,48,Accountant,0
TXN-007023,ACCT-1121,2025-08-13 16:08:06,112.85,Chevron,Houston,Groceries,In-Store,35,Accountant,0
TXN-007024,ACCT-1154,2025-08-11 20:13:47,234.19,DoorDash,San Diego,Personal Care,Phone,34,Teacher,0
TXN-007025,ACCT-1111,2025-05-16 19:36:12,50.88,Costco,Houston,Subscriptions,Mobile App,22,Analyst,0
TXN-007026,ACCT-1038,2025-02-27 11:13:21,36.59,Grubhub,Chicago,Gas,ATM,42,Nurse,0
TXN-007027,ACCT-1022,2025-05-05 18:38:44,49.48,Netflix,Detroit,Utilities,Online,34,Analyst,0
TXN-007028,ACCT-1076,2025-05-11 12:32:04,10.19,Grubhub,Portland,Shopping,Phone,18,Teacher,0
TXN-007029,ACCT-1116,2025-12-08 21:05:45,20.94,Walgreens,Phoenix,Shopping,Phone,19,Lawyer,0
TXN-007030,ACCT-1103,2025-10-27 13:50:59,12.1,Kroger,Houston,Personal Care,Mobile App,23,Sales Rep,0
TXN-007031,ACCT-1145,2025-06-03 19:04:00,39.85,Whole Foods,Nashville,Travel,In-Store,19,Chef,0
TXN-007032,ACCT-1005,2025-03-13 17:51:23,17.99,McDonalds,Phoenix,Transportation,In-Store,24,Student,0
TXN-007033,ACCT-1065,2025-09-16 13:04:17,112.25,Safeway,Chicago,Travel,In-Store,79,Analyst,0
TXN-007034,ACCT-1029,2025-02-04 12:14:18,115.24,Zara,New York,Gas,In-Store,32,Freelancer,0
TXN-007035,ACCT-1178,2025-03-07 06:23:12,347.6,Safeway,Chicago,Education,Mobile App,59,Retired,0
TXN-007036,ACCT-1190,2025-11-14 05:06:53,118.35,Airbnb,Nashville,Travel,ATM,40,Teacher,0
TXN-007037,ACCT-1187,2025-03-24 09:52:19,125.33,United Airlines,San Antonio,Education,In-Store,28,Freelancer,0
TXN-007038,ACCT-1130,2025-06-27 09:41:14,55.83,Uber,Detroit,Utilities,ATM,27,Lawyer,0
TXN-007039,ACCT-1182,2025-10-27 17:18:20,686.91,Airbnb,Denver,Utilities,Mobile App,55,Lawyer,0
TXN-007040,ACCT-1176,2025-03-07 15:14:59,147.19,Netflix,San Diego,Shopping,ATM,62,Designer,0
TXN-007041,ACCT-1051,2025-12-25 12:49:39,144.25,Hilton,Phoenix,Utilities,Online,45,Chef,0
TXN-007042,ACCT-1037,2025-04-08 12:20:55,51.46,Walgreens,Atlanta,Personal Care,Online,18,Designer,0
TXN-007043,ACCT-1099,2025-11-09 20:57:19,70.12,Costco,Detroit,Utilities,Mobile App,32,Sales Rep,0
TXN-007044,ACCT-1077,2025-01-01 14:48:39,111.6,Walgreens,Seattle,Healthcare,Online,80,Driver,0
TXN-007045,ACCT-1057,2025-05-18 13:18:29,177.02,Home Depot,Seattle,Utilities,Online,55,Analyst,0
TXN-007046,ACCT-1022,2025-02-07 17:26:10,100.33,Trader Joes,Portland,Subscriptions,Phone,34,Analyst,0
TXN-007047,ACCT-1037,2025-06-30 16:44:53,42.9,Apple Store,Atlanta,Transportation,Online,18,Designer,0
TXN-007048,ACCT-1076,2025-06-19 06:34:47,13.56,Grubhub,Portland,Shopping,In-Store,18,Teacher,0
TXN-007049,ACCT-1175,2025-02-13 20:49:05,544.46,DoorDash,Los Angeles,Subscriptions,In-Store,59,Student,0
TXN-007050,ACCT-1127,2025-10-07 07:41:33,86.88,Target,Denver,Utilities,Online,32,Nurse,0
TXN-007051,ACCT-1032,2025-10-14 06:04:50,131.99,Hilton,New York,Gas,Online,34,Analyst,0
TXN-007052,ACCT-1066,2025-10-02 20:22:32,200.47,Home Depot,Houston,Healthcare,Online,38,Teacher,0
TXN-007053,ACCT-1148,2025-04-02 10:51:35,87.82,Walgreens,Houston,Utilities,Mobile App,23,Chef,0
TXN-007054,ACCT-1153,2025-03-27 14:59:44,108.89,Zara,Los Angeles,Gas,Mobile App,33,Lawyer,0
TXN-007055,ACCT-1024,2025-08-17 13:15:05,215.49,Netflix,Portland,Travel,Online,44,Lawyer,0
TXN-007056,ACCT-1188,2025-04-07 18:30:00,1500.0,Apple Store,Chicago,Shopping,ATM,23,Sales Rep,1
TXN-007057,ACCT-1189,2025-01-02 15:47:11,22.04,Starbucks,Detroit,Education,Online,23,Designer,0
TXN-007058,ACCT-1176,2025-10-29 14:15:09,168.42,Kroger,Boston,Education,In-Store,62,Designer,0
TXN-007059,ACCT-1197,2025-10-12 20:06:10,210.99,DoorDash,Los Angeles,Personal Care,Online,37,Student,0
TXN-007060,ACCT-1120,2025-03-05 17:52:38,458.58,Safeway,Minneapolis,Shopping,Online,54,Teacher,0
TXN-007061,ACCT-1066,2025-12-11 09:48:59,128.63,Delta Airlines,Houston,Dining,Online,38,Teacher,0
TXN-007062,ACCT-1148,2025-07-21 13:11:02,38.83,Home Depot,Houston,Gas,In-Store,23,Chef,0
TXN-007063,ACCT-1075,2025-09-16 06:47:35,150.77,Nike,Denver,Groceries,Mobile App,81,Accountant,0
TXN-007064,ACCT-1143,2025-08-29 07:24:35,21.79,Trader Joes,Austin,Education,Mobile App,76,Retired,0
TXN-007065,ACCT-1057,2025-02-26 08:15:01,208.64,Lyft,Seattle,Travel,In-Store,55,Analyst,0
TXN-007066,ACCT-1156,2025-01-02 09:53:01,41.24,Zara,Atlanta,Groceries,In-Store,18,Sales Rep,0
TXN-007067,ACCT-1135,2025-08-31 06:34:46,361.33,Apple Store,Los Angeles,Dining,In-Store,37,Driver,0
TXN-007068,ACCT-1160,2025-05-08 10:45:34,143.37,Marriott,Denver,Shopping,Mobile App,40,Nurse,0
TXN-007069,ACCT-1177,2025-01-29 21:45:15,31.36,Starbucks,Portland,Shopping,ATM,24,Teacher,0
TXN-007070,ACCT-1146,2025-01-20 13:40:33,25.87,Walgreens,Atlanta,Subscriptions,Mobile App,39,Accountant,0
TXN-007071,ACCT-1032,2025-03-18 16:52:48,61.36,Best Buy,New York,Utilities,Online,34,Analyst,0
TXN-007072,ACCT-1063,2025-03-09 11:43:27,79.1,Airbnb,Austin,Personal Care,Online,70,Driver,0
TXN-007073,ACCT-1084,2025-07-04 09:02:29,43.48,CVS Pharmacy,Dallas,Travel,Phone,24,Engineer,0
TXN-007074,ACCT-1157,2025-05-08 13:05:57,162.91,Amazon,San Diego,Transportation,Online,57,Lawyer,0
TXN-007075,ACCT-1113,2025-05-25 14:30:15,56.98,Starbucks,Houston,Personal Care,In-Store,41,Designer,0
TXN-007076,ACCT-1074,2025-03-21 13:15:51,369.63,CVS Pharmacy,Miami,Subscriptions,Online,42,Freelancer,0
TXN-007077,ACCT-1068,2025-08-26 13:04:35,11.97,McDonalds,Atlanta,Utilities,In-Store,22,Accountant,0
TXN-007078,ACCT-1112,2025-05-14 18:37:41,34.76,United Airlines,San Antonio,Personal Care,Online,23,Sales Rep,0
TXN-007079,ACCT-1047,2025-10-06 15:54:06,29.66,CVS Pharmacy,Dallas,Education,ATM,75,Sales Rep,0
TXN-007080,ACCT-1179,2025-05-21 18:07:37,68.92,Best Buy,Nashville,Education,In-Store,41,Engineer,0
TXN-007081,ACCT-1104,2025-12-07 22:11:06,53.03,Netflix,Dallas,Personal Care,Mobile App,24,Engineer,0
TXN-007082,ACCT-1112,2025-03-24 20:28:38,11.45,Target,San Antonio,Travel,In-Store,23,Sales Rep,0
TXN-007083,ACCT-1124,2025-09-10 12:57:17,102.45,McDonalds,Miami,Entertainment,Mobile App,33,Analyst,0
TXN-007084,ACCT-1121,2025-06-06 10:36:02,71.22,Zara,Houston,Shopping,Mobile App,35,Accountant,0
TXN-007085,ACCT-1190,2025-03-17 07:21:30,115.29,Grubhub,Nashville,Gas,In-Store,40,Teacher,0
TXN-007086,ACCT-1195,2025-09-21 10:40:26,262.54,DoorDash,Houston,Groceries,Mobile App,46,Retired,0
TXN-007087,ACCT-1048,2025-12-29 22:55:37,88.88,United Airlines,Los Angeles,Gas,Mobile App,25,Lawyer,0
TXN-007088,ACCT-1174,2025-03-02 13:21:17,129.89,Costco,San Francisco,Shopping,ATM,34,Retired,0
TXN-007089,ACCT-1086,2025-11-22 06:00:29,59.18,Netflix,Philadelphia,Personal Care,Online,20,Manager,0
TXN-007090,ACCT-1032,2025-07-29 20:38:26,499.68,Home Depot,New York,Transportation,Mobile App,34,Analyst,0
TXN-007091,ACCT-1148,2025-06-22 21:03:35,45.31,United Airlines,Houston,Entertainment,Online,23,Chef,0
TXN-007092,ACCT-1122,2025-08-08 08:18:24,65.78,CVS Pharmacy,Portland,Transportation,Mobile App,34,Retired,0
TXN-007093,ACCT-1005,2025-02-10 07:02:51,20.7,CVS Pharmacy,Phoenix,Dining,In-Store,24,Student,0
TXN-007094,ACCT-1183,2025-11-04 15:47:00,1000.0,Spotify,Dallas,Travel,Online,60,Retired,1
TXN-007095,ACCT-1147,2025-11-28 16:49:27,36.41,Walmart,Portland,Subscriptions,Mobile App,75,Doctor,0
TXN-007096,ACCT-1063,2025-10-31 16:49:22,125.35,Nike,Austin,Shopping,In-Store,70,Driver,0
TXN-007097,ACCT-1118,2025-04-21 16:25:51,104.33,Walgreens,San Diego,Subscriptions,ATM,37,Designer,0
TXN-007098,ACCT-1126,2025-03-31 20:40:40,216.95,Starbucks,Portland,Healthcare,Online,30,Driver,0
TXN-007099,ACCT-1140,2025-07-01 19:03:52,82.11,Whole Foods,Nashville,Education,Online,24,Teacher,0
TXN-007100,ACCT-1132,2025-02-07 12:09:26,757.53,Whole Foods,Miami,Gas,Mobile App,54,Manager,0
TXN-007101,ACCT-1164,2025-02-07 16:57:28,74.29,Target,Seattle,Entertainment,Online,36,Freelancer,0
TXN-007102,ACCT-1048,2025-05-22 17:28:11,110.59,Walmart,San Antonio,Groceries,In-Store,25,Lawyer,0
TXN-007103,ACCT-1074,2025-02-14 19:04:34,169.22,Lyft,Miami,Dining,Mobile App,42,Freelancer,0
TXN-007104,ACCT-1157,2025-01-16 10:50:21,412.1,Amazon,San Diego,Education,In-Store,57,Lawyer,0
TXN-007105,ACCT-1168,2025-01-12 09:13:03,53.02,Chevron,Boston,Subscriptions,Online,82,Teacher,0
TXN-007106,ACCT-1007,2025-10-28 14:39:26,140.0,Whole Foods,Atlanta,Shopping,Mobile App,66,Sales Rep,0
TXN-007107,ACCT-1011,2025-07-18 15:10:32,210.04,Shell Gas,Atlanta,Education,Online,47,Doctor,0
TXN-007108,ACCT-1076,2025-06-15 17:05:23,7.88,Shell Gas,Houston,Healthcare,In-Store,18,Teacher,0
TXN-007109,ACCT-1010,2025-09-11 13:37:11,16.0,Best Buy,Detroit,Gas,Online,19,Sales Rep,0
TXN-007110,ACCT-1172,2025-06-18 14:14:01,100.52,DoorDash,Austin,Healthcare,In-Store,25,Nurse,0
TXN-007111,ACCT-1151,2025-01-07 22:54:43,244.36,Amazon,Denver,Transportation,Phone,36,Retired,0
TXN-007112,ACCT-1032,2025-09-20 23:39:40,227.81,Best Buy,San Francisco,Shopping,Phone,34,Analyst,0
TXN-007113,ACCT-1098,2025-04-16 22:49:01,265.6,Kroger,Los Angeles,Dining,In-Store,37,Sales Rep,0
TXN-007114,ACCT-1098,2025-06-23 19:34:53,271.99,DoorDash,Houston,Shopping,Online,37,Sales Rep,0
TXN-007115,ACCT-1198,2025-10-07 13:24:36,441.77,Costco,New York,Shopping,In-Store,53,Engineer,0
TXN-007116,ACCT-1163,2025-05-12 14:57:36,214.46,Zara,Seattle,Healthcare,Online,48,Teacher,0
TXN-007117,ACCT-1149,2025-02-15 15:53:56,268.81,Safeway,Los Angeles,Transportation,In-Store,41,Sales Rep,0
TXN-007118,ACCT-1189,2025-05-09 12:51:43,6.86,Apple Store,Detroit,Entertainment,In-Store,23,Designer,0
TXN-007119,ACCT-1004,2025-06-03 13:46:55,225.83,Spotify,Denver,Gas,In-Store,28,Designer,0
TXN-007120,ACCT-1031,2025-08-06 12:32:16,50.3,Netflix,San Antonio,Gas,Mobile App,71,Doctor,0
TXN-007121,ACCT-1136,2025-12-07 13:15:50,75.5,Netflix,Houston,Utilities,Online,60,Sales Rep,0
TXN-007122,ACCT-1074,2025-07-15 20:34:49,239.56,Walgreens,Miami,Shopping,ATM,42,Freelancer,0
TXN-007123,ACCT-1010,2025-07-10 12:29:29,28.86,Airbnb,New York,Entertainment,In-Store,19,Sales Rep,0
TXN-007124,ACCT-1105,2025-09-01 13:50:12,366.76,Safeway,New York,Gas,Mobile App,51,Teacher,0
TXN-007125,ACCT-1183,2025-01-17 14:11:30,205.29,Uber,Chicago,Groceries,ATM,60,Retired,0
TXN-007126,ACCT-1073,2025-09-19 13:20:28,136.68,Apple Store,Miami,Personal Care,Online,34,Analyst,0
TXN-007127,ACCT-1026,2025-03-24 09:17:14,126.44,Shell Gas,Detroit,Travel,Mobile App,33,Lawyer,0
TXN-007128,ACCT-1064,2025-05-11 11:56:43,95.81,Starbucks,Austin,Travel,ATM,19,Driver,0
TXN-007129,ACCT-1028,2025-09-17 12:56:28,28.5,Shell Gas,Miami,Groceries,Mobile App,23,Freelancer,0
TXN-007130,ACCT-1003,2025-12-23 11:50:10,76.98,Hilton,San Antonio,Gas,ATM,73,Engineer,0
TXN-007131,ACCT-1056,2025-04-07 16:17:23,223.15,Delta Airlines,Philadelphia,Gas,ATM,39,Freelancer,0
TXN-007132,ACCT-1043,2025-11-29 23:12:36,203.65,Whole Foods,Atlanta,Healthcare,In-Store,34,Manager,0
TXN-007133,ACCT-1183,2025-12-23 22:11:50,321.53,Uber,Portland,Travel,Mobile App,60,Retired,0
TXN-007134,ACCT-1012,2025-02-04 06:22:55,41.21,Walgreens,Denver,Travel,Phone,22,Teacher,0
TXN-007135,ACCT-1037,2025-05-10 11:25:01,56.41,Costco,Atlanta,Gas,Online,18,Designer,0
TXN-007136,ACCT-1095,2025-07-26 09:50:04,154.71,Nike,San Diego,Personal Care,In-Store,81,Doctor,0
TXN-007137,ACCT-1069,2025-11-05 16:40:10,23.84,Shell Gas,Minneapolis,Healthcare,In-Store,32,Manager,0
TXN-007138,ACCT-1115,2025-04-09 09:53:22,254.95,Hilton,Detroit,Entertainment,Mobile App,40,Sales Rep,1
TXN-007139,ACCT-1093,2025-03-22 11:39:32,61.96,Apple Store,Boston,Transportation,Mobile App,41,Chef,0
TXN-007140,ACCT-1009,2025-09-19 12:23:20,35.76,Apple Store,Austin,Travel,Online,69,Analyst,0
TXN-007141,ACCT-1007,2025-12-07 22:57:59,88.31,Uber,San Francisco,Travel,Online,66,Sales Rep,0
TXN-007142,ACCT-1000,2025-10-18 08:07:17,301.57,United Airlines,Portland,Dining,ATM,59,Freelancer,0
TXN-007143,ACCT-1058,2025-10-06 12:25:13,150.23,Nike,San Diego,Entertainment,In-Store,36,Designer,0
TXN-007144,ACCT-1055,2025-02-24 20:24:19,178.3,Zara,Denver,Personal Care,ATM,46,Nurse,0
TXN-007145,ACCT-1046,2025-08-25 11:26:36,115.83,Lyft,Atlanta,Utilities,Online,27,Driver,0
TXN-007146,ACCT-1171,2025-06-05 23:22:38,135.08,McDonalds,Boston,Gas,Mobile App,57,Doctor,0
TXN-007147,ACCT-1081,2025-06-13 09:54:45,183.31,Spotify,Denver,Utilities,In-Store,77,Accountant,0
TXN-007148,ACCT-1087,2025-08-12 15:48:57,707.25,Grubhub,Seattle,Utilities,ATM,61,Manager,0
TXN-007149,ACCT-1154,2025-11-08 07:33:46,35.5,Home Depot,San Diego,Education,Online,34,Teacher,0
TXN-007150,ACCT-1158,2025-07-23 18:08:47,22.42,Airbnb,Nashville,Education,ATM,23,Doctor,0
TXN-007151,ACCT-1174,2025-03-05 09:25:40,134.76,Spotify,San Francisco,Gas,Online,34,Retired,0
TXN-007152,ACCT-1063,2025-02-01 11:41:29,337.23,Nike,Austin,Gas,Phone,70,Driver,0
TXN-007153,ACCT-1155,2025-06-01 17:32:00,562.35,FastCash ATM Services,Minsk,Shopping,Online,35,Accountant,1
TXN-007154,ACCT-1031,2025-08-27 20:33:47,55.35,Trader Joes,Denver,Shopping,In-Store,71,Doctor,0
TXN-007155,ACCT-1060,2025-08-07 10:47:14,168.08,Apple Store,Phoenix,Subscriptions,Mobile App,42,Accountant,0
TXN-007156,ACCT-1163,2025-03-03 09:55:55,398.6,Zara,Seattle,Groceries,In-Store,48,Teacher,0
TXN-007157,ACCT-1195,2025-06-30 07:17:54,211.55,DoorDash,Houston,Groceries,Mobile App,46,Retired,0
TXN-007158,ACCT-1111,2025-10-08 17:50:45,49.03,Marriott,Houston,Education,In-Store,22,Analyst,0
TXN-007159,ACCT-1096,2025-03-28 18:23:09,360.35,Whole Foods,New York,Entertainment,Online,30,Chef,0
TXN-007160,ACCT-1157,2025-05-28 02:18:00,198.74,Target,San Diego,Entertainment,ATM,57,Lawyer,1
TXN-007161,ACCT-1032,2025-05-19 15:09:42,329.0,Home Depot,New York,Personal Care,Mobile App,34,Analyst,0
TXN-007162,ACCT-1179,2025-01-07 07:13:03,80.88,Apple Store,Nashville,Healthcare,Online,41,Engineer,0
TXN-007163,ACCT-1099,2025-09-29 21:53:28,90.7,Costco,Detroit,Personal Care,ATM,32,Sales Rep,0
TXN-007164,ACCT-1035,2025-11-01 18:21:52,125.92,Netflix,Houston,Shopping,In-Store,36,Chef,0
TXN-007165,ACCT-1196,2025-06-18 19:02:14,411.46,Safeway,Los Angeles,Gas,Mobile App,48,Freelancer,0
TXN-007166,ACCT-1189,2025-08-25 11:30:18,20.63,Starbucks,Detroit,Entertainment,Online,23,Designer,0
TXN-007167,ACCT-1186,2025-12-29 11:24:03,22.58,Shell Gas,Dallas,Travel,Online,19,Freelancer,0
TXN-007168,ACCT-1103,2025-12-05 14:03:29,53.38,Kroger,Houston,Healthcare,Online,23,Sales Rep,0
TXN-007169,ACCT-1132,2025-07-07 10:52:06,324.46,Grubhub,Miami,Gas,In-Store,54,Manager,0
TXN-007170,ACCT-1137,2025-06-17 16:54:06,98.25,Starbucks,Portland,Groceries,In-Store,41,Lawyer,0
TXN-007171,ACCT-1164,2025-10-04 20:40:55,135.94,Target,Seattle,Transportation,Online,36,Freelancer,0
TXN-007172,ACCT-1173,2025-03-17 18:03:24,67.69,Lyft,Chicago,Travel,In-Store,44,Retired,0
TXN-007173,ACCT-1144,2025-12-08 09:35:05,78.98,Walgreens,San Antonio,Healthcare,In-Store,27,Chef,0
TXN-007174,ACCT-1049,2025-06-06 11:07:56,220.83,Safeway,Austin,Groceries,In-Store,48,Accountant,0
TXN-007175,ACCT-1192,2025-03-08 17:13:02,449.49,Apple Store,San Antonio,Dining,Online,56,Designer,0
TXN-007176,ACCT-1187,2025-11-13 07:05:44,144.14,McDonalds,San Antonio,Utilities,In-Store,28,Freelancer,0
TXN-007177,ACCT-1152,2025-12-16 14:08:26,498.3,Lyft,San Francisco,Utilities,Online,58,Chef,0
TXN-007178,ACCT-1074,2025-04-03 17:41:56,81.84,CVS Pharmacy,Miami,Travel,ATM,42,Freelancer,0
TXN-007179,ACCT-1187,2025-01-07 15:18:05,218.17,Uber,Denver,Personal Care,ATM,28,Freelancer,0
TXN-007180,ACCT-1093,2025-11-23 21:24:46,23.15,Apple Store,Boston,Entertainment,Mobile App,41,Chef,0
TXN-007181,ACCT-1029,2025-10-11 07:44:06,127.31,Shell Gas,New York,Healthcare,Online,32,Freelancer,0
TXN-007182,ACCT-1021,2025-12-03 09:31:32,53.37,Walmart,Austin,Entertainment,Online,28,Teacher,0
TXN-007183,ACCT-1099,2025-10-23 08:20:18,60.03,Costco,Detroit,Shopping,Mobile App,32,Sales Rep,0
TXN-007184,ACCT-1093,2025-11-20 08:47:27,35.28,McDonalds,Boston,Healthcare,Online,41,Chef,0
TXN-007185,ACCT-1133,2025-08-27 09:02:27,81.42,Kroger,Nashville,Entertainment,ATM,19,Student,0
TXN-007186,ACCT-1172,2025-07-03 12:20:26,49.99,Best Buy,Denver,Utilities,Online,25,Nurse,0
TXN-007187,ACCT-1138,2025-01-01 10:04:17,101.75,Shell Gas,Miami,Healthcare,Online,29,Accountant,0
TXN-007188,ACCT-1020,2025-06-24 08:04:30,145.95,Whole Foods,Detroit,Groceries,In-Store,36,Engineer,0
TXN-007189,ACCT-1148,2025-06-08 16:54:57,99.06,United Airlines,Houston,Gas,Online,23,Chef,0
TXN-007190,ACCT-1054,2025-11-07 09:57:09,145.27,Shell Gas,Nashville,Shopping,Online,80,Retired,0
TXN-007191,ACCT-1056,2025-07-02 18:34:24,219.23,Uber,Philadelphia,Personal Care,Online,39,Freelancer,0
TXN-007192,ACCT-1038,2025-05-03 21:35:50,64.81,Grubhub,Chicago,Shopping,In-Store,42,Nurse,0
TXN-007193,ACCT-1102,2025-03-20 12:28:28,187.96,Home Depot,Miami,Transportation,Online,30,Accountant,0
TXN-007194,ACCT-1048,2025-01-10 14:58:11,131.37,Walmart,San Antonio,Entertainment,Online,25,Lawyer,0
TXN-007195,ACCT-1107,2025-03-11 11:22:57,470.93,Home Depot,Austin,Dining,Mobile App,63,Student,0
TXN-007196,ACCT-1164,2025-09-02 21:55:00,1305.73,QuickWire Transfers,Lagos,Travel,Online,36,Freelancer,1
TXN-007197,ACCT-1005,2025-09-21 20:18:08,16.93,McDonalds,Phoenix,Dining,Online,24,Student,0
TXN-007198,ACCT-1044,2025-05-25 17:09:26,60.31,Trader Joes,Portland,Entertainment,Online,73,Doctor,0
TXN-007199,ACCT-1170,2025-03-09 12:39:44,308.05,Hilton,San Francisco,Dining,In-Store,60,Lawyer,0
TXN-007200,ACCT-1055,2025-09-06 15:02:45,106.36,Home Depot,Denver,Groceries,In-Store,46,Nurse,0
TXN-007201,ACCT-1060,2025-10-08 00:27:39,111.95,DoorDash,Phoenix,Subscriptions,Online,42,Accountant,0
TXN-007202,ACCT-1020,2025-12-08 19:12:41,140.47,Kroger,Seattle,Healthcare,In-Store,36,Engineer,0
TXN-007203,ACCT-1019,2025-02-26 11:05:23,154.93,CVS Pharmacy,Chicago,Entertainment,Mobile App,41,Lawyer,0
TXN-007204,ACCT-1082,2025-04-24 15:04:13,45.67,Uber,Denver,Transportation,ATM,26,Driver,0
TXN-007205,ACCT-1028,2025-01-17 19:07:20,22.21,Hilton,Seattle,Gas,In-Store,23,Freelancer,0
TXN-007206,ACCT-1000,2025-11-08 20:26:32,316.47,Airbnb,Portland,Groceries,Online,59,Freelancer,0
TXN-007207,ACCT-1154,2025-11-19 09:39:27,218.05,DoorDash,San Diego,Transportation,Mobile App,34,Teacher,0
TXN-007208,ACCT-1126,2025-01-02 11:39:16,217.89,Trader Joes,Austin,Education,Online,30,Driver,0
TXN-007209,ACCT-1179,2025-05-12 10:19:50,74.11,Walgreens,Dallas,Transportation,Online,41,Engineer,0
TXN-007210,ACCT-1046,2025-10-27 13:26:54,127.66,Uber,Houston,Shopping,In-Store,27,Driver,0
TXN-007211,ACCT-1130,2025-01-01 18:08:59,35.95,Marriott,Detroit,Gas,Mobile App,27,Lawyer,0
TXN-007212,ACCT-1106,2025-11-14 09:40:26,26.98,DoorDash,Seattle,Transportation,Mobile App,23,Retired,0
TXN-007213,ACCT-1135,2025-03-23 16:23:48,107.43,DoorDash,Portland,Subscriptions,Online,37,Driver,0
TXN-007214,ACCT-1024,2025-11-29 12:25:13,268.45,United Airlines,Portland,Transportation,In-Store,44,Lawyer,0
TXN-007215,ACCT-1157,2025-08-11 15:53:06,197.06,Netflix,San Diego,Transportation,ATM,57,Lawyer,0
TXN-007216,ACCT-1091,2025-09-25 13:53:09,154.04,Whole Foods,Miami,Travel,ATM,36,Manager,0
TXN-007217,ACCT-1083,2025-01-13 11:15:40,124.78,Netflix,Detroit,Groceries,In-Store,52,Freelancer,0
TXN-007218,ACCT-1085,2025-03-10 21:48:09,149.57,Apple Store,Dallas,Entertainment,In-Store,38,Student,0
TXN-007219,ACCT-1095,2025-03-18 01:44:00,358.88,CVS Pharmacy,San Diego,Transportation,Online,81,Doctor,1
TXN-007220,ACCT-1185,2025-07-13 09:55:30,165.99,Whole Foods,New York,Subscriptions,In-Store,58,Lawyer,0
TXN-007221,ACCT-1122,2025-04-13 13:20:57,333.25,CVS Pharmacy,Portland,Groceries,Online,34,Retired,0
TXN-007222,ACCT-1134,2025-05-15 21:02:16,725.38,Walmart,Miami,Entertainment,Online,56,Student,0
TXN-007223,ACCT-1129,2025-08-18 10:42:30,87.51,Hilton,Chicago,Entertainment,ATM,32,Sales Rep,0
TXN-007224,ACCT-1074,2025-10-08 23:10:03,126.36,Walgreens,Miami,Healthcare,Mobile App,42,Freelancer,0
TXN-007225,ACCT-1192,2025-10-28 04:18:00,60.69,Apple Store,San Antonio,Transportation,Online,56,Designer,1
TXN-007226,ACCT-1055,2025-07-03 11:22:53,163.6,Lyft,Philadelphia,Personal Care,ATM,46,Nurse,0
TXN-007227,ACCT-1160,2025-07-15 15:05:26,112.48,Marriott,Denver,Education,Online,40,Nurse,0
TXN-007228,ACCT-1001,2025-05-20 09:11:44,310.54,Nike,Minneapolis,Subscriptions,In-Store,64,Nurse,0
TXN-007229,ACCT-1138,2025-12-27 09:14:23,141.09,Grubhub,Miami,Dining,ATM,29,Accountant,0
TXN-007230,ACCT-1167,2025-11-03 16:35:14,286.37,Spotify,Seattle,Dining,In-Store,57,Manager,0
TXN-007231,ACCT-1157,2025-07-24 09:27:19,740.84,Trader Joes,San Diego,Subscriptions,ATM,57,Lawyer,0
TXN-007232,ACCT-1016,2025-07-30 14:54:33,102.5,Marriott,Miami,Entertainment,Online,26,Driver,0
TXN-007233,ACCT-1041,2025-11-05 12:08:49,100.72,Delta Airlines,Los Angeles,Shopping,Online,44,Designer,0
TXN-007234,ACCT-1072,2025-01-30 18:21:22,222.04,Whole Foods,San Diego,Education,Mobile App,53,Analyst,0
TXN-007235,ACCT-1142,2025-06-22 13:57:49,61.49,Nike,Los Angeles,Personal Care,Mobile App,36,Analyst,0
TXN-007236,ACCT-1004,2025-09-01 18:52:26,121.12,Apple Store,Denver,Dining,Online,28,Designer,0
TXN-007237,ACCT-1182,2025-05-14 08:19:17,520.5,Safeway,Denver,Utilities,Mobile App,55,Lawyer,0
TXN-007238,ACCT-1101,2025-02-24 09:18:55,70.11,Walgreens,Minneapolis,Dining,In-Store,24,Doctor,0
TXN-007239,ACCT-1095,2025-07-19 07:29:04,31.73,Netflix,San Diego,Groceries,Online,81,Doctor,0
TXN-007240,ACCT-1065,2025-05-05 14:51:00,950.8,UnknownVendor_X9,Phnom Penh,Shopping,Online,79,Analyst,1
TXN-007241,ACCT-1149,2025-11-29 11:17:29,109.5,Lyft,Los Angeles,Personal Care,In-Store,41,Sales Rep,0
TXN-007242,ACCT-1021,2025-02-07 11:42:46,36.54,Walmart,Phoenix,Transportation,Online,28,Teacher,0
TXN-007243,ACCT-1022,2025-01-18 13:04:47,160.51,Lyft,Detroit,Transportation,Mobile App,34,Analyst,0
TXN-007244,ACCT-1126,2025-09-22 22:19:00,750.0,CryptoXchange Ltd,Minneapolis,Shopping,Phone,30,Driver,1
TXN-007245,ACCT-1020,2025-03-02 10:23:02,56.99,Safeway,Detroit,Dining,Online,36,Engineer,0
TXN-007246,ACCT-1023,2025-03-20 11:21:33,136.34,Marriott,Dallas,Gas,Online,39,Retired,0
TXN-007247,ACCT-1107,2025-12-09 20:21:34,246.91,Lyft,Austin,Groceries,In-Store,63,Student,0
TXN-007248,ACCT-1137,2025-06-30 14:29:31,111.31,Starbucks,Miami,Travel,Online,41,Lawyer,0
TXN-007249,ACCT-1156,2025-05-28 18:49:32,36.06,Amazon,Atlanta,Dining,In-Store,18,Sales Rep,0
TXN-007250,ACCT-1168,2025-09-26 10:57:46,32.35,Shell Gas,Boston,Shopping,In-Store,82,Teacher,0
TXN-007251,ACCT-1018,2025-04-24 11:13:29,79.19,Uber,Seattle,Utilities,Mobile App,28,Retired,0
TXN-007252,ACCT-1082,2025-08-24 11:55:36,121.51,Shell Gas,Dallas,Utilities,In-Store,26,Driver,0
TXN-007253,ACCT-1135,2025-11-05 11:38:53,162.69,DoorDash,Los Angeles,Utilities,In-Store,37,Driver,0
TXN-007254,ACCT-1142,2025-03-20 13:32:57,138.54,McDonalds,Los Angeles,Healthcare,ATM,36,Analyst,0
TXN-007255,ACCT-1193,2025-09-23 17:38:02,110.65,Spotify,San Diego,Gas,Mobile App,42,Sales Rep,0
TXN-007256,ACCT-1017,2025-09-28 07:32:04,157.51,Safeway,San Diego,Entertainment,Online,76,Nurse,0
TXN-007257,ACCT-1079,2025-01-26 13:32:41,273.02,DoorDash,Phoenix,Entertainment,Mobile App,52,Retired,0
TXN-007258,ACCT-1113,2025-07-06 17:08:47,148.21,Home Depot,New York,Transportation,In-Store,41,Designer,0
TXN-007259,ACCT-1182,2025-04-06 21:10:10,179.3,Safeway,Denver,Entertainment,Online,55,Lawyer,0
TXN-007260,ACCT-1025,2025-03-23 10:41:28,205.28,Home Depot,New York,Education,Mobile App,43,Chef,0
TXN-007261,ACCT-1061,2025-07-13 08:50:35,91.28,Grubhub,Boston,Healthcare,In-Store,50,Analyst,0
TXN-007262,ACCT-1041,2025-08-23 20:04:10,108.67,Nike,Los Angeles,Groceries,Mobile App,44,Designer,0
TXN-007263,ACCT-1059,2025-12-21 09:31:14,368.43,United Airlines,Los Angeles,Travel,In-Store,48,Doctor,0
TXN-007264,ACCT-1084,2025-11-03 16:43:10,25.83,Chevron,Dallas,Gas,Online,24,Engineer,0
TXN-007265,ACCT-1158,2025-07-09 20:59:15,22.02,Apple Store,Nashville,Utilities,ATM,23,Doctor,0
TXN-007266,ACCT-1056,2025-03-01 12:46:45,111.99,Home Depot,Philadelphia,Travel,In-Store,39,Freelancer,0
TXN-007267,ACCT-1122,2025-03-11 12:41:18,247.05,CVS Pharmacy,Portland,Entertainment,Mobile App,34,Retired,0
TXN-007268,ACCT-1060,2025-01-29 12:23:48,261.21,United Airlines,Phoenix,Utilities,Online,42,Accountant,0
TXN-007269,ACCT-1038,2025-09-10 08:41:40,52.5,Chevron,Chicago,Education,In-Store,42,Nurse,0
TXN-007270,ACCT-1018,2025-09-15 07:30:08,66.05,Kroger,Phoenix,Transportation,In-Store,28,Retired,0
TXN-007271,ACCT-1132,2025-03-20 13:25:38,622.62,Whole Foods,San Diego,Shopping,In-Store,54,Manager,0
TXN-007272,ACCT-1046,2025-09-05 16:39:41,141.62,Trader Joes,Detroit,Travel,Online,27,Driver,0
TXN-007273,ACCT-1001,2025-08-08 17:33:03,412.2,Spotify,Minneapolis,Shopping,Online,64,Nurse,0
TXN-007274,ACCT-1071,2025-04-26 13:43:06,63.53,Home Depot,Nashville,Shopping,Phone,42,Analyst,0
TXN-007275,ACCT-1149,2025-06-19 18:21:17,169.87,Zara,Los Angeles,Entertainment,In-Store,41,Sales Rep,0
TXN-007276,ACCT-1008,2025-10-19 19:40:44,55.16,Chevron,Nashville,Shopping,Online,28,Retired,0
TXN-007277,ACCT-1095,2025-12-06 22:55:38,36.95,Nike,San Diego,Healthcare,Phone,81,Doctor,0
TXN-007278,ACCT-1036,2025-11-10 12:14:19,88.85,DoorDash,Miami,Dining,In-Store,21,Sales Rep,0
TXN-007279,ACCT-1165,2025-03-29 08:53:38,20.27,Chevron,San Antonio,Shopping,In-Store,22,Accountant,0
TXN-007280,ACCT-1100,2025-10-31 08:22:30,58.42,Delta Airlines,Phoenix,Dining,ATM,80,Manager,0
TXN-007281,ACCT-1135,2025-04-15 11:24:25,382.09,Costco,Los Angeles,Entertainment,Online,37,Driver,0
TXN-007282,ACCT-1158,2025-07-31 16:23:31,58.24,Netflix,Nashville,Groceries,Mobile App,23,Doctor,0
TXN-007283,ACCT-1120,2025-11-29 13:56:09,345.38,Hilton,Minneapolis,Groceries,ATM,54,Teacher,0
TXN-007284,ACCT-1101,2025-03-12 09:28:16,64.24,Airbnb,Minneapolis,Subscriptions,Mobile App,24,Doctor,0
TXN-007285,ACCT-1134,2025-02-22 08:35:25,429.12,Hilton,Nashville,Shopping,Online,56,Student,0
TXN-007286,ACCT-1068,2025-09-22 12:59:37,19.07,Netflix,Atlanta,Entertainment,In-Store,22,Accountant,0
TXN-007287,ACCT-1181,2025-11-26 10:59:46,108.66,Starbucks,Detroit,Healthcare,Mobile App,48,Manager,0
TXN-007288,ACCT-1123,2025-12-16 10:44:59,101.06,DoorDash,San Diego,Shopping,Online,37,Lawyer,0
TXN-007289,ACCT-1081,2025-08-03 11:12:15,81.61,Spotify,Chicago,Transportation,In-Store,77,Accountant,0
TXN-007290,ACCT-1163,2025-07-19 21:56:24,380.62,Whole Foods,Seattle,Education,In-Store,48,Teacher,0
TXN-007291,ACCT-1002,2025-11-25 14:54:15,117.46,Target,New York,Education,Mobile App,26,Lawyer,0
TXN-007292,ACCT-1132,2025-02-25 15:51:43,181.22,Grubhub,Miami,Travel,ATM,54,Manager,0
TXN-007293,ACCT-1132,2025-08-27 08:16:28,463.6,Apple Store,Miami,Personal Care,In-Store,54,Manager,0
TXN-007294,ACCT-1040,2025-05-21 08:26:07,368.62,Hilton,Miami,Subscriptions,ATM,29,Driver,0
TXN-007295,ACCT-1167,2025-03-03 13:34:20,250.27,Hilton,Seattle,Entertainment,Online,57,Manager,0
TXN-007296,ACCT-1001,2025-03-18 17:25:16,654.11,Nike,Minneapolis,Dining,ATM,64,Nurse,0
TXN-007297,ACCT-1043,2025-02-11 12:03:06,232.73,Amazon,Atlanta,Entertainment,Online,34,Manager,0
TXN-007298,ACCT-1147,2025-10-09 19:16:25,106.65,Zara,Atlanta,Personal Care,In-Store,75,Doctor,0
TXN-007299,ACCT-1021,2025-11-08 17:27:32,117.77,McDonalds,Phoenix,Gas,Online,28,Teacher,0
TXN-007300,ACCT-1008,2025-11-10 16:01:46,115.11,Shell Gas,Nashville,Education,Online,28,Retired,0
TXN-007301,ACCT-1198,2025-03-26 15:15:17,130.93,Delta Airlines,Houston,Healthcare,In-Store,53,Engineer,0
TXN-007302,ACCT-1182,2025-03-30 22:39:38,862.68,Safeway,Denver,Travel,ATM,55,Lawyer,0
TXN-007303,ACCT-1085,2025-04-12 15:26:04,146.82,Apple Store,Dallas,Dining,ATM,38,Student,0
TXN-007304,ACCT-1183,2025-11-17 17:50:55,189.41,Nike,Portland,Utilities,In-Store,60,Retired,0
TXN-007305,ACCT-1143,2025-10-28 19:06:47,43.32,Kroger,Minneapolis,Groceries,Mobile App,76,Retired,0
TXN-007306,ACCT-1090,2025-04-09 10:47:59,28.43,Safeway,Dallas,Gas,ATM,24,Retired,0
TXN-007307,ACCT-1069,2025-03-31 16:32:24,29.53,Grubhub,Minneapolis,Utilities,ATM,32,Manager,0
TXN-007308,ACCT-1179,2025-12-01 16:48:06,42.37,Costco,Nashville,Transportation,Mobile App,41,Engineer,0
TXN-007309,ACCT-1148,2025-03-11 08:24:53,54.74,Home Depot,Houston,Utilities,In-Store,23,Chef,0
TXN-007310,ACCT-1167,2025-12-11 15:40:47,293.62,Amazon,Seattle,Subscriptions,ATM,57,Manager,0
TXN-007311,ACCT-1189,2025-07-17 15:32:06,20.33,Starbucks,Detroit,Shopping,In-Store,23,Designer,0
TXN-007312,ACCT-1135,2025-10-15 12:56:06,114.49,Safeway,Los Angeles,Dining,ATM,37,Driver,0
TXN-007313,ACCT-1062,2025-08-20 19:56:40,351.51,Grubhub,Chicago,Utilities,Online,52,Student,0
TXN-007314,ACCT-1014,2025-09-02 13:21:46,424.14,Target,Nashville,Dining,Online,54,Chef,0
TXN-007315,ACCT-1185,2025-09-05 09:04:18,67.83,Zara,Chicago,Gas,Mobile App,58,Lawyer,1
TXN-007316,ACCT-1096,2025-01-22 16:21:06,73.23,Whole Foods,New York,Utilities,In-Store,30,Chef,0
TXN-007317,ACCT-1068,2025-11-21 15:43:51,23.44,Hilton,Atlanta,Gas,Mobile App,22,Accountant,0
TXN-007318,ACCT-1070,2025-11-09 20:49:44,621.12,Safeway,Portland,Transportation,In-Store,56,Student,0
TXN-007319,ACCT-1123,2025-10-01 13:28:22,50.64,DoorDash,San Diego,Utilities,In-Store,37,Lawyer,0
TXN-007320,ACCT-1019,2025-05-11 14:39:58,74.68,CVS Pharmacy,Chicago,Healthcare,Mobile App,41,Lawyer,0
TXN-007321,ACCT-1116,2025-03-28 18:51:35,39.01,CVS Pharmacy,San Francisco,Utilities,In-Store,19,Lawyer,0
TXN-007322,ACCT-1138,2025-05-10 15:26:39,143.27,Apple Store,Miami,Utilities,In-Store,29,Accountant,0
TXN-007323,ACCT-1130,2025-03-12 23:11:38,41.39,United Airlines,Detroit,Transportation,Mobile App,27,Lawyer,0
TXN-007324,ACCT-1036,2025-09-19 13:17:50,36.83,Spotify,Miami,Subscriptions,Online,21,Sales Rep,0
TXN-007325,ACCT-1062,2025-01-01 13:13:27,257.72,Grubhub,Chicago,Dining,ATM,52,Student,0
TXN-007326,ACCT-1168,2025-09-09 13:46:32,34.78,Lyft,Boston,Subscriptions,In-Store,82,Teacher,0
TXN-007327,ACCT-1075,2025-11-02 14:46:40,154.38,United Airlines,Denver,Transportation,Online,81,Accountant,0
TXN-007328,ACCT-1108,2025-09-08 14:39:58,278.03,McDonalds,Austin,Healthcare,In-Store,34,Retired,0
TXN-007329,ACCT-1018,2025-09-28 12:59:55,51.55,Costco,Seattle,Subscriptions,Phone,28,Retired,0
TXN-007330,ACCT-1143,2025-05-18 13:17:18,57.05,Netflix,Minneapolis,Shopping,Phone,76,Retired,0
TXN-007331,ACCT-1132,2025-10-10 10:37:02,393.28,Whole Foods,Miami,Entertainment,ATM,54,Manager,0
TXN-007332,ACCT-1181,2025-10-12 10:25:21,206.0,Nike,Detroit,Personal Care,In-Store,48,Manager,0
TXN-007333,ACCT-1103,2025-04-05 19:11:15,77.28,Hilton,Houston,Dining,In-Store,23,Sales Rep,0
TXN-007334,ACCT-1168,2025-12-04 12:30:15,180.67,Trader Joes,Denver,Transportation,Mobile App,82,Teacher,1
TXN-007335,ACCT-1171,2025-02-12 09:28:26,258.81,Trader Joes,Dallas,Education,Phone,57,Doctor,0
TXN-007336,ACCT-1076,2025-05-30 08:47:48,11.71,Shell Gas,Portland,Entertainment,ATM,18,Teacher,0
TXN-007337,ACCT-1195,2025-10-31 09:18:27,740.04,DoorDash,Houston,Utilities,ATM,46,Retired,0
TXN-007338,ACCT-1073,2025-04-27 16:38:01,130.73,Starbucks,Miami,Gas,Phone,34,Analyst,0
TXN-007339,ACCT-1052,2025-11-08 15:42:50,63.19,Target,San Antonio,Travel,Online,68,Accountant,0
TXN-007340,ACCT-1036,2025-09-10 09:29:30,35.3,Spotify,Miami,Transportation,In-Store,21,Sales Rep,0
TXN-007341,ACCT-1140,2025-08-22 09:28:05,100.62,Starbucks,Detroit,Groceries,In-Store,24,Teacher,0
TXN-007342,ACCT-1071,2025-08-22 15:26:22,59.45,Best Buy,Nashville,Entertainment,In-Store,42,Analyst,0
TXN-007343,ACCT-1085,2025-07-31 16:05:08,205.32,Apple Store,Dallas,Utilities,Mobile App,38,Student,0
TXN-007344,ACCT-1134,2025-06-10 11:34:03,436.46,Walmart,Miami,Education,In-Store,56,Student,0
TXN-007345,ACCT-1060,2025-03-11 11:48:56,234.66,Trader Joes,Phoenix,Groceries,Online,42,Accountant,0
TXN-007346,ACCT-1036,2025-12-29 18:55:11,35.14,Spotify,Miami,Healthcare,Phone,21,Sales Rep,0
TXN-007347,ACCT-1187,2025-08-04 13:26:08,215.78,McDonalds,San Antonio,Education,In-Store,28,Freelancer,0
TXN-007348,ACCT-1036,2025-12-22 02:55:18,20.87,DoorDash,Miami,Gas,In-Store,21,Sales Rep,0
TXN-007349,ACCT-1010,2025-04-12 10:34:56,18.75,Airbnb,Philadelphia,Shopping,Mobile App,19,Sales Rep,0
TXN-007350,ACCT-1026,2025-10-31 21:28:07,179.15,Home Depot,Detroit,Healthcare,In-Store,33,Lawyer,0
TXN-007351,ACCT-1044,2025-12-03 18:17:34,55.27,Grubhub,Portland,Shopping,ATM,73,Doctor,0
TXN-007352,ACCT-1037,2025-05-10 13:18:19,63.85,DoorDash,Atlanta,Transportation,Online,18,Designer,0
TXN-007353,ACCT-1179,2025-08-25 17:22:22,62.63,Delta Airlines,Nashville,Travel,In-Store,41,Engineer,0
TXN-007354,ACCT-1141,2025-04-21 08:06:53,171.35,Hilton,San Diego,Personal Care,Online,32,Engineer,0
TXN-007355,ACCT-1076,2025-03-20 18:52:54,26.1,United Airlines,Nashville,Subscriptions,Mobile App,18,Teacher,0
TXN-007356,ACCT-1173,2025-08-02 11:24:40,168.57,Lyft,Chicago,Subscriptions,ATM,44,Retired,0
TXN-007357,ACCT-1094,2025-06-26 17:37:03,214.81,Netflix,San Francisco,Entertainment,Online,48,Driver,0
TXN-007358,ACCT-1198,2025-01-03 20:06:22,330.96,Delta Airlines,Houston,Shopping,In-Store,53,Engineer,0
TXN-007359,ACCT-1136,2025-10-27 16:00:10,918.21,Uber,Boston,Groceries,Online,60,Sales Rep,0
TXN-007360,ACCT-1162,2025-07-02 09:36:35,452.17,Marriott,Denver,Utilities,Online,58,Retired,0
TXN-007361,ACCT-1087,2025-04-15 07:02:46,193.43,Walmart,Seattle,Entertainment,Online,61,Manager,0
TXN-007362,ACCT-1090,2025-02-05 13:00:09,146.78,Safeway,Dallas,Utilities,Online,24,Retired,0
TXN-007363,ACCT-1124,2025-03-08 17:38:13,104.64,McDonalds,Miami,Travel,In-Store,33,Analyst,0
TXN-007364,ACCT-1163,2025-10-17 10:57:00,492.26,Delta Airlines,Seattle,Transportation,Phone,48,Teacher,0
TXN-007365,ACCT-1006,2025-01-06 10:49:55,212.09,Starbucks,Atlanta,Utilities,Online,55,Nurse,0
TXN-007366,ACCT-1039,2025-09-09 13:16:00,1842.68,Delta Airlines,Houston,Entertainment,In-Store,82,Accountant,1
TXN-007367,ACCT-1182,2025-08-20 18:24:17,373.04,United Airlines,Denver,Transportation,ATM,55,Lawyer,0
TXN-007368,ACCT-1018,2025-07-20 11:08:00,1837.13,Spotify,Seattle,Shopping,Online,28,Retired,1
TXN-007369,ACCT-1178,2025-11-20 23:28:08,284.11,Safeway,Chicago,Transportation,Online,59,Retired,0
TXN-007370,ACCT-1004,2025-02-13 16:59:34,209.66,Delta Airlines,Denver,Transportation,Mobile App,28,Designer,0
TXN-007371,ACCT-1095,2025-04-14 20:39:17,129.91,Shell Gas,San Diego,Education,In-Store,81,Doctor,0
TXN-007372,ACCT-1061,2025-11-12 14:58:48,122.75,Marriott,Boston,Education,Online,50,Analyst,0
TXN-007373,ACCT-1160,2025-03-08 17:35:48,123.68,Uber,Denver,Dining,Mobile App,40,Nurse,0
TXN-007374,ACCT-1092,2025-07-04 11:16:59,512.48,Shell Gas,Houston,Transportation,Phone,32,Accountant,0
TXN-007375,ACCT-1111,2025-01-31 10:32:20,28.25,Marriott,Houston,Transportation,Online,22,Analyst,0
TXN-007376,ACCT-1013,2025-03-02 18:48:12,247.54,DoorDash,Phoenix,Subscriptions,Mobile App,45,Driver,0
TXN-007377,ACCT-1021,2025-09-03 17:29:22,60.64,Walmart,Phoenix,Shopping,Online,28,Teacher,0
TXN-007378,ACCT-1124,2025-05-18 13:10:04,192.06,Costco,Miami,Groceries,Mobile App,33,Analyst,0
TXN-007379,ACCT-1123,2025-08-02 15:38:44,29.47,Marriott,San Diego,Gas,Mobile App,37,Lawyer,0
TXN-007380,ACCT-1112,2025-12-03 14:20:44,31.74,Kroger,San Antonio,Dining,In-Store,23,Sales Rep,0
TXN-007381,ACCT-1097,2025-06-06 19:51:46,305.54,Spotify,Los Angeles,Travel,Online,52,Teacher,0
TXN-007382,ACCT-1123,2025-10-31 15:55:08,11.84,DoorDash,San Diego,Groceries,Online,37,Lawyer,0
TXN-007383,ACCT-1137,2025-10-05 08:05:49,69.89,Lyft,Miami,Healthcare,In-Store,41,Lawyer,0
TXN-007384,ACCT-1067,2025-10-01 11:14:24,464.62,Marriott,Boston,Education,Online,62,Doctor,0
TXN-007385,ACCT-1196,2025-07-17 13:35:55,498.84,United Airlines,Los Angeles,Groceries,Online,48,Freelancer,0
TXN-007386,ACCT-1066,2025-05-13 11:10:07,156.57,Delta Airlines,Houston,Personal Care,Online,38,Teacher,0
TXN-007387,ACCT-1016,2025-04-17 09:44:26,278.1,Marriott,Atlanta,Utilities,Online,26,Driver,0
TXN-007388,ACCT-1043,2025-12-19 21:30:18,343.74,McDonalds,Denver,Shopping,In-Store,34,Manager,0
TXN-007389,ACCT-1044,2025-07-17 12:43:56,32.02,Target,San Francisco,Personal Care,Mobile App,73,Doctor,0
TXN-007390,ACCT-1012,2025-12-16 14:52:12,56.78,McDonalds,Denver,Dining,Mobile App,22,Teacher,0
TXN-007391,ACCT-1066,2025-07-21 08:20:08,200.88,Delta Airlines,Houston,Dining,Online,38,Teacher,0
TXN-007392,ACCT-1092,2025-11-18 18:09:56,109.11,CVS Pharmacy,Portland,Entertainment,In-Store,32,Accountant,0
TXN-007393,ACCT-1183,2025-08-17 18:11:20,241.56,Uber,Portland,Travel,ATM,60,Retired,0
TXN-007394,ACCT-1111,2025-05-31 21:11:10,100.28,Target,Houston,Shopping,In-Store,22,Analyst,0
TXN-007395,ACCT-1064,2025-04-04 23:48:20,41.82,CVS Pharmacy,Austin,Shopping,Online,19,Driver,0
TXN-007396,ACCT-1059,2025-11-20 00:29:12,428.98,United Airlines,Los Angeles,Entertainment,Online,48,Doctor,0
TXN-007397,ACCT-1175,2025-03-27 10:41:22,409.0,Netflix,Los Angeles,Travel,Mobile App,59,Student,0
TXN-007398,ACCT-1115,2025-05-07 11:52:08,84.9,Netflix,San Francisco,Education,Mobile App,40,Sales Rep,0
TXN-007399,ACCT-1088,2025-02-19 12:24:28,52.34,Whole Foods,Philadelphia,Gas,In-Store,33,Designer,0
TXN-007400,ACCT-1123,2025-08-10 09:15:04,38.7,DoorDash,Houston,Travel,In-Store,37,Lawyer,0
TXN-007401,ACCT-1183,2025-10-07 16:53:14,204.41,Nike,Portland,Transportation,Mobile App,60,Retired,0
TXN-007402,ACCT-1019,2025-03-19 13:50:01,143.01,Uber,Chicago,Entertainment,ATM,41,Lawyer,0
TXN-007403,ACCT-1050,2025-03-30 13:35:13,114.33,CVS Pharmacy,Philadelphia,Education,Online,43,Designer,0
TXN-007404,ACCT-1179,2025-05-27 13:56:41,18.2,Apple Store,Nashville,Transportation,Mobile App,41,Engineer,0
TXN-007405,ACCT-1124,2025-09-17 22:47:54,84.46,Amazon,Miami,Shopping,ATM,33,Analyst,0
TXN-007406,ACCT-1110,2025-12-26 13:03:54,125.23,Home Depot,Dallas,Entertainment,Online,34,Analyst,0
TXN-007407,ACCT-1052,2025-08-21 14:50:32,69.81,Shell Gas,New York,Groceries,Mobile App,68,Accountant,0
TXN-007408,ACCT-1066,2025-12-07 09:13:57,196.64,Spotify,Houston,Utilities,In-Store,38,Teacher,0
TXN-007409,ACCT-1173,2025-11-01 12:12:56,55.93,Shell Gas,Austin,Gas,In-Store,44,Retired,0
TXN-007410,ACCT-1048,2025-12-07 11:56:37,169.04,Nike,San Antonio,Entertainment,In-Store,25,Lawyer,0
TXN-007411,ACCT-1041,2025-09-20 13:15:36,88.47,McDonalds,Los Angeles,Gas,In-Store,44,Designer,0
TXN-007412,ACCT-1083,2025-10-18 12:21:07,274.33,DoorDash,Detroit,Dining,Online,52,Freelancer,0
TXN-007413,ACCT-1134,2025-07-05 19:28:34,199.89,Chevron,Miami,Entertainment,In-Store,56,Student,0
TXN-007414,ACCT-1057,2025-07-19 19:14:07,138.08,Home Depot,Seattle,Travel,Online,55,Analyst,0
TXN-007415,ACCT-1102,2025-03-05 12:32:33,183.83,Grubhub,Miami,Education,Mobile App,30,Accountant,0
TXN-007416,ACCT-1181,2025-04-27 11:03:47,198.06,Grubhub,Detroit,Education,In-Store,48,Manager,0
TXN-007417,ACCT-1016,2025-12-07 14:10:59,127.73,Uber,Miami,Transportation,Mobile App,26,Driver,0
TXN-007418,ACCT-1139,2025-04-07 14:06:54,132.21,Target,Los Angeles,Education,Online,40,Driver,0
TXN-007419,ACCT-1098,2025-12-27 16:33:00,1000.0,Best Buy,Los Angeles,Shopping,ATM,37,Sales Rep,1
TXN-007420,ACCT-1090,2025-10-04 11:03:18,106.19,Walgreens,Dallas,Education,In-Store,24,Retired,0
TXN-007421,ACCT-1060,2025-06-12 15:02:31,125.26,DoorDash,Phoenix,Transportation,Mobile App,42,Accountant,0
TXN-007422,ACCT-1000,2025-12-26 19:50:20,136.86,Hilton,Minneapolis,Personal Care,Mobile App,59,Freelancer,0
TXN-007423,ACCT-1094,2025-11-25 03:44:00,446.31,Best Buy,San Francisco,Entertainment,Online,48,Driver,1
TXN-007424,ACCT-1019,2025-10-21 18:53:56,58.5,Uber,Chicago,Transportation,Online,41,Lawyer,0
TXN-007425,ACCT-1155,2025-09-15 11:24:24,51.09,Shell Gas,Los Angeles,Shopping,In-Store,35,Accountant,0
TXN-007426,ACCT-1035,2025-11-13 22:17:06,105.1,Starbucks,Houston,Travel,In-Store,36,Chef,0
TXN-007427,ACCT-1144,2025-01-10 07:26:41,136.7,Apple Store,San Antonio,Healthcare,Mobile App,27,Chef,0
TXN-007428,ACCT-1185,2025-03-22 09:49:57,349.15,McDonalds,New York,Healthcare,Phone,58,Lawyer,0
TXN-007429,ACCT-1194,2025-01-13 18:56:31,339.77,Whole Foods,San Diego,Entertainment,Phone,84,Lawyer,0
TXN-007430,ACCT-1154,2025-04-12 17:27:54,147.87,DoorDash,San Diego,Transportation,Phone,34,Teacher,0
TXN-007431,ACCT-1074,2025-02-04 20:08:30,149.22,Best Buy,Miami,Healthcare,Mobile App,42,Freelancer,0
TXN-007432,ACCT-1084,2025-02-04 17:46:24,41.9,Starbucks,Dallas,Travel,Online,24,Engineer,0
TXN-007433,ACCT-1134,2025-08-19 10:36:49,560.6,Walmart,Miami,Shopping,Mobile App,56,Student,0
TXN-007434,ACCT-1036,2025-06-11 14:56:56,12.52,Spotify,Miami,Entertainment,Mobile App,21,Sales Rep,0
TXN-007435,ACCT-1013,2025-11-24 16:25:48,185.29,McDonalds,Houston,Shopping,Online,45,Driver,0
TXN-007436,ACCT-1056,2025-09-09 12:15:52,187.04,Walmart,Philadelphia,Subscriptions,Online,39,Freelancer,0
TXN-007437,ACCT-1027,2025-03-04 20:44:23,136.14,Chevron,Houston,Healthcare,Online,28,Sales Rep,0
TXN-007438,ACCT-1124,2025-04-30 11:20:09,113.35,Costco,Miami,Utilities,In-Store,33,Analyst,0
TXN-007439,ACCT-1178,2025-10-25 15:04:45,275.21,Marriott,Chicago,Groceries,In-Store,59,Retired,0
TXN-007440,ACCT-1120,2025-11-11 06:50:18,429.64,Nike,Minneapolis,Transportation,Mobile App,54,Teacher,0
TXN-007441,ACCT-1067,2025-10-06 16:21:25,411.61,Costco,Boston,Gas,In-Store,62,Doctor,0
TXN-007442,ACCT-1024,2025-12-21 15:19:19,192.22,Netflix,Portland,Travel,Online,44,Lawyer,0
TXN-007443,ACCT-1120,2025-11-27 09:34:10,329.56,Hilton,Minneapolis,Travel,Online,54,Teacher,0
TXN-007444,ACCT-1147,2025-08-29 16:00:51,104.84,Walmart,Atlanta,Education,Online,75,Doctor,0
TXN-007445,ACCT-1060,2025-04-13 13:33:00,1566.88,QuickWire Transfers,Tirana,Shopping,Online,42,Accountant,1
TXN-007446,ACCT-1136,2025-12-11 16:31:08,558.1,Starbucks,Boston,Shopping,Online,60,Sales Rep,0
TXN-007447,ACCT-1002,2025-04-02 10:14:28,155.16,Target,New York,Transportation,In-Store,26,Lawyer,0
TXN-007448,ACCT-1133,2025-08-01 08:17:48,48.58,Starbucks,Nashville,Utilities,In-Store,19,Student,0
TXN-007449,ACCT-1043,2025-03-31 18:17:29,291.3,Best Buy,Atlanta,Transportation,Online,34,Manager,0
TXN-007450,ACCT-1154,2025-11-17 09:31:02,114.9,Whole Foods,San Diego,Gas,Online,34,Teacher,0
TXN-007451,ACCT-1110,2025-09-24 19:56:00,191.41,CryptoXchange Ltd,Lagos,Travel,Online,34,Analyst,1
TXN-007452,ACCT-1103,2025-06-23 09:31:30,49.71,Hilton,San Antonio,Dining,Online,23,Sales Rep,0
TXN-007453,ACCT-1138,2025-12-06 13:46:45,113.45,Uber,Miami,Personal Care,Mobile App,29,Accountant,0
TXN-007454,ACCT-1039,2025-01-18 18:26:35,116.44,Delta Airlines,Houston,Subscriptions,In-Store,82,Accountant,0
TXN-007455,ACCT-1141,2025-09-10 16:58:42,78.56,Lyft,San Diego,Groceries,In-Store,32,Engineer,0
TXN-007456,ACCT-1068,2025-07-22 02:44:00,272.63,Apple Store,Atlanta,Shopping,Online,22,Accountant,1
TXN-007457,ACCT-1019,2025-04-05 21:23:21,172.29,Zara,Chicago,Shopping,In-Store,41,Lawyer,0
TXN-007458,ACCT-1013,2025-08-19 18:05:06,395.2,DoorDash,Houston,Utilities,In-Store,45,Driver,0
TXN-007459,ACCT-1049,2025-03-28 15:50:36,277.55,Zara,Chicago,Travel,Online,48,Accountant,0
TXN-007460,ACCT-1154,2025-03-14 10:08:17,174.41,DoorDash,San Diego,Entertainment,Online,34,Teacher,0
TXN-007461,ACCT-1046,2025-04-30 21:09:49,68.16,Target,Philadelphia,Transportation,Online,27,Driver,0
TXN-007462,ACCT-1060,2025-09-16 06:34:55,241.98,DoorDash,Phoenix,Entertainment,In-Store,42,Accountant,0
TXN-007463,ACCT-1009,2025-06-05 16:54:02,104.2,Costco,Austin,Shopping,Mobile App,69,Analyst,0
TXN-007464,ACCT-1013,2025-01-02 14:07:09,243.65,Grubhub,Houston,Healthcare,ATM,45,Driver,0
TXN-007465,ACCT-1102,2025-04-05 13:23:49,187.24,Marriott,Dallas,Utilities,In-Store,30,Accountant,0
TXN-007466,ACCT-1076,2025-07-04 20:31:34,11.23,Grubhub,Portland,Education,Online,18,Teacher,0
TXN-007467,ACCT-1181,2025-08-27 17:41:35,297.8,Starbucks,San Antonio,Healthcare,Online,48,Manager,0
TXN-007468,ACCT-1131,2025-06-26 19:21:12,125.02,CVS Pharmacy,Dallas,Utilities,Mobile App,34,Lawyer,0
TXN-007469,ACCT-1150,2025-10-23 17:18:19,13.73,Costco,Boston,Personal Care,Online,24,Manager,0
TXN-007470,ACCT-1082,2025-02-09 21:09:09,122.04,Shell Gas,Philadelphia,Groceries,In-Store,26,Driver,0
TXN-007471,ACCT-1098,2025-03-24 03:35:43,81.99,Kroger,Houston,Travel,In-Store,37,Sales Rep,0
TXN-007472,ACCT-1035,2025-09-25 14:07:21,188.11,Whole Foods,Detroit,Subscriptions,Online,36,Chef,0
TXN-007473,ACCT-1099,2025-07-09 14:55:51,35.82,Nike,Detroit,Groceries,Mobile App,32,Sales Rep,0
TXN-007474,ACCT-1086,2025-07-24 16:23:11,55.45,Hilton,Philadelphia,Travel,Mobile App,20,Manager,0
TXN-007475,ACCT-1168,2025-12-24 08:03:41,65.39,Chevron,Boston,Education,Mobile App,82,Teacher,0
TXN-007476,ACCT-1007,2025-10-31 12:03:02,156.48,Whole Foods,Atlanta,Gas,Online,66,Sales Rep,0
TXN-007477,ACCT-1137,2025-01-12 13:17:22,148.91,Marriott,Austin,Gas,Mobile App,41,Lawyer,0
TXN-007478,ACCT-1043,2025-03-05 12:00:48,548.41,Amazon,Atlanta,Personal Care,Mobile App,34,Manager,0
TXN-007479,ACCT-1027,2025-04-25 21:38:58,188.01,Nike,Houston,Subscriptions,Online,28,Sales Rep,0
TXN-007480,ACCT-1101,2025-10-08 09:32:43,32.68,Zara,Houston,Subscriptions,Mobile App,24,Doctor,0
TXN-007481,ACCT-1182,2025-03-20 08:49:28,179.78,United Airlines,Denver,Education,In-Store,55,Lawyer,0
TXN-007482,ACCT-1077,2025-12-01 10:45:37,37.63,Walgreens,Seattle,Transportation,In-Store,80,Driver,0
TXN-007483,ACCT-1181,2025-09-29 17:14:54,170.56,Starbucks,Chicago,Gas,Online,48,Manager,0
TXN-007484,ACCT-1129,2025-12-08 07:33:23,35.1,Hilton,Chicago,Dining,Mobile App,32,Sales Rep,0
TXN-007485,ACCT-1141,2025-02-09 18:35:05,148.88,Kroger,San Diego,Shopping,Mobile App,32,Engineer,0
TXN-007486,ACCT-1137,2025-01-26 08:41:29,101.63,Starbucks,Miami,Transportation,Mobile App,41,Lawyer,0
TXN-007487,ACCT-1072,2025-07-24 11:25:54,407.04,Shell Gas,San Diego,Personal Care,Online,53,Analyst,0
TXN-007488,ACCT-1031,2025-08-06 23:23:01,89.5,Costco,San Antonio,Utilities,Online,71,Doctor,0
TXN-007489,ACCT-1095,2025-05-27 17:07:48,144.15,Safeway,San Diego,Groceries,Online,81,Doctor,0
TXN-007490,ACCT-1177,2025-11-03 11:57:44,12.74,Whole Foods,Portland,Travel,ATM,24,Teacher,0
TXN-007491,ACCT-1052,2025-01-25 19:39:50,63.14,Grubhub,Philadelphia,Subscriptions,In-Store,68,Accountant,0
TXN-007492,ACCT-1173,2025-01-09 09:43:12,146.23,Spotify,Chicago,Utilities,Phone,44,Retired,0
TXN-007493,ACCT-1149,2025-02-07 08:20:21,150.85,Delta Airlines,Los Angeles,Personal Care,Mobile App,41,Sales Rep,0
TXN-007494,ACCT-1145,2025-10-23 18:00:32,105.95,Grubhub,Denver,Shopping,Mobile App,19,Chef,0
TXN-007495,ACCT-1196,2025-06-14 12:52:43,532.35,Target,Los Angeles,Shopping,In-Store,48,Freelancer,0
TXN-007496,ACCT-1051,2025-06-15 13:24:00,132.62,Safeway,Phoenix,Entertainment,Online,45,Chef,0
TXN-007497,ACCT-1105,2025-05-26 13:31:28,238.88,Spotify,New York,Personal Care,Online,51,Teacher,0
TXN-007498,ACCT-1028,2025-11-06 17:41:39,28.4,Shell Gas,Seattle,Education,Online,23,Freelancer,0
TXN-007499,ACCT-1133,2025-06-15 17:25:16,53.44,Kroger,Nashville,Utilities,ATM,19,Student,0
TXN-007500,ACCT-1183,2025-01-11 12:39:29,561.21,Uber,Portland,Healthcare,Mobile App,60,Retired,0
TXN-007501,ACCT-1151,2025-01-24 11:18:49,388.29,Amazon,Denver,Gas,In-Store,36,Retired,0
TXN-007502,ACCT-1145,2025-03-31 14:35:48,17.71,Costco,Nashville,Healthcare,Mobile App,19,Chef,0
TXN-007503,ACCT-1042,2025-03-13 12:36:35,149.91,Lyft,Seattle,Travel,Online,50,Sales Rep,0
TXN-007504,ACCT-1037,2025-06-19 21:02:32,79.29,DoorDash,Atlanta,Groceries,Online,18,Designer,0
TXN-007505,ACCT-1100,2025-03-27 18:25:40,100.58,McDonalds,Phoenix,Entertainment,Mobile App,80,Manager,0
TXN-007506,ACCT-1090,2025-09-14 10:23:33,43.38,Walgreens,Dallas,Travel,Online,24,Retired,0
TXN-007507,ACCT-1016,2025-09-21 19:53:21,105.46,Marriott,Miami,Subscriptions,Mobile App,26,Driver,0
TXN-007508,ACCT-1159,2025-09-07 19:57:09,231.3,Spotify,Detroit,Education,Online,39,Student,0
TXN-007509,ACCT-1034,2025-04-20 16:32:28,95.86,Zara,Philadelphia,Dining,In-Store,41,Lawyer,0
TXN-007510,ACCT-1100,2025-12-26 13:27:09,73.37,McDonalds,Phoenix,Groceries,Online,80,Manager,0
TXN-007511,ACCT-1073,2025-08-21 21:53:05,159.62,Uber,Miami,Dining,Mobile App,34,Analyst,0
TXN-007512,ACCT-1096,2025-08-12 16:58:07,89.35,Safeway,New York,Travel,Online,30,Chef,0
TXN-007513,ACCT-1021,2025-02-09 19:29:43,116.01,Delta Airlines,Phoenix,Entertainment,Online,28,Teacher,0
TXN-007514,ACCT-1118,2025-05-01 19:21:15,154.97,Trader Joes,Detroit,Personal Care,Online,37,Designer,0
TXN-007515,ACCT-1067,2025-06-28 13:48:17,195.14,Costco,Portland,Education,Mobile App,62,Doctor,0
TXN-007516,ACCT-1094,2025-09-10 13:22:51,512.41,Lyft,San Francisco,Entertainment,In-Store,48,Driver,0
TXN-007517,ACCT-1144,2025-09-02 18:17:23,65.77,Apple Store,San Antonio,Shopping,In-Store,27,Chef,0
TXN-007518,ACCT-1114,2025-01-14 19:36:37,28.96,Starbucks,Austin,Dining,Online,65,Teacher,0
TXN-007519,ACCT-1016,2025-03-04 11:54:38,158.61,Marriott,Miami,Travel,In-Store,26,Driver,0
TXN-007520,ACCT-1059,2025-10-03 15:33:34,459.84,United Airlines,Los Angeles,Healthcare,In-Store,48,Doctor,0
TXN-007521,ACCT-1027,2025-03-04 13:29:11,204.07,Uber,Houston,Personal Care,In-Store,28,Sales Rep,0
TXN-007522,ACCT-1048,2025-03-22 12:52:31,55.8,United Airlines,San Antonio,Education,ATM,25,Lawyer,0
TXN-007523,ACCT-1101,2025-08-17 10:43:24,31.06,Netflix,Minneapolis,Gas,Online,24,Doctor,0
TXN-007524,ACCT-1039,2025-07-30 04:00:14,140.71,United Airlines,Houston,Groceries,Mobile App,82,Accountant,0
TXN-007525,ACCT-1086,2025-05-29 18:20:26,52.96,McDonalds,Philadelphia,Personal Care,In-Store,20,Manager,0
TXN-007526,ACCT-1118,2025-06-18 08:54:37,129.29,Best Buy,New York,Shopping,Online,37,Designer,0
TXN-007527,ACCT-1178,2025-04-22 19:53:07,434.4,Shell Gas,Chicago,Shopping,Online,59,Retired,0
TXN-007528,ACCT-1146,2025-11-20 14:11:30,53.49,CVS Pharmacy,Atlanta,Entertainment,Mobile App,39,Accountant,0
TXN-007529,ACCT-1155,2025-07-08 15:02:08,165.49,Kroger,Los Angeles,Transportation,Phone,35,Accountant,0
TXN-007530,ACCT-1129,2025-01-30 17:24:20,30.09,Hilton,Chicago,Personal Care,Online,32,Sales Rep,0
TXN-007531,ACCT-1097,2025-01-01 08:16:25,280.92,Starbucks,San Francisco,Transportation,Mobile App,52,Teacher,0
TXN-007532,ACCT-1100,2025-01-03 16:40:34,62.6,McDonalds,Phoenix,Utilities,In-Store,80,Manager,0
TXN-007533,ACCT-1111,2025-02-02 12:49:39,58.44,Marriott,Houston,Transportation,Online,22,Analyst,0
TXN-007534,ACCT-1077,2025-07-03 17:50:39,32.11,Whole Foods,Seattle,Education,Online,80,Driver,0
TXN-007535,ACCT-1051,2025-06-30 14:12:01,345.03,Safeway,Phoenix,Subscriptions,In-Store,45,Chef,0
TXN-007536,ACCT-1179,2025-01-12 16:20:48,52.0,Best Buy,Nashville,Healthcare,Online,41,Engineer,0
TXN-007537,ACCT-1158,2025-12-23 08:36:36,41.14,Kroger,Nashville,Utilities,Online,23,Doctor,0
TXN-007538,ACCT-1001,2025-02-26 13:41:43,127.15,Nike,New York,Transportation,Online,64,Nurse,0
TXN-007539,ACCT-1054,2025-12-05 17:31:43,127.65,Shell Gas,Nashville,Gas,Online,80,Retired,0
TXN-007540,ACCT-1064,2025-09-11 20:07:43,38.5,Delta Airlines,San Antonio,Healthcare,Online,19,Driver,0
TXN-007541,ACCT-1194,2025-10-20 17:29:14,64.17,Trader Joes,San Francisco,Shopping,Mobile App,84,Lawyer,0
TXN-007542,ACCT-1037,2025-02-26 09:14:01,48.92,Zara,Atlanta,Gas,Mobile App,18,Designer,0
TXN-007543,ACCT-1026,2025-11-16 15:52:52,71.31,Walgreens,New York,Healthcare,Mobile App,33,Lawyer,0
TXN-007544,ACCT-1160,2025-01-13 19:01:37,413.35,Spotify,Denver,Dining,In-Store,40,Nurse,0
TXN-007545,ACCT-1136,2025-04-17 20:01:13,217.53,Uber,Boston,Shopping,Phone,60,Sales Rep,0
TXN-007546,ACCT-1131,2025-12-17 19:18:19,104.63,Costco,Dallas,Groceries,Online,34,Lawyer,1
TXN-007547,ACCT-1185,2025-03-02 11:06:08,199.53,Whole Foods,New York,Utilities,Online,58,Lawyer,0
TXN-007548,ACCT-1146,2025-05-18 16:11:18,57.03,Grubhub,Atlanta,Travel,Online,39,Accountant,0
TXN-007549,ACCT-1058,2025-08-31 10:57:09,332.13,Nike,San Diego,Utilities,In-Store,36,Designer,0
TXN-007550,ACCT-1024,2025-11-30 12:55:52,146.49,Spotify,Portland,Education,In-Store,44,Lawyer,0
TXN-007551,ACCT-1041,2025-07-06 16:56:32,472.21,Shell Gas,Miami,Travel,Online,44,Designer,0
TXN-007552,ACCT-1020,2025-07-19 20:20:55,234.88,Kroger,Detroit,Dining,Online,36,Engineer,0
TXN-007553,ACCT-1067,2025-09-27 16:49:16,242.33,Costco,Boston,Entertainment,Mobile App,62,Doctor,0
TXN-007554,ACCT-1070,2025-06-08 17:45:41,406.33,United Airlines,Portland,Utilities,In-Store,56,Student,0
TXN-007555,ACCT-1158,2025-08-24 14:31:27,16.7,Netflix,Nashville,Groceries,Mobile App,23,Doctor,0
TXN-007556,ACCT-1040,2025-02-02 04:23:30,219.44,Apple Store,Miami,Gas,ATM,29,Driver,0
TXN-007557,ACCT-1087,2025-04-22 12:19:57,165.0,Chevron,Miami,Personal Care,Online,61,Manager,0
TXN-007558,ACCT-1172,2025-01-27 06:55:57,50.22,Whole Foods,Austin,Transportation,Phone,25,Nurse,0
TXN-007559,ACCT-1001,2025-03-09 12:20:13,398.54,Whole Foods,Minneapolis,Personal Care,Online,64,Nurse,0
TXN-007560,ACCT-1013,2025-02-01 10:27:53,131.08,DoorDash,Houston,Gas,Online,45,Driver,0
TXN-007561,ACCT-1053,2025-08-11 11:36:20,42.33,Netflix,Philadelphia,Personal Care,In-Store,20,Student,0
TXN-007562,ACCT-1077,2025-11-24 11:28:46,18.66,Delta Airlines,Seattle,Personal Care,In-Store,80,Driver,0
TXN-007563,ACCT-1134,2025-05-14 20:44:50,415.12,Walmart,Miami,Shopping,Online,56,Student,0
TXN-007564,ACCT-1111,2025-06-03 15:51:25,36.77,CVS Pharmacy,Houston,Personal Care,In-Store,22,Analyst,0
TXN-007565,ACCT-1185,2025-08-16 11:37:02,186.45,Whole Foods,New York,Utilities,In-Store,58,Lawyer,0
TXN-007566,ACCT-1173,2025-02-09 20:44:15,104.95,Spotify,Chicago,Subscriptions,In-Store,44,Retired,0
TXN-007567,ACCT-1021,2025-08-23 13:05:00,111.2,Walmart,Phoenix,Shopping,Online,28,Teacher,0
TXN-007568,ACCT-1030,2025-10-23 08:35:12,290.21,Kroger,Seattle,Utilities,In-Store,48,Manager,0
TXN-007569,ACCT-1103,2025-03-22 14:56:05,21.22,Kroger,Atlanta,Utilities,Mobile App,23,Sales Rep,0
TXN-007570,ACCT-1023,2025-11-03 12:10:02,25.54,McDonalds,Dallas,Transportation,Online,39,Retired,0
TXN-007571,ACCT-1019,2025-06-06 14:00:19,169.43,Costco,Chicago,Utilities,Phone,41,Lawyer,0
TXN-007572,ACCT-1124,2025-03-23 09:01:38,114.19,Amazon,Miami,Transportation,In-Store,33,Analyst,0
TXN-007573,ACCT-1101,2025-12-08 16:55:36,70.21,Delta Airlines,Minneapolis,Entertainment,Online,24,Doctor,0
TXN-007574,ACCT-1173,2025-04-04 19:57:06,676.91,Safeway,Los Angeles,Education,ATM,44,Retired,0
TXN-007575,ACCT-1083,2025-07-29 11:59:39,253.14,Grubhub,Detroit,Education,In-Store,52,Freelancer,0
TXN-007576,ACCT-1190,2025-11-18 16:57:00,1596.98,OffshorePay Inc,Tirana,Shopping,Online,40,Teacher,1
TXN-007577,ACCT-1191,2025-12-26 10:57:48,646.4,Grubhub,San Francisco,Utilities,Online,61,Designer,0
TXN-007578,ACCT-1162,2025-12-29 11:45:13,385.57,Marriott,Denver,Travel,Phone,58,Retired,0
TXN-007579,ACCT-1185,2025-03-03 13:58:13,114.78,Best Buy,San Antonio,Gas,Online,58,Lawyer,0
TXN-007580,ACCT-1178,2025-08-08 17:29:08,299.69,Amazon,Chicago,Healthcare,Online,59,Retired,0
TXN-007581,ACCT-1081,2025-04-22 08:33:48,33.18,Spotify,Denver,Transportation,In-Store,77,Accountant,0
TXN-007582,ACCT-1061,2025-02-07 18:02:36,159.03,Grubhub,Boston,Groceries,Mobile App,50,Analyst,0
TXN-007583,ACCT-1044,2025-09-19 10:06:18,204.26,McDonalds,Portland,Groceries,Mobile App,73,Doctor,0
TXN-007584,ACCT-1168,2025-07-16 10:14:41,34.42,Chevron,Boston,Shopping,Online,82,Teacher,0
TXN-007585,ACCT-1155,2025-10-23 10:20:14,108.97,Shell Gas,Houston,Healthcare,In-Store,35,Accountant,0
TXN-007586,ACCT-1125,2025-01-23 16:52:10,261.55,Marriott,Atlanta,Personal Care,In-Store,61,Teacher,0
TXN-007587,ACCT-1088,2025-12-23 13:06:48,208.28,Kroger,Phoenix,Shopping,In-Store,33,Designer,0
TXN-007588,ACCT-1039,2025-04-05 09:38:18,154.74,Walgreens,Houston,Travel,Online,82,Accountant,0
TXN-007589,ACCT-1014,2025-01-29 14:25:43,222.79,Target,Nashville,Utilities,Mobile App,54,Chef,0
TXN-007590,ACCT-1057,2025-12-18 17:17:40,153.95,Lyft,Seattle,Travel,ATM,55,Analyst,0
TXN-007591,ACCT-1133,2025-04-01 13:50:24,18.32,Grubhub,Nashville,Transportation,In-Store,19,Student,0
TXN-007592,ACCT-1014,2025-04-23 08:30:49,186.48,Kroger,Denver,Shopping,In-Store,54,Chef,0
TXN-007593,ACCT-1179,2025-03-26 22:09:49,70.04,Marriott,Nashville,Groceries,In-Store,41,Engineer,0
TXN-007594,ACCT-1067,2025-04-02 15:49:22,96.56,Amazon,Boston,Groceries,Online,62,Doctor,0
TXN-007595,ACCT-1027,2025-11-27 18:31:40,73.86,Walgreens,Portland,Shopping,Online,28,Sales Rep,0
TXN-007596,ACCT-1080,2025-12-26 18:52:00,1782.88,Lyft,Seattle,Shopping,Online,79,Freelancer,1
TXN-007597,ACCT-1194,2025-04-29 17:19:01,81.54,Zara,San Diego,Entertainment,ATM,84,Lawyer,0
TXN-007598,ACCT-1135,2025-03-14 18:33:52,144.07,Costco,Los Angeles,Shopping,Online,37,Driver,0
TXN-007599,ACCT-1108,2025-06-19 22:36:02,93.33,McDonalds,San Francisco,Subscriptions,Online,34,Retired,0
TXN-007600,ACCT-1085,2025-07-08 17:20:32,236.03,Hilton,Austin,Personal Care,Online,38,Student,0
TXN-007601,ACCT-1050,2025-06-05 13:47:51,176.64,Walmart,Minneapolis,Healthcare,Online,43,Designer,0
TXN-007602,ACCT-1169,2025-11-11 14:30:50,169.95,Nike,Chicago,Utilities,Online,36,Designer,0
TXN-007603,ACCT-1006,2025-01-04 21:01:47,441.78,Starbucks,Atlanta,Gas,Online,55,Nurse,0
TXN-007604,ACCT-1172,2025-10-14 12:28:41,82.44,Whole Foods,Austin,Education,In-Store,25,Nurse,0
TXN-007605,ACCT-1135,2025-09-11 12:12:37,192.1,Delta Airlines,Atlanta,Entertainment,Online,37,Driver,0
TXN-007606,ACCT-1075,2025-12-02 16:01:48,97.07,Safeway,Denver,Groceries,Online,81,Accountant,0
TXN-007607,ACCT-1034,2025-12-26 23:39:38,157.02,Zara,Philadelphia,Transportation,ATM,41,Lawyer,0
TXN-007608,ACCT-1102,2025-08-29 13:14:23,247.24,Grubhub,Portland,Shopping,In-Store,30,Accountant,0
TXN-007609,ACCT-1058,2025-02-08 11:48:25,204.73,Amazon,Boston,Shopping,Phone,36,Designer,0
TXN-007610,ACCT-1107,2025-01-26 11:36:10,95.64,Home Depot,Austin,Travel,Mobile App,63,Student,0
TXN-007611,ACCT-1111,2025-06-19 13:42:48,90.68,Kroger,Houston,Gas,In-Store,22,Analyst,0
TXN-007612,ACCT-1080,2025-10-30 09:46:49,126.86,McDonalds,Seattle,Subscriptions,In-Store,79,Freelancer,0
TXN-007613,ACCT-1134,2025-02-14 12:14:08,325.1,Whole Foods,Miami,Shopping,Online,56,Student,0
TXN-007614,ACCT-1096,2025-05-20 16:43:42,190.94,Shell Gas,New York,Groceries,Online,30,Chef,0
TXN-007615,ACCT-1187,2025-01-20 20:56:35,172.57,Lyft,San Antonio,Personal Care,Phone,28,Freelancer,0
TXN-007616,ACCT-1007,2025-05-29 18:01:29,110.71,Hilton,Atlanta,Travel,In-Store,66,Sales Rep,0
TXN-007617,ACCT-1190,2025-01-18 16:34:17,280.44,Home Depot,Nashville,Entertainment,In-Store,40,Teacher,0
TXN-007618,ACCT-1104,2025-05-22 08:17:27,67.74,Uber,Dallas,Dining,Online,24,Engineer,0
TXN-007619,ACCT-1020,2025-07-22 12:57:46,98.14,DoorDash,Detroit,Travel,ATM,36,Engineer,0
TXN-007620,ACCT-1155,2025-05-08 18:35:51,239.69,Whole Foods,Los Angeles,Entertainment,In-Store,35,Accountant,0
TXN-007621,ACCT-1163,2025-10-24 16:26:49,286.88,Whole Foods,Seattle,Dining,In-Store,48,Teacher,0
TXN-007622,ACCT-1050,2025-04-15 07:24:43,103.14,Netflix,Detroit,Entertainment,In-Store,43,Designer,0
TXN-007623,ACCT-1016,2025-10-06 12:14:31,155.4,Uber,Miami,Personal Care,Mobile App,26,Driver,0
TXN-007624,ACCT-1122,2025-11-08 11:02:21,143.7,Lyft,Portland,Entertainment,Mobile App,34,Retired,0
TXN-007625,ACCT-1189,2025-06-16 19:54:27,8.95,Walmart,Detroit,Travel,In-Store,23,Designer,0
TXN-007626,ACCT-1183,2025-08-16 11:57:39,327.95,Nike,Portland,Gas,Mobile App,60,Retired,0
TXN-007627,ACCT-1087,2025-06-28 12:17:50,304.09,Shell Gas,Seattle,Education,In-Store,61,Manager,0
TXN-007628,ACCT-1004,2025-07-23 15:52:03,125.57,Delta Airlines,Denver,Shopping,Online,28,Designer,0
TXN-007629,ACCT-1030,2025-07-23 20:47:05,375.91,Whole Foods,Seattle,Personal Care,Online,48,Manager,0
TXN-007630,ACCT-1040,2025-04-18 09:23:12,217.83,Lyft,Miami,Subscriptions,Online,29,Driver,0
TXN-007631,ACCT-1032,2025-08-01 11:11:02,59.4,Hilton,New York,Gas,Mobile App,34,Analyst,0
TXN-007632,ACCT-1008,2025-07-11 15:58:02,245.37,Netflix,Nashville,Entertainment,Mobile App,28,Retired,0
TXN-007633,ACCT-1003,2025-04-25 15:04:29,98.12,Hilton,San Antonio,Shopping,Online,73,Engineer,0
TXN-007634,ACCT-1067,2025-09-03 16:51:28,176.95,Marriott,Boston,Shopping,Mobile App,62,Doctor,0
TXN-007635,ACCT-1014,2025-02-15 10:02:05,328.13,Target,Nashville,Subscriptions,In-Store,54,Chef,0
TXN-007636,ACCT-1076,2025-09-21 09:34:18,13.87,Shell Gas,Portland,Gas,Online,18,Teacher,0
TXN-007637,ACCT-1072,2025-02-14 23:08:01,211.68,Shell Gas,Los Angeles,Gas,Online,53,Analyst,0
TXN-007638,ACCT-1193,2025-06-14 23:41:12,103.38,McDonalds,San Diego,Shopping,Mobile App,42,Sales Rep,0
TXN-007639,ACCT-1135,2025-11-10 15:48:41,333.61,Costco,Los Angeles,Subscriptions,Mobile App,37,Driver,0
TXN-007640,ACCT-1169,2025-10-05 20:54:42,69.08,Target,Boston,Travel,Mobile App,36,Designer,0
TXN-007641,ACCT-1068,2025-05-12 19:48:43,15.01,Trader Joes,Atlanta,Gas,ATM,22,Accountant,0
TXN-007642,ACCT-1192,2025-05-22 11:15:59,299.77,Uber,San Antonio,Healthcare,ATM,56,Designer,0
TXN-007643,ACCT-1077,2025-09-28 12:12:15,47.29,Walgreens,Seattle,Dining,Online,80,Driver,0
TXN-007644,ACCT-1151,2025-06-17 13:09:30,178.09,Kroger,Denver,Subscriptions,In-Store,36,Retired,0
TXN-007645,ACCT-1150,2025-03-15 13:10:11,48.55,Starbucks,Atlanta,Dining,Online,24,Manager,0
TXN-007646,ACCT-1003,2025-10-12 10:18:44,124.24,Whole Foods,San Antonio,Personal Care,In-Store,73,Engineer,0
TXN-007647,ACCT-1176,2025-07-22 22:26:37,132.45,Marriott,Boston,Gas,In-Store,62,Designer,0
TXN-007648,ACCT-1093,2025-08-14 22:29:52,114.51,Starbucks,Boston,Utilities,In-Store,41,Chef,0
TXN-007649,ACCT-1139,2025-01-13 13:07:45,76.53,Target,Los Angeles,Subscriptions,Mobile App,40,Driver,0
TXN-007650,ACCT-1079,2025-04-01 09:59:30,626.16,Kroger,Phoenix,Transportation,Online,52,Retired,0
TXN-007651,ACCT-1050,2025-08-15 20:25:45,94.42,Walmart,Phoenix,Dining,In-Store,43,Designer,0
TXN-007652,ACCT-1004,2025-12-19 10:54:08,183.64,Lyft,Denver,Healthcare,Online,28,Designer,0
TXN-007653,ACCT-1087,2025-01-17 11:18:04,312.28,Home Depot,Seattle,Transportation,Online,61,Manager,0
TXN-007654,ACCT-1191,2025-04-01 11:25:27,711.83,Grubhub,San Francisco,Shopping,In-Store,61,Designer,0
TXN-007655,ACCT-1194,2025-12-15 17:34:34,200.19,Zara,Seattle,Personal Care,Online,84,Lawyer,0
TXN-007656,ACCT-1145,2025-03-16 12:33:02,35.67,Delta Airlines,Nashville,Groceries,In-Store,19,Chef,0
TXN-007657,ACCT-1196,2025-06-05 20:41:36,414.22,Best Buy,Los Angeles,Gas,In-Store,48,Freelancer,0
TXN-007658,ACCT-1102,2025-10-24 00:14:19,132.23,Home Depot,Miami,Gas,Online,30,Accountant,0
TXN-007659,ACCT-1001,2025-03-16 18:38:54,168.68,Whole Foods,Minneapolis,Gas,Online,64,Nurse,0
TXN-007660,ACCT-1154,2025-12-28 14:31:10,250.39,United Airlines,San Diego,Groceries,Online,34,Teacher,0
TXN-007661,ACCT-1133,2025-09-05 10:14:03,24.16,Safeway,Nashville,Healthcare,Online,19,Student,0
TXN-007662,ACCT-1170,2025-08-20 11:08:41,304.47,Starbucks,San Francisco,Entertainment,Online,60,Lawyer,0
TXN-007663,ACCT-1181,2025-10-28 19:33:56,172.08,Trader Joes,Atlanta,Healthcare,In-Store,48,Manager,0
TXN-007664,ACCT-1144,2025-05-20 10:51:10,75.72,Apple Store,San Antonio,Entertainment,Online,27,Chef,0
TXN-007665,ACCT-1011,2025-12-14 15:02:22,208.66,United Airlines,Atlanta,Utilities,In-Store,47,Doctor,0
TXN-007666,ACCT-1164,2025-07-14 17:39:31,86.46,Target,Detroit,Shopping,In-Store,36,Freelancer,0
TXN-007667,ACCT-1086,2025-01-18 17:53:23,45.53,Zara,Philadelphia,Entertainment,Online,20,Manager,0
TXN-007668,ACCT-1007,2025-10-15 11:47:12,185.81,Whole Foods,Atlanta,Shopping,Phone,66,Sales Rep,0
TXN-007669,ACCT-1110,2025-05-26 12:10:04,122.98,Uber,San Francisco,Gas,Online,34,Analyst,0
TXN-007670,ACCT-1086,2025-02-02 17:13:31,28.72,Hilton,Philadelphia,Entertainment,In-Store,20,Manager,0
TXN-007671,ACCT-1140,2025-03-15 10:21:05,34.04,Costco,Detroit,Subscriptions,Mobile App,24,Teacher,0
TXN-007672,ACCT-1019,2025-01-18 14:14:15,124.55,CVS Pharmacy,Chicago,Groceries,In-Store,41,Lawyer,0
TXN-007673,ACCT-1111,2025-04-21 11:15:58,64.51,Walmart,Houston,Education,In-Store,22,Analyst,0
TXN-007674,ACCT-1132,2025-12-29 12:00:35,497.03,Grubhub,Miami,Healthcare,Online,54,Manager,0
TXN-007675,ACCT-1107,2025-01-23 17:54:02,190.66,Lyft,Miami,Entertainment,Online,63,Student,0
TXN-007676,ACCT-1111,2025-12-20 02:05:27,27.91,Uber,Houston,Education,Online,22,Analyst,0
TXN-007677,ACCT-1023,2025-11-29 10:25:54,11.0,Marriott,Dallas,Gas,Mobile App,39,Retired,0
TXN-007678,ACCT-1075,2025-08-17 11:02:00,84.13,Marriott,Denver,Gas,Mobile App,81,Accountant,0
TXN-007679,ACCT-1015,2025-08-13 19:53:26,73.62,Walgreens,Atlanta,Shopping,Online,43,Lawyer,0
TXN-007680,ACCT-1062,2025-03-23 17:31:04,823.93,Airbnb,Portland,Subscriptions,Online,52,Student,0
TXN-007681,ACCT-1092,2025-06-07 13:01:17,143.31,Shell Gas,Minneapolis,Subscriptions,In-Store,32,Accountant,0
TXN-007682,ACCT-1103,2025-10-04 11:52:35,16.48,Safeway,Houston,Dining,Mobile App,23,Sales Rep,0
TXN-007683,ACCT-1060,2025-01-27 11:02:28,55.9,Trader Joes,Phoenix,Groceries,In-Store,42,Accountant,0
TXN-007684,ACCT-1127,2025-05-22 14:21:39,113.27,Uber,Denver,Gas,Mobile App,32,Nurse,0
TXN-007685,ACCT-1100,2025-09-05 10:13:07,90.49,McDonalds,Phoenix,Travel,In-Store,80,Manager,0
TXN-007686,ACCT-1080,2025-12-24 11:45:37,50.27,Netflix,Seattle,Transportation,Online,79,Freelancer,0
TXN-007687,ACCT-1116,2025-11-27 14:03:34,28.73,Costco,San Francisco,Entertainment,In-Store,19,Lawyer,0
TXN-007688,ACCT-1142,2025-04-22 10:18:46,70.87,McDonalds,Los Angeles,Gas,Online,36,Analyst,0
TXN-007689,ACCT-1051,2025-09-10 09:12:25,229.3,Hilton,Philadelphia,Entertainment,In-Store,45,Chef,0
TXN-007690,ACCT-1102,2025-04-13 08:55:42,177.43,Home Depot,Miami,Travel,In-Store,30,Accountant,0
TXN-007691,ACCT-1028,2025-10-10 09:26:14,34.72,Apple Store,Seattle,Education,Mobile App,23,Freelancer,0
TXN-007692,ACCT-1097,2025-01-02 16:18:32,457.7,Starbucks,Los Angeles,Dining,Online,52,Teacher,0
TXN-007693,ACCT-1160,2025-09-21 10:36:47,81.47,Kroger,Denver,Transportation,Online,40,Nurse,0
TXN-007694,ACCT-1092,2025-06-23 16:08:47,260.57,Walmart,Minneapolis,Healthcare,Mobile App,32,Accountant,0
TXN-007695,ACCT-1139,2025-08-30 13:07:58,158.14,Delta Airlines,Los Angeles,Dining,ATM,40,Driver,0
TXN-007696,ACCT-1125,2025-09-01 13:25:30,201.8,Whole Foods,Atlanta,Personal Care,Phone,61,Teacher,0
TXN-007697,ACCT-1011,2025-01-30 12:31:19,305.86,Apple Store,Detroit,Personal Care,Online,47,Doctor,0
TXN-007698,ACCT-1045,2025-09-28 10:02:08,46.57,Netflix,Philadelphia,Subscriptions,In-Store,66,Chef,0
TXN-007699,ACCT-1123,2025-04-20 18:35:32,53.35,DoorDash,San Diego,Subscriptions,In-Store,37,Lawyer,0
TXN-007700,ACCT-1017,2025-09-08 12:28:40,98.01,Delta Airlines,Portland,Subscriptions,Online,76,Nurse,0
TXN-007701,ACCT-1083,2025-08-04 12:18:17,292.45,Home Depot,Minneapolis,Travel,Mobile App,52,Freelancer,0
TXN-007702,ACCT-1147,2025-02-09 06:47:38,450.91,Walmart,Atlanta,Groceries,In-Store,75,Doctor,0
TXN-007703,ACCT-1160,2025-02-24 08:07:19,140.47,Zara,Seattle,Subscriptions,In-Store,40,Nurse,0
TXN-007704,ACCT-1058,2025-08-05 08:03:51,266.49,Chevron,San Diego,Entertainment,Phone,36,Designer,0
TXN-007705,ACCT-1145,2025-06-08 13:45:36,22.9,Shell Gas,Nashville,Personal Care,In-Store,19,Chef,0
TXN-007706,ACCT-1062,2025-04-28 13:21:29,364.45,Grubhub,Chicago,Healthcare,Online,52,Student,0
TXN-007707,ACCT-1053,2025-11-04 11:22:17,22.96,Nike,Philadelphia,Healthcare,Online,20,Student,0
TXN-007708,ACCT-1018,2025-11-29 08:32:05,46.39,Costco,Seattle,Shopping,Online,28,Retired,0
TXN-007709,ACCT-1030,2025-08-23 14:33:48,320.6,Whole Foods,San Diego,Education,In-Store,48,Manager,0
TXN-007710,ACCT-1121,2025-05-06 20:18:12,93.01,Home Depot,Dallas,Dining,In-Store,35,Accountant,0
TXN-007711,ACCT-1038,2025-04-04 08:33:32,80.88,Chevron,Seattle,Groceries,Online,42,Nurse,0
TXN-007712,ACCT-1125,2025-10-11 22:26:53,397.52,CVS Pharmacy,Atlanta,Subscriptions,Mobile App,61,Teacher,0
TXN-007713,ACCT-1119,2025-01-26 19:41:00,2000.0,Kroger,Seattle,Utilities,ATM,41,Designer,1
TXN-007714,ACCT-1019,2025-05-27 18:01:39,105.59,Spotify,Chicago,Groceries,Online,41,Lawyer,0
TXN-007715,ACCT-1183,2025-04-18 14:35:33,396.56,Nike,Portland,Entertainment,Mobile App,60,Retired,0
TXN-007716,ACCT-1179,2025-09-24 11:14:11,33.19,Best Buy,Nashville,Transportation,Online,41,Engineer,0
TXN-007717,ACCT-1061,2025-08-26 16:38:22,163.97,Spotify,Boston,Education,Online,50,Analyst,0
TXN-007718,ACCT-1115,2025-06-29 10:44:07,51.58,Netflix,San Francisco,Travel,Mobile App,40,Sales Rep,0
TXN-007719,ACCT-1010,2025-09-24 08:32:02,44.07,Airbnb,Philadelphia,Entertainment,In-Store,19,Sales Rep,0
TXN-007720,ACCT-1160,2025-06-19 08:08:10,228.15,Starbucks,Miami,Travel,ATM,40,Nurse,0
TXN-007721,ACCT-1082,2025-01-23 14:20:51,107.4,Shell Gas,Philadelphia,Personal Care,Mobile App,26,Driver,0
TXN-007722,ACCT-1160,2025-05-02 14:00:38,346.91,Airbnb,Denver,Gas,Mobile App,40,Nurse,0
TXN-007723,ACCT-1015,2025-06-05 10:35:03,175.15,Walgreens,Minneapolis,Travel,Mobile App,43,Lawyer,0
TXN-007724,ACCT-1160,2025-04-10 13:52:43,268.83,Spotify,Denver,Transportation,In-Store,40,Nurse,0
TXN-007725,ACCT-1140,2025-02-09 19:31:43,35.18,Lyft,Detroit,Transportation,Online,24,Teacher,0
TXN-007726,ACCT-1113,2025-01-10 10:09:21,137.32,Home Depot,Houston,Healthcare,ATM,41,Designer,0
TXN-007727,ACCT-1138,2025-07-11 15:49:47,102.03,Best Buy,Miami,Travel,Online,29,Accountant,0
TXN-007728,ACCT-1049,2025-08-23 05:43:17,159.22,Delta Airlines,Chicago,Groceries,Mobile App,48,Accountant,0
TXN-007729,ACCT-1041,2025-03-11 15:53:02,71.92,Nike,Los Angeles,Transportation,Online,44,Designer,0
TXN-007730,ACCT-1020,2025-10-06 12:53:58,86.46,Kroger,Detroit,Travel,Online,36,Engineer,0
TXN-007731,ACCT-1172,2025-09-01 10:38:11,108.9,Best Buy,Austin,Shopping,Online,25,Nurse,0
TXN-007732,ACCT-1051,2025-04-11 12:01:06,241.44,Lyft,Phoenix,Travel,Mobile App,45,Chef,0
TXN-007733,ACCT-1112,2025-10-05 12:13:19,56.85,Lyft,San Antonio,Entertainment,Mobile App,23,Sales Rep,0
TXN-007734,ACCT-1001,2025-11-30 20:12:34,668.83,Nike,Portland,Transportation,In-Store,64,Nurse,0
TXN-007735,ACCT-1042,2025-05-29 17:27:37,95.66,Best Buy,Seattle,Personal Care,Online,50,Sales Rep,0
TXN-007736,ACCT-1146,2025-12-19 14:01:27,86.85,Grubhub,Atlanta,Travel,In-Store,39,Accountant,0
TXN-007737,ACCT-1077,2025-11-25 16:35:24,19.63,Walgreens,Seattle,Dining,Online,80,Driver,0
TXN-007738,ACCT-1172,2025-06-27 14:33:26,97.51,Best Buy,Atlanta,Transportation,Online,25,Nurse,0
TXN-007739,ACCT-1161,2025-04-30 13:30:34,63.3,Hilton,Detroit,Dining,Mobile App,75,Engineer,0
TXN-007740,ACCT-1126,2025-09-06 17:53:40,215.35,Starbucks,Portland,Transportation,Online,30,Driver,0
TXN-007741,ACCT-1087,2025-02-08 18:48:24,268.67,Target,Seattle,Travel,In-Store,61,Manager,0
TXN-007742,ACCT-1175,2025-01-20 16:31:19,116.6,Kroger,Los Angeles,Healthcare,Mobile App,59,Student,0
TXN-007743,ACCT-1044,2025-02-21 11:06:54,42.98,Safeway,Philadelphia,Utilities,Online,73,Doctor,0
TXN-007744,ACCT-1025,2025-01-29 10:33:21,208.76,Nike,New York,Travel,Online,43,Chef,0
TXN-007745,ACCT-1131,2025-06-10 15:41:07,329.05,Walgreens,Dallas,Utilities,In-Store,34,Lawyer,0
TXN-007746,ACCT-1022,2025-01-28 11:27:33,116.86,Lyft,Detroit,Entertainment,Online,34,Analyst,0
TXN-007747,ACCT-1006,2025-10-16 15:55:36,133.26,Starbucks,Atlanta,Dining,In-Store,55,Nurse,0
TXN-007748,ACCT-1097,2025-11-17 15:52:37,189.74,Spotify,New York,Personal Care,Mobile App,52,Teacher,0
TXN-007749,ACCT-1040,2025-09-16 07:10:15,233.19,Home Depot,Miami,Groceries,Mobile App,29,Driver,0
TXN-007750,ACCT-1113,2025-09-15 10:54:17,73.38,Netflix,New York,Groceries,Online,41,Designer,0
TXN-007751,ACCT-1083,2025-10-27 10:06:05,74.97,Netflix,Detroit,Travel,ATM,52,Freelancer,0
TXN-007752,ACCT-1092,2025-11-17 08:35:50,229.43,Walgreens,Minneapolis,Entertainment,Online,32,Accountant,0
TXN-007753,ACCT-1020,2025-02-08 08:29:36,179.07,Kroger,Detroit,Subscriptions,In-Store,36,Engineer,0
TXN-007754,ACCT-1112,2025-05-17 16:14:34,40.87,Spotify,San Antonio,Utilities,In-Store,23,Sales Rep,0
TXN-007755,ACCT-1163,2025-11-23 17:40:13,484.52,Costco,Seattle,Travel,Mobile App,48,Teacher,0
TXN-007756,ACCT-1147,2025-04-09 11:42:19,44.28,Zara,Atlanta,Entertainment,Online,75,Doctor,0
TXN-007757,ACCT-1132,2025-01-11 11:39:29,173.17,Nike,Miami,Travel,Mobile App,54,Manager,0
TXN-007758,ACCT-1036,2025-12-29 14:19:35,36.03,Spotify,Miami,Subscriptions,Mobile App,21,Sales Rep,0
TXN-007759,ACCT-1003,2025-12-02 15:15:01,188.08,Hilton,San Antonio,Dining,ATM,73,Engineer,0
TXN-007760,ACCT-1127,2025-12-18 16:13:37,77.69,Lyft,Denver,Gas,In-Store,32,Nurse,0
TXN-007761,ACCT-1178,2025-06-18 09:22:39,234.83,Starbucks,Chicago,Gas,Online,59,Retired,0
TXN-007762,ACCT-1058,2025-10-16 13:46:05,145.72,Zara,San Diego,Transportation,Online,36,Designer,0
TXN-007763,ACCT-1082,2025-10-15 23:16:33,34.55,Shell Gas,Philadelphia,Utilities,Phone,26,Driver,0
TXN-007764,ACCT-1132,2025-05-28 01:24:00,486.67,Costco,Miami,Entertainment,Online,54,Manager,1
TXN-007765,ACCT-1115,2025-10-16 10:43:06,77.62,Walgreens,San Francisco,Dining,Online,40,Sales Rep,0
TXN-007766,ACCT-1091,2025-01-09 14:58:44,60.67,Zara,Atlanta,Entertainment,Mobile App,36,Manager,0
TXN-007767,ACCT-1168,2025-03-06 16:29:10,57.05,Zara,Boston,Dining,Online,82,Teacher,0
TXN-007768,ACCT-1151,2025-08-22 18:43:54,117.48,Home Depot,Denver,Utilities,In-Store,36,Retired,0
TXN-007769,ACCT-1008,2025-01-25 12:06:32,112.76,Chevron,Nashville,Transportation,ATM,28,Retired,0
TXN-007770,ACCT-1107,2025-01-24 10:21:53,210.37,Lyft,Austin,Shopping,Online,63,Student,0
TXN-007771,ACCT-1053,2025-01-19 20:38:11,31.72,Shell Gas,Philadelphia,Travel,Mobile App,20,Student,0
TXN-007772,ACCT-1083,2025-03-27 16:16:13,391.78,Starbucks,Detroit,Gas,In-Store,52,Freelancer,0
TXN-007773,ACCT-1173,2025-10-17 22:14:17,201.85,Spotify,Phoenix,Gas,ATM,44,Retired,0
TXN-007774,ACCT-1045,2025-11-02 09:42:17,27.39,Walgreens,Philadelphia,Dining,Mobile App,66,Chef,0
TXN-007775,ACCT-1039,2025-03-20 20:37:16,191.22,United Airlines,Houston,Utilities,Online,82,Accountant,0
TXN-007776,ACCT-1081,2025-12-02 14:04:26,171.32,Kroger,Denver,Shopping,In-Store,77,Accountant,0
TXN-007777,ACCT-1081,2025-01-10 07:17:00,43.8,Best Buy,Denver,Personal Care,ATM,77,Accountant,0
TXN-007778,ACCT-1161,2025-07-27 12:02:19,61.99,CVS Pharmacy,Detroit,Travel,In-Store,75,Engineer,0
TXN-007779,ACCT-1173,2025-12-08 13:40:46,199.06,Spotify,Chicago,Personal Care,In-Store,44,Retired,0
TXN-007780,ACCT-1024,2025-12-08 15:25:33,86.77,Spotify,Portland,Education,Online,44,Lawyer,0
TXN-007781,ACCT-1136,2025-05-03 11:59:25,275.59,Safeway,Detroit,Subscriptions,In-Store,60,Sales Rep,0
TXN-007782,ACCT-1172,2025-06-01 10:14:02,40.46,Best Buy,Nashville,Subscriptions,Online,25,Nurse,0
TXN-007783,ACCT-1138,2025-06-20 10:48:57,221.37,Grubhub,Miami,Personal Care,Online,29,Accountant,0
TXN-007784,ACCT-1140,2025-01-18 13:44:38,29.46,Costco,Detroit,Travel,Online,24,Teacher,0
TXN-007785,ACCT-1142,2025-06-12 13:33:08,41.61,McDonalds,Los Angeles,Groceries,In-Store,36,Analyst,0
TXN-007786,ACCT-1049,2025-06-01 09:06:17,151.42,Walmart,Chicago,Groceries,Online,48,Accountant,0
TXN-007787,ACCT-1057,2025-03-05 17:51:18,151.8,Best Buy,Seattle,Gas,Online,55,Analyst,0
TXN-007788,ACCT-1077,2025-03-01 11:14:48,17.46,Apple Store,Seattle,Utilities,Mobile App,80,Driver,0
TXN-007789,ACCT-1058,2025-01-22 23:42:37,59.83,Home Depot,San Diego,Transportation,ATM,36,Designer,0
TXN-007790,ACCT-1159,2025-09-08 14:46:05,194.82,Spotify,San Diego,Personal Care,Online,39,Student,0
TXN-007791,ACCT-1000,2025-02-04 09:52:02,255.04,DoorDash,Portland,Travel,In-Store,59,Freelancer,0
TXN-007792,ACCT-1148,2025-01-24 19:21:22,31.45,Safeway,Houston,Transportation,In-Store,23,Chef,0
TXN-007793,ACCT-1087,2025-01-03 19:10:47,409.91,Chevron,Seattle,Transportation,Mobile App,61,Manager,0
TXN-007794,ACCT-1167,2025-04-14 17:24:11,540.27,Amazon,Seattle,Dining,Mobile App,57,Manager,0
TXN-007795,ACCT-1178,2025-01-16 08:56:49,275.98,Shell Gas,San Diego,Utilities,In-Store,59,Retired,0
TXN-007796,ACCT-1096,2025-07-11 19:11:00,76.31,DoorDash,New York,Dining,Phone,30,Chef,0
TXN-007797,ACCT-1008,2025-04-25 18:03:19,51.5,Shell Gas,Nashville,Groceries,Online,28,Retired,0
TXN-007798,ACCT-1158,2025-06-11 12:58:53,20.95,Airbnb,Dallas,Entertainment,In-Store,23,Doctor,0
TXN-007799,ACCT-1079,2025-07-14 17:25:05,564.52,Whole Foods,Phoenix,Utilities,Online,52,Retired,0
TXN-007800,ACCT-1033,2025-04-23 14:15:37,96.94,Zara,Miami,Education,In-Store,43,Teacher,0
TXN-007801,ACCT-1086,2025-01-04 14:42:59,118.05,Zara,Philadelphia,Utilities,In-Store,20,Manager,0
TXN-007802,ACCT-1142,2025-06-13 11:56:52,39.8,Chevron,Los Angeles,Travel,In-Store,36,Analyst,0
TXN-007803,ACCT-1111,2025-10-19 10:09:41,48.01,United Airlines,Houston,Healthcare,In-Store,22,Analyst,0
TXN-007804,ACCT-1121,2025-09-07 13:29:26,95.56,Nike,Houston,Healthcare,Mobile App,35,Accountant,0
TXN-007805,ACCT-1026,2025-04-26 08:52:15,117.87,Netflix,Detroit,Subscriptions,Online,33,Lawyer,0
TXN-007806,ACCT-1144,2025-02-04 11:08:54,185.21,Walgreens,Nashville,Travel,Online,27,Chef,0
TXN-007807,ACCT-1165,2025-05-11 04:05:00,109.86,Trader Joes,San Antonio,Entertainment,ATM,22,Accountant,1
TXN-007808,ACCT-1097,2025-01-26 21:33:03,252.81,DoorDash,Dallas,Travel,In-Store,52,Teacher,0
TXN-007809,ACCT-1022,2025-08-12 19:26:44,302.82,Marriott,Detroit,Shopping,In-Store,34,Analyst,0
TXN-007810,ACCT-1028,2025-01-07 09:46:09,80.24,Kroger,Seattle,Travel,Online,23,Freelancer,0
TXN-007811,ACCT-1175,2025-04-14 19:07:14,554.29,Netflix,Los Angeles,Education,Mobile App,59,Student,0
TXN-007812,ACCT-1167,2025-05-16 11:56:46,235.0,Hilton,Seattle,Groceries,ATM,57,Manager,0
TXN-007813,ACCT-1024,2025-02-09 12:50:56,318.18,Spotify,Portland,Education,In-Store,44,Lawyer,0
TXN-007814,ACCT-1119,2025-03-21 11:59:36,80.06,Costco,Boston,Travel,Mobile App,41,Designer,0
TXN-007815,ACCT-1149,2025-06-09 15:41:58,107.77,Trader Joes,Dallas,Subscriptions,Mobile App,41,Sales Rep,0
TXN-007816,ACCT-1156,2025-06-30 09:56:36,27.71,Zara,Atlanta,Entertainment,Phone,18,Sales Rep,0
TXN-007817,ACCT-1025,2025-10-05 14:57:59,143.9,Shell Gas,New York,Shopping,In-Store,43,Chef,0
TXN-007818,ACCT-1167,2025-10-03 17:48:49,127.7,Hilton,Phoenix,Education,Mobile App,57,Manager,0
TXN-007819,ACCT-1140,2025-04-05 15:58:38,43.38,Trader Joes,Detroit,Dining,In-Store,24,Teacher,0
TXN-007820,ACCT-1036,2025-07-18 17:54:40,29.95,DoorDash,Miami,Subscriptions,Online,21,Sales Rep,0
TXN-007821,ACCT-1091,2025-05-19 11:12:36,166.7,Whole Foods,Miami,Subscriptions,ATM,36,Manager,0
TXN-007822,ACCT-1181,2025-07-22 13:06:36,290.09,Target,Detroit,Utilities,In-Store,48,Manager,0
TXN-007823,ACCT-1149,2025-07-24 09:50:20,164.89,Kroger,Los Angeles,Shopping,In-Store,41,Sales Rep,0
TXN-007824,ACCT-1124,2025-05-30 14:11:32,136.47,McDonalds,Miami,Healthcare,Online,33,Analyst,0
TXN-007825,ACCT-1144,2025-11-15 15:03:06,277.07,Apple Store,San Antonio,Gas,Mobile App,27,Chef,0
TXN-007826,ACCT-1112,2025-06-28 10:08:01,28.16,Lyft,San Antonio,Transportation,Mobile App,23,Sales Rep,0
TXN-007827,ACCT-1138,2025-04-06 14:55:31,134.78,Starbucks,Miami,Travel,Online,29,Accountant,0
TXN-007828,ACCT-1005,2025-06-15 23:13:15,33.77,Whole Foods,Phoenix,Entertainment,Online,24,Student,0
TXN-007829,ACCT-1148,2025-12-27 11:21:56,56.39,Airbnb,Houston,Transportation,Online,23,Chef,0
TXN-007830,ACCT-1074,2025-10-15 11:38:46,252.72,Delta Airlines,Miami,Groceries,Online,42,Freelancer,0
TXN-007831,ACCT-1196,2025-04-17 21:20:39,193.24,Uber,Nashville,Personal Care,In-Store,48,Freelancer,0
TXN-007832,ACCT-1143,2025-09-03 13:43:04,77.55,Uber,Minneapolis,Gas,Mobile App,76,Retired,0
TXN-007833,ACCT-1023,2025-10-17 14:18:23,57.09,DoorDash,Portland,Education,ATM,39,Retired,0
TXN-007834,ACCT-1027,2025-08-22 22:39:17,139.73,Uber,Houston,Gas,Online,28,Sales Rep,0
TXN-007835,ACCT-1120,2025-07-04 15:39:00,883.12,QuickWire Transfers,Karachi,Shopping,Online,54,Teacher,1
TXN-007836,ACCT-1007,2025-06-11 20:49:16,288.99,Whole Foods,Philadelphia,Groceries,Mobile App,66,Sales Rep,0
TXN-007837,ACCT-1131,2025-09-26 12:05:43,155.73,Whole Foods,Dallas,Groceries,Online,34,Lawyer,0
TXN-007838,ACCT-1196,2025-11-15 09:55:16,227.03,Target,Los Angeles,Entertainment,In-Store,48,Freelancer,0
TXN-007839,ACCT-1064,2025-03-15 19:06:11,67.69,Trader Joes,Austin,Dining,In-Store,19,Driver,0
TXN-007840,ACCT-1077,2025-07-08 13:02:47,34.02,Whole Foods,Seattle,Transportation,In-Store,80,Driver,0
TXN-007841,ACCT-1188,2025-09-20 16:08:03,69.13,Lyft,New York,Transportation,In-Store,23,Sales Rep,0
TXN-007842,ACCT-1061,2025-02-11 19:46:39,154.25,Grubhub,Boston,Healthcare,In-Store,50,Analyst,0
TXN-007843,ACCT-1168,2025-06-23 10:54:17,46.27,Delta Airlines,Boston,Dining,In-Store,82,Teacher,0
TXN-007844,ACCT-1025,2025-05-14 16:42:33,178.46,Trader Joes,Nashville,Groceries,Online,43,Chef,0
TXN-007845,ACCT-1102,2025-01-12 11:57:55,162.66,Home Depot,Miami,Travel,Mobile App,30,Accountant,0
TXN-007846,ACCT-1004,2025-05-10 21:37:43,98.94,Amazon,Denver,Subscriptions,Online,28,Designer,0
TXN-007847,ACCT-1095,2025-01-31 22:24:06,102.44,Nike,San Diego,Groceries,Online,81,Doctor,0
TXN-007848,ACCT-1093,2025-11-09 14:02:22,21.86,Apple Store,Boston,Subscriptions,Online,41,Chef,0
TXN-007849,ACCT-1093,2025-01-03 12:01:25,33.24,McDonalds,Los Angeles,Utilities,In-Store,41,Chef,0
TXN-007850,ACCT-1186,2025-07-24 17:14:12,14.27,McDonalds,Dallas,Shopping,Online,19,Freelancer,0
TXN-007851,ACCT-1008,2025-07-21 11:04:12,98.23,Target,Nashville,Travel,In-Store,28,Retired,0
TXN-007852,ACCT-1122,2025-09-09 12:51:59,261.79,Lyft,Portland,Gas,Mobile App,34,Retired,0
TXN-007853,ACCT-1116,2025-12-24 14:42:50,18.67,Costco,San Francisco,Entertainment,Online,19,Lawyer,0
TXN-007854,ACCT-1196,2025-10-07 19:29:18,1163.24,Zara,Los Angeles,Healthcare,ATM,48,Freelancer,0
TXN-007855,ACCT-1150,2025-03-02 18:43:09,63.44,Costco,Atlanta,Dining,Mobile App,24,Manager,0
TXN-007856,ACCT-1115,2025-10-25 11:20:08,130.48,Hilton,San Francisco,Healthcare,Online,40,Sales Rep,0
TXN-007857,ACCT-1140,2025-03-06 10:37:40,60.65,Costco,Detroit,Education,ATM,24,Teacher,0
TXN-007858,ACCT-1013,2025-01-24 14:36:55,292.83,Walgreens,Minneapolis,Subscriptions,In-Store,45,Driver,0
TXN-007859,ACCT-1069,2025-01-16 05:44:50,141.9,Marriott,Portland,Healthcare,Online,32,Manager,0
TXN-007860,ACCT-1108,2025-12-04 10:29:34,119.35,Safeway,San Francisco,Personal Care,Online,34,Retired,0
TXN-007861,ACCT-1156,2025-11-05 11:46:51,44.52,Target,Houston,Personal Care,ATM,18,Sales Rep,0
TXN-007862,ACCT-1158,2025-04-15 06:44:24,38.96,Safeway,Nashville,Education,Online,23,Doctor,0
TXN-007863,ACCT-1030,2025-10-07 04:37:55,363.09,McDonalds,Seattle,Dining,In-Store,48,Manager,0
TXN-007864,ACCT-1026,2025-06-10 08:53:12,256.89,Starbucks,Detroit,Education,Online,33,Lawyer,0
TXN-007865,ACCT-1011,2025-09-16 19:21:56,485.4,Marriott,Atlanta,Subscriptions,Mobile App,47,Doctor,0
TXN-007866,ACCT-1167,2025-08-19 13:37:01,270.55,Hilton,Seattle,Dining,ATM,57,Manager,0
TXN-007867,ACCT-1005,2025-10-26 08:40:11,13.65,Airbnb,Phoenix,Shopping,In-Store,24,Student,0
TXN-007868,ACCT-1111,2025-02-12 10:30:49,103.0,Spotify,Houston,Gas,In-Store,22,Analyst,0
TXN-007869,ACCT-1069,2025-08-24 23:35:06,57.59,Shell Gas,Minneapolis,Healthcare,Mobile App,32,Manager,0
TXN-007870,ACCT-1164,2025-04-19 17:16:36,63.83,DoorDash,Seattle,Subscriptions,In-Store,36,Freelancer,0
TXN-007871,ACCT-1122,2025-08-14 15:38:22,123.44,Lyft,Portland,Gas,Online,34,Retired,0
TXN-007872,ACCT-1028,2025-08-06 20:11:42,88.06,Hilton,Seattle,Education,In-Store,23,Freelancer,0
TXN-007873,ACCT-1023,2025-03-11 11:59:30,35.07,Costco,Dallas,Shopping,Phone,39,Retired,0
TXN-007874,ACCT-1177,2025-12-30 12:08:01,29.43,Uber,San Diego,Shopping,In-Store,24,Teacher,0
TXN-007875,ACCT-1096,2025-10-05 11:32:47,97.86,Whole Foods,New York,Travel,In-Store,30,Chef,0
TXN-007876,ACCT-1027,2025-10-06 12:35:11,650.8,Nike,Houston,Gas,Online,28,Sales Rep,0
TXN-007877,ACCT-1094,2025-03-20 14:20:48,233.48,Target,San Francisco,Utilities,Online,48,Driver,0
TXN-007878,ACCT-1188,2025-02-18 09:11:32,23.32,Trader Joes,New York,Shopping,Online,23,Sales Rep,0
TXN-007879,ACCT-1159,2025-09-21 17:44:28,247.38,Spotify,San Diego,Gas,Online,39,Student,0
TXN-007880,ACCT-1182,2025-08-26 17:56:37,250.39,Home Depot,Detroit,Travel,Online,55,Lawyer,0
TXN-007881,ACCT-1144,2025-05-13 12:25:54,154.46,Airbnb,Miami,Personal Care,Mobile App,27,Chef,0
TXN-007882,ACCT-1142,2025-11-11 21:25:02,51.99,Safeway,Los Angeles,Entertainment,Mobile App,36,Analyst,0
TXN-007883,ACCT-1138,2025-01-12 13:39:25,84.32,Delta Airlines,Miami,Subscriptions,Mobile App,29,Accountant,0
TXN-007884,ACCT-1161,2025-03-07 22:06:50,205.05,Hilton,Seattle,Shopping,Mobile App,75,Engineer,0
TXN-007885,ACCT-1084,2025-01-12 11:11:25,56.44,Marriott,Dallas,Shopping,Phone,24,Engineer,0
TXN-007886,ACCT-1084,2025-06-15 11:06:56,20.51,Chevron,Dallas,Personal Care,Mobile App,24,Engineer,0
TXN-007887,ACCT-1180,2025-03-01 14:25:30,424.79,Safeway,Detroit,Healthcare,Online,45,Freelancer,0
TXN-007888,ACCT-1121,2025-02-17 11:24:24,33.67,Zara,Chicago,Personal Care,Online,35,Accountant,0
TXN-007889,ACCT-1070,2025-04-16 19:42:07,186.5,Netflix,Portland,Personal Care,In-Store,56,Student,0
TXN-007890,ACCT-1079,2025-04-28 19:59:15,562.02,Hilton,Nashville,Subscriptions,Online,52,Retired,0
TXN-007891,ACCT-1154,2025-05-14 07:07:40,181.94,DoorDash,San Diego,Gas,ATM,34,Teacher,0
TXN-007892,ACCT-1058,2025-02-21 11:11:55,281.5,Amazon,San Diego,Travel,Online,36,Designer,0
TXN-007893,ACCT-1100,2025-04-10 18:25:07,135.6,McDonalds,Houston,Groceries,Online,80,Manager,0
TXN-007894,ACCT-1138,2025-09-13 12:32:06,79.7,Grubhub,Portland,Transportation,In-Store,29,Accountant,0
TXN-007895,ACCT-1166,2025-02-19 05:27:03,45.16,Hilton,Boston,Shopping,Online,21,Designer,0
TXN-007896,ACCT-1065,2025-02-06 07:48:18,52.24,Spotify,Chicago,Gas,Mobile App,79,Analyst,0
TXN-007897,ACCT-1176,2025-06-12 10:10:49,168.93,Netflix,Boston,Utilities,Mobile App,62,Designer,0
TXN-007898,ACCT-1059,2025-12-07 13:25:40,392.16,Hilton,Los Angeles,Groceries,In-Store,48,Doctor,0
TXN-007899,ACCT-1099,2025-05-27 12:32:39,49.39,Airbnb,Detroit,Healthcare,Mobile App,32,Sales Rep,0
TXN-007900,ACCT-1112,2025-08-19 14:20:17,40.47,Spotify,San Antonio,Utilities,Online,23,Sales Rep,0
TXN-007901,ACCT-1184,2025-01-07 07:56:50,106.76,Chevron,Seattle,Utilities,In-Store,30,Analyst,0
TXN-007902,ACCT-1028,2025-01-31 07:53:37,47.06,Shell Gas,Detroit,Education,In-Store,23,Freelancer,0
TXN-007903,ACCT-1112,2025-11-04 12:06:14,45.03,Spotify,San Antonio,Education,In-Store,23,Sales Rep,0
TXN-007904,ACCT-1199,2025-11-02 21:14:04,252.97,Nike,Houston,Dining,In-Store,33,Chef,0
TXN-007905,ACCT-1165,2025-05-24 16:43:49,9.91,Chevron,San Antonio,Subscriptions,Online,22,Accountant,0
TXN-007906,ACCT-1007,2025-01-02 07:18:20,58.86,Whole Foods,Atlanta,Shopping,ATM,66,Sales Rep,0
TXN-007907,ACCT-1028,2025-03-14 15:40:02,26.66,Kroger,Seattle,Utilities,In-Store,23,Freelancer,0
TXN-007908,ACCT-1092,2025-06-22 22:37:10,199.49,Walmart,Los Angeles,Education,In-Store,32,Accountant,0
TXN-007909,ACCT-1070,2025-05-06 08:38:48,814.64,Hilton,Portland,Groceries,Mobile App,56,Student,0
TXN-007910,ACCT-1184,2025-11-30 14:14:43,196.39,Home Depot,Nashville,Travel,In-Store,30,Analyst,0
TXN-007911,ACCT-1082,2025-11-28 18:39:41,116.21,Whole Foods,Los Angeles,Personal Care,Mobile App,26,Driver,0
TXN-007912,ACCT-1029,2025-07-03 08:32:37,61.09,Grubhub,New York,Gas,ATM,32,Freelancer,0
TXN-007913,ACCT-1009,2025-05-07 17:26:29,70.53,Costco,Boston,Subscriptions,ATM,69,Analyst,0
TXN-007914,ACCT-1068,2025-12-21 16:03:55,21.88,Delta Airlines,Atlanta,Shopping,In-Store,22,Accountant,0
TXN-007915,ACCT-1008,2025-05-11 18:20:00,1000.0,OffshorePay Inc,New York,Utilities,Phone,28,Retired,1
TXN-007916,ACCT-1180,2025-05-18 12:30:33,288.47,Zara,Detroit,Utilities,Online,45,Freelancer,0
TXN-007917,ACCT-1179,2025-10-09 12:44:28,72.03,Grubhub,Nashville,Personal Care,Online,41,Engineer,0
TXN-007918,ACCT-1137,2025-04-04 10:32:24,88.21,Marriott,Miami,Shopping,In-Store,41,Lawyer,0
TXN-007919,ACCT-1076,2025-10-16 18:17:08,12.52,United Airlines,Portland,Transportation,Online,18,Teacher,0
TXN-007920,ACCT-1143,2025-09-23 19:34:18,95.29,Netflix,Detroit,Travel,Phone,76,Retired,0
TXN-007921,ACCT-1063,2025-04-28 07:49:22,274.53,Best Buy,Austin,Dining,In-Store,70,Driver,0
TXN-007922,ACCT-1149,2025-10-14 18:27:49,223.83,Delta Airlines,Los Angeles,Subscriptions,Online,41,Sales Rep,0
TXN-007923,ACCT-1050,2025-06-30 03:21:00,265.39,DoorDash,Minneapolis,Entertainment,ATM,43,Designer,1
TXN-007924,ACCT-1162,2025-08-12 10:27:24,210.45,Marriott,Phoenix,Gas,In-Store,58,Retired,0
TXN-007925,ACCT-1077,2025-01-22 09:06:10,42.61,Apple Store,Seattle,Travel,Mobile App,80,Driver,0
TXN-007926,ACCT-1041,2025-10-06 08:17:42,109.46,Nike,Los Angeles,Utilities,Online,44,Designer,0
TXN-007927,ACCT-1007,2025-07-05 14:16:22,213.04,Hilton,Miami,Dining,Online,66,Sales Rep,0
TXN-007928,ACCT-1194,2025-02-19 13:57:32,124.05,Safeway,Boston,Subscriptions,Mobile App,84,Lawyer,0
TXN-007929,ACCT-1059,2025-03-12 09:57:39,306.79,United Airlines,Los Angeles,Healthcare,Mobile App,48,Doctor,0
TXN-007930,ACCT-1132,2025-07-18 19:16:57,353.56,Grubhub,Miami,Subscriptions,ATM,54,Manager,0
TXN-007931,ACCT-1049,2025-06-14 13:06:00,340.06,Apple Store,Chicago,Shopping,In-Store,48,Accountant,0
TXN-007932,ACCT-1084,2025-02-20 15:55:06,29.79,Chevron,Dallas,Subscriptions,In-Store,24,Engineer,0
TXN-007933,ACCT-1043,2025-11-06 09:16:15,90.46,McDonalds,Atlanta,Groceries,Online,34,Manager,0
TXN-007934,ACCT-1131,2025-04-09 14:49:28,133.26,Lyft,Dallas,Education,Mobile App,34,Lawyer,0
TXN-007935,ACCT-1036,2025-05-11 12:39:09,36.25,Delta Airlines,San Antonio,Dining,In-Store,21,Sales Rep,0
TXN-007936,ACCT-1008,2025-05-05 08:08:04,67.85,Shell Gas,Nashville,Personal Care,Mobile App,28,Retired,0
TXN-007937,ACCT-1185,2025-03-11 11:43:00,423.42,QuickWire Transfers,Lagos,Shopping,Online,58,Lawyer,1
TXN-007938,ACCT-1041,2025-06-30 17:18:40,146.87,McDonalds,Philadelphia,Dining,Mobile App,44,Designer,0
TXN-007939,ACCT-1018,2025-01-01 07:54:00,576.14,CryptoXchange Ltd,Minsk,Travel,Online,28,Retired,1
TXN-007940,ACCT-1091,2025-05-24 12:50:32,191.65,Whole Foods,Miami,Utilities,In-Store,36,Manager,0
TXN-007941,ACCT-1066,2025-12-18 10:29:58,115.57,Target,Houston,Utilities,ATM,38,Teacher,0
TXN-007942,ACCT-1057,2025-09-14 17:46:16,279.37,Netflix,Seattle,Healthcare,In-Store,55,Analyst,0
TXN-007943,ACCT-1129,2025-10-29 17:43:41,52.4,Netflix,Chicago,Subscriptions,Online,32,Sales Rep,0
TXN-007944,ACCT-1015,2025-03-05 09:59:57,76.1,Walgreens,Minneapolis,Travel,Mobile App,43,Lawyer,0
TXN-007945,ACCT-1092,2025-04-17 13:13:30,134.0,Shell Gas,Minneapolis,Dining,In-Store,32,Accountant,0
TXN-007946,ACCT-1142,2025-08-21 09:09:54,91.96,Chevron,Los Angeles,Utilities,ATM,36,Analyst,0
TXN-007947,ACCT-1051,2025-10-26 05:01:06,192.22,Apple Store,Minneapolis,Subscriptions,Online,45,Chef,0
TXN-007948,ACCT-1025,2025-02-05 19:02:48,160.75,Delta Airlines,New York,Transportation,ATM,43,Chef,0
TXN-007949,ACCT-1070,2025-12-16 17:48:08,189.3,Walmart,Portland,Travel,Mobile App,56,Student,0
TXN-007950,ACCT-1170,2025-10-04 09:32:55,489.04,Marriott,San Francisco,Entertainment,In-Store,60,Lawyer,0
TXN-007951,ACCT-1169,2025-02-15 09:37:51,128.17,Apple Store,Chicago,Transportation,In-Store,36,Designer,0
TXN-007952,ACCT-1014,2025-04-11 08:03:45,612.32,Target,Nashville,Groceries,Online,54,Chef,0
TXN-007953,ACCT-1030,2025-07-15 13:13:24,166.52,Lyft,Seattle,Transportation,In-Store,48,Manager,0
TXN-007954,ACCT-1093,2025-05-06 16:29:04,20.1,McDonalds,Boston,Transportation,ATM,41,Chef,0
TXN-007955,ACCT-1104,2025-08-17 08:49:19,97.92,Delta Airlines,Dallas,Groceries,Mobile App,24,Engineer,0
TXN-007956,ACCT-1178,2025-12-22 22:56:02,382.41,Grubhub,Chicago,Gas,Online,59,Retired,0
TXN-007957,ACCT-1159,2025-06-22 22:36:21,212.65,Spotify,San Diego,Education,ATM,39,Student,0
TXN-007958,ACCT-1194,2025-07-11 21:31:09,123.32,Walgreens,San Diego,Healthcare,Online,84,Lawyer,0
TXN-007959,ACCT-1083,2025-09-05 13:52:09,164.62,Starbucks,Detroit,Groceries,In-Store,52,Freelancer,0
TXN-007960,ACCT-1115,2025-09-25 05:37:03,69.96,Grubhub,San Francisco,Dining,ATM,40,Sales Rep,0
TXN-007961,ACCT-1057,2025-11-11 21:02:03,227.78,Trader Joes,Seattle,Transportation,Online,55,Analyst,0
TXN-007962,ACCT-1117,2025-03-06 13:52:18,558.61,Uber,Houston,Healthcare,Online,56,Teacher,0
TXN-007963,ACCT-1103,2025-06-27 19:49:46,23.69,Kroger,Houston,Dining,Mobile App,23,Sales Rep,0
TXN-007964,ACCT-1124,2025-03-09 12:40:48,152.06,McDonalds,Miami,Travel,Mobile App,33,Analyst,0
TXN-007965,ACCT-1127,2025-03-27 20:26:58,263.22,Shell Gas,Denver,Entertainment,Mobile App,32,Nurse,0
TXN-007966,ACCT-1128,2025-10-08 20:45:25,45.76,Lyft,Denver,Subscriptions,In-Store,21,Engineer,0
TXN-007967,ACCT-1180,2025-09-21 11:30:02,100.54,Walgreens,Detroit,Shopping,Online,45,Freelancer,0
TXN-007968,ACCT-1166,2025-02-13 07:30:04,88.41,Hilton,Atlanta,Entertainment,ATM,21,Designer,0
TXN-007969,ACCT-1041,2025-08-16 09:51:03,150.88,Shell Gas,Los Angeles,Shopping,ATM,44,Designer,0
TXN-007970,ACCT-1086,2025-09-10 13:17:38,44.03,Zara,Philadelphia,Entertainment,Phone,20,Manager,0
TXN-007971,ACCT-1091,2025-08-08 15:15:17,204.39,Nike,Los Angeles,Travel,Online,36,Manager,0
TXN-007972,ACCT-1111,2025-06-11 14:08:00,515.32,Chevron,Houston,Entertainment,Online,22,Analyst,1
TXN-007973,ACCT-1062,2025-12-03 09:22:21,301.39,Grubhub,Chicago,Utilities,ATM,52,Student,0
TXN-007974,ACCT-1013,2025-05-03 18:02:46,265.21,DoorDash,Houston,Healthcare,Mobile App,45,Driver,0
TXN-007975,ACCT-1195,2025-10-23 12:56:40,176.78,Walmart,Houston,Groceries,Online,46,Retired,0
TXN-007976,ACCT-1031,2025-09-20 08:30:00,40.51,Whole Foods,San Antonio,Education,Online,71,Doctor,0
TXN-007977,ACCT-1113,2025-06-24 15:47:27,116.88,Netflix,Houston,Entertainment,In-Store,41,Designer,0
TXN-007978,ACCT-1193,2025-11-04 08:33:51,50.2,Uber,San Diego,Shopping,In-Store,42,Sales Rep,0
TXN-007979,ACCT-1040,2025-09-08 08:16:12,440.11,Lyft,Miami,Healthcare,Online,29,Driver,0
TXN-007980,ACCT-1178,2025-06-16 11:43:34,232.35,Amazon,Chicago,Healthcare,In-Store,59,Retired,0
TXN-007981,ACCT-1000,2025-08-12 19:23:03,133.95,Home Depot,Portland,Utilities,In-Store,59,Freelancer,0
TXN-007982,ACCT-1090,2025-09-02 17:04:55,55.73,Marriott,Dallas,Personal Care,In-Store,24,Retired,0
TXN-007983,ACCT-1184,2025-03-17 07:05:33,58.14,Chevron,Seattle,Gas,Mobile App,30,Analyst,0
TXN-007984,ACCT-1186,2025-03-30 08:33:25,33.61,McDonalds,Dallas,Education,In-Store,19,Freelancer,0
TXN-007985,ACCT-1059,2025-02-24 19:42:00,114.03,Uber,Los Angeles,Gas,Mobile App,48,Doctor,0
TXN-007986,ACCT-1185,2025-10-15 13:28:37,217.72,Amazon,New York,Utilities,Online,58,Lawyer,0
TXN-007987,ACCT-1032,2025-04-20 07:02:03,85.65,Best Buy,New York,Shopping,Online,34,Analyst,0
TXN-007988,ACCT-1128,2025-12-16 12:40:23,33.03,Lyft,Denver,Entertainment,Online,21,Engineer,0
TXN-007989,ACCT-1003,2025-06-15 07:05:38,128.66,Zara,San Antonio,Healthcare,In-Store,73,Engineer,0
TXN-007990,ACCT-1018,2025-07-18 12:03:10,171.01,Marriott,Seattle,Gas,In-Store,28,Retired,0
TXN-007991,ACCT-1109,2025-06-23 12:23:07,120.83,Shell Gas,Nashville,Personal Care,Mobile App,42,Student,0
TXN-007992,ACCT-1088,2025-01-29 16:40:31,194.36,Airbnb,Phoenix,Education,Mobile App,33,Designer,0
TXN-007993,ACCT-1154,2025-07-30 12:26:56,132.45,Airbnb,San Diego,Healthcare,Mobile App,34,Teacher,0
TXN-007994,ACCT-1021,2025-05-01 13:36:01,40.72,Delta Airlines,Phoenix,Utilities,In-Store,28,Teacher,0
TXN-007995,ACCT-1092,2025-05-13 16:44:14,186.39,Walmart,Minneapolis,Dining,Online,32,Accountant,0
TXN-007996,ACCT-1035,2025-05-07 12:55:33,99.73,Netflix,Houston,Utilities,Mobile App,36,Chef,0
TXN-007997,ACCT-1150,2025-04-21 10:47:09,33.96,Costco,Atlanta,Education,In-Store,24,Manager,0
TXN-007998,ACCT-1057,2025-10-15 11:53:51,264.45,Zara,Seattle,Subscriptions,Mobile App,55,Analyst,0
TXN-007999,ACCT-1031,2025-05-03 14:03:18,160.05,DoorDash,San Antonio,Utilities,Online,71,Doctor,0
TXN-008000,ACCT-1118,2025-11-21 18:39:09,236.18,Trader Joes,Detroit,Gas,In-Store,37,Designer,0
TXN-008001,ACCT-1058,2025-04-20 11:13:09,377.37,Nike,San Diego,Healthcare,In-Store,36,Designer,0
TXN-008002,ACCT-1112,2025-05-27 16:54:38,63.12,Target,San Antonio,Utilities,In-Store,23,Sales Rep,0
TXN-008003,ACCT-1060,2025-02-27 14:18:59,189.62,DoorDash,Phoenix,Shopping,In-Store,42,Accountant,0
TXN-008004,ACCT-1087,2025-11-09 11:02:12,312.06,Hilton,Seattle,Education,Online,61,Manager,0
TXN-008005,ACCT-1188,2025-12-19 21:43:00,1500.0,Uber,Denver,Travel,ATM,23,Sales Rep,1
TXN-008006,ACCT-1149,2025-11-19 13:15:40,143.01,Apple Store,Los Angeles,Utilities,Mobile App,41,Sales Rep,0
TXN-008007,ACCT-1066,2025-11-18 08:46:00,3594.31,Best Buy,Houston,Shopping,Online,38,Teacher,1
TXN-008008,ACCT-1190,2025-08-22 14:32:42,191.34,Netflix,Nashville,Shopping,Online,40,Teacher,0
TXN-008009,ACCT-1116,2025-08-20 17:18:31,37.76,Costco,San Francisco,Entertainment,Online,19,Lawyer,0
TXN-008010,ACCT-1160,2025-03-29 15:27:41,98.4,Shell Gas,Denver,Transportation,Online,40,Nurse,0
TXN-008011,ACCT-1045,2025-05-24 13:29:12,39.44,Netflix,Seattle,Education,Mobile App,66,Chef,0
TXN-008012,ACCT-1099,2025-09-03 14:16:38,57.5,Airbnb,Detroit,Subscriptions,Mobile App,32,Sales Rep,0
TXN-008013,ACCT-1106,2025-01-09 13:21:15,16.61,Marriott,Seattle,Groceries,ATM,23,Retired,0
TXN-008014,ACCT-1141,2025-06-14 21:03:39,160.45,Airbnb,San Diego,Travel,Online,32,Engineer,0
TXN-008015,ACCT-1186,2025-11-22 09:15:25,14.83,Trader Joes,Dallas,Groceries,Mobile App,19,Freelancer,0
TXN-008016,ACCT-1074,2025-01-07 20:51:37,155.31,United Airlines,Miami,Shopping,Online,42,Freelancer,0
TXN-008017,ACCT-1002,2025-04-22 13:19:28,267.72,Target,New York,Transportation,In-Store,26,Lawyer,0
TXN-008018,ACCT-1156,2025-12-16 22:19:41,24.58,Amazon,Atlanta,Utilities,In-Store,18,Sales Rep,0
TXN-008019,ACCT-1196,2025-04-21 16:50:56,387.37,Target,Los Angeles,Utilities,ATM,48,Freelancer,0
TXN-008020,ACCT-1048,2025-05-11 16:00:57,139.62,Walmart,Atlanta,Groceries,Online,25,Lawyer,0
TXN-008021,ACCT-1176,2025-08-06 15:23:11,310.37,Netflix,Boston,Entertainment,In-Store,62,Designer,0
TXN-008022,ACCT-1092,2025-06-16 21:56:57,76.59,Walmart,Minneapolis,Subscriptions,Online,32,Accountant,0
TXN-008023,ACCT-1136,2025-09-24 11:03:25,503.89,Starbucks,Boston,Education,Mobile App,60,Sales Rep,0
TXN-008024,ACCT-1112,2025-03-04 07:54:49,40.54,Kroger,San Antonio,Healthcare,Online,23,Sales Rep,0
TXN-008025,ACCT-1157,2025-10-01 16:16:24,202.26,Chevron,San Antonio,Education,Phone,57,Lawyer,0
TXN-008026,ACCT-1040,2025-01-05 08:15:40,193.39,Walgreens,Miami,Utilities,In-Store,29,Driver,0
TXN-008027,ACCT-1019,2025-11-20 09:03:00,1745.55,Marriott,Chicago,Entertainment,In-Store,41,Lawyer,1
TXN-008028,ACCT-1023,2025-10-14 16:42:03,26.84,Marriott,Dallas,Shopping,Online,39,Retired,0
TXN-008029,ACCT-1135,2025-02-06 10:14:28,114.29,DoorDash,Los Angeles,Personal Care,Online,37,Driver,0
TXN-008030,ACCT-1192,2025-12-08 02:31:00,392.79,Whole Foods,San Antonio,Transportation,ATM,56,Designer,1
TXN-008031,ACCT-1162,2025-01-25 12:48:26,503.82,Shell Gas,Denver,Entertainment,Online,58,Retired,0
TXN-008032,ACCT-1088,2025-05-21 15:49:27,77.03,Apple Store,Phoenix,Groceries,Mobile App,33,Designer,0
TXN-008033,ACCT-1004,2025-04-21 15:30:08,187.38,Home Depot,Denver,Subscriptions,Online,28,Designer,0
TXN-008034,ACCT-1154,2025-08-24 11:38:59,133.16,Trader Joes,San Diego,Education,Mobile App,34,Teacher,0
TXN-008035,ACCT-1149,2025-10-29 11:36:15,69.99,Delta Airlines,Los Angeles,Gas,Online,41,Sales Rep,0
TXN-008036,ACCT-1193,2025-12-18 17:00:29,66.43,Spotify,San Diego,Groceries,Online,42,Sales Rep,0
TXN-008037,ACCT-1063,2025-06-30 08:11:46,258.44,Nike,Austin,Travel,ATM,70,Driver,0
TXN-008038,ACCT-1165,2025-08-03 10:28:42,16.95,Walgreens,Chicago,Shopping,Online,22,Accountant,0
TXN-008039,ACCT-1089,2025-02-25 10:08:53,34.32,Kroger,Dallas,Transportation,In-Store,18,Driver,0
TXN-008040,ACCT-1156,2025-12-01 21:46:56,42.01,Airbnb,Atlanta,Personal Care,In-Store,18,Sales Rep,0
TXN-008041,ACCT-1050,2025-07-20 13:09:40,149.74,CVS Pharmacy,Minneapolis,Healthcare,In-Store,43,Designer,0
TXN-008042,ACCT-1063,2025-04-01 18:52:08,79.96,Nike,Austin,Transportation,Mobile App,70,Driver,0
TXN-008043,ACCT-1098,2025-07-28 20:36:01,203.46,Airbnb,San Francisco,Dining,In-Store,37,Sales Rep,0
TXN-008044,ACCT-1035,2025-06-08 20:36:57,107.54,Netflix,Houston,Transportation,In-Store,36,Chef,0
TXN-008045,ACCT-1080,2025-11-05 18:04:03,48.66,Delta Airlines,Seattle,Personal Care,Mobile App,79,Freelancer,0
TXN-008046,ACCT-1040,2025-04-19 06:58:19,281.2,Apple Store,Chicago,Shopping,Mobile App,29,Driver,0
TXN-008047,ACCT-1171,2025-10-08 21:37:06,68.31,Trader Joes,Boston,Groceries,ATM,57,Doctor,0
TXN-008048,ACCT-1040,2025-11-05 09:41:13,348.42,Marriott,Miami,Transportation,In-Store,29,Driver,0
TXN-008049,ACCT-1064,2025-07-15 09:57:37,55.84,Marriott,Austin,Groceries,Online,19,Driver,0
TXN-008050,ACCT-1166,2025-01-14 13:22:56,105.22,Hilton,Boston,Travel,ATM,21,Designer,0
TXN-008051,ACCT-1179,2025-07-04 09:22:59,59.85,Apple Store,Nashville,Gas,Phone,41,Engineer,0
TXN-008052,ACCT-1040,2025-11-01 15:47:52,290.77,Lyft,Miami,Dining,Online,29,Driver,0
TXN-008053,ACCT-1105,2025-01-10 22:00:59,596.4,Shell Gas,New York,Gas,Online,51,Teacher,0
TXN-008054,ACCT-1015,2025-02-06 14:07:39,81.73,Airbnb,Minneapolis,Dining,ATM,43,Lawyer,0
TXN-008055,ACCT-1066,2025-10-26 12:33:33,433.09,Home Depot,Houston,Education,Online,38,Teacher,0
TXN-008056,ACCT-1099,2025-11-21 07:01:11,71.9,Airbnb,Detroit,Healthcare,Mobile App,32,Sales Rep,0
TXN-008057,ACCT-1037,2025-05-27 11:42:03,24.14,Amazon,Atlanta,Groceries,ATM,18,Designer,0
TXN-008058,ACCT-1045,2025-08-11 12:21:38,212.07,Spotify,Philadelphia,Personal Care,Phone,66,Chef,0
TXN-008059,ACCT-1114,2025-12-08 13:04:37,52.46,Walmart,Detroit,Healthcare,Mobile App,65,Teacher,0
TXN-008060,ACCT-1186,2025-02-24 14:06:38,9.1,Trader Joes,Dallas,Dining,Online,19,Freelancer,0
TXN-008061,ACCT-1176,2025-12-22 10:37:11,91.32,Netflix,Boston,Groceries,Online,62,Designer,0
TXN-008062,ACCT-1137,2025-08-14 13:45:28,79.59,Uber,Miami,Entertainment,Online,41,Lawyer,0
TXN-008063,ACCT-1120,2025-06-03 19:22:43,425.73,Hilton,Minneapolis,Education,In-Store,54,Teacher,0
TXN-008064,ACCT-1075,2025-05-25 18:25:50,86.65,Best Buy,Denver,Utilities,In-Store,81,Accountant,0
TXN-008065,ACCT-1093,2025-11-23 11:31:15,51.85,Apple Store,Boston,Healthcare,Online,41,Chef,0
TXN-008066,ACCT-1020,2025-05-13 10:04:08,402.49,DoorDash,Detroit,Entertainment,Mobile App,36,Engineer,0
TXN-008067,ACCT-1092,2025-12-02 13:47:37,168.87,Walmart,Minneapolis,Subscriptions,Online,32,Accountant,0
TXN-008068,ACCT-1163,2025-09-17 15:47:54,314.95,Target,Seattle,Dining,Mobile App,48,Teacher,0
TXN-008069,ACCT-1157,2025-09-19 22:05:38,231.88,Amazon,San Diego,Dining,Online,57,Lawyer,0
TXN-008070,ACCT-1042,2025-02-15 14:02:28,69.65,United Airlines,Seattle,Shopping,In-Store,50,Sales Rep,0
TXN-008071,ACCT-1178,2025-01-14 15:05:20,707.47,Amazon,Chicago,Healthcare,In-Store,59,Retired,0
TXN-008072,ACCT-1141,2025-09-04 19:58:53,117.61,United Airlines,Minneapolis,Shopping,In-Store,32,Engineer,0
TXN-008073,ACCT-1176,2025-08-18 23:25:38,121.8,Best Buy,Boston,Shopping,Mobile App,62,Designer,0
TXN-008074,ACCT-1115,2025-09-02 10:09:06,214.69,Apple Store,San Francisco,Groceries,Online,40,Sales Rep,0
TXN-008075,ACCT-1081,2025-12-05 22:31:42,81.11,Spotify,Denver,Subscriptions,In-Store,77,Accountant,0
TXN-008076,ACCT-1068,2025-06-30 13:30:44,15.23,Amazon,Atlanta,Healthcare,Online,22,Accountant,0
TXN-008077,ACCT-1020,2025-01-12 14:19:06,213.28,DoorDash,Detroit,Groceries,Online,36,Engineer,0
TXN-008078,ACCT-1016,2025-06-08 16:25:21,240.73,Costco,Miami,Education,Mobile App,26,Driver,0
TXN-008079,ACCT-1053,2025-02-26 14:46:59,32.03,Chevron,Philadelphia,Healthcare,In-Store,20,Student,0
TXN-008080,ACCT-1052,2025-04-30 15:47:13,30.72,Shell Gas,Philadelphia,Transportation,Mobile App,68,Accountant,0
TXN-008081,ACCT-1199,2025-01-05 12:47:16,333.03,Starbucks,Houston,Personal Care,In-Store,33,Chef,0
TXN-008082,ACCT-1163,2025-06-25 14:45:43,400.78,Zara,Seattle,Utilities,In-Store,48,Teacher,0
TXN-008083,ACCT-1155,2025-08-05 15:04:00,1247.02,UnknownVendor_X9,Tirana,Shopping,Online,35,Accountant,1
TXN-008084,ACCT-1031,2025-03-08 13:24:27,45.91,Home Depot,Minneapolis,Transportation,Mobile App,71,Doctor,0
TXN-008085,ACCT-1006,2025-07-22 15:22:35,427.45,Lyft,Atlanta,Shopping,Online,55,Nurse,0
TXN-008086,ACCT-1144,2025-04-15 12:56:40,105.27,Marriott,San Antonio,Shopping,In-Store,27,Chef,0
TXN-008087,ACCT-1133,2025-11-13 18:12:31,59.22,Kroger,Nashville,Transportation,ATM,19,Student,0
TXN-008088,ACCT-1167,2025-01-09 06:28:35,64.75,Hilton,Seattle,Groceries,Online,57,Manager,0
TXN-008089,ACCT-1161,2025-02-05 08:52:19,99.86,CVS Pharmacy,Detroit,Subscriptions,Online,75,Engineer,0
TXN-008090,ACCT-1022,2025-11-23 08:32:15,113.56,Marriott,Detroit,Utilities,In-Store,34,Analyst,0
TXN-008091,ACCT-1001,2025-05-11 16:22:04,178.92,Whole Foods,Minneapolis,Shopping,Mobile App,64,Nurse,0
TXN-008092,ACCT-1014,2025-02-27 20:46:41,228.12,Target,Nashville,Subscriptions,Online,54,Chef,0
TXN-008093,ACCT-1036,2025-10-26 12:26:28,46.5,Spotify,San Antonio,Utilities,Online,21,Sales Rep,0
TXN-008094,ACCT-1079,2025-12-11 16:47:09,235.92,Whole Foods,Phoenix,Dining,Phone,52,Retired,0
TXN-008095,ACCT-1120,2025-07-05 12:33:41,557.02,Hilton,Houston,Travel,Mobile App,54,Teacher,0
TXN-008096,ACCT-1057,2025-04-19 16:09:26,201.05,Lyft,Nashville,Personal Care,Phone,55,Analyst,0
TXN-008097,ACCT-1109,2025-08-25 13:41:15,62.04,Walgreens,Nashville,Travel,In-Store,42,Student,0
TXN-008098,ACCT-1181,2025-11-14 10:01:49,70.04,Starbucks,Detroit,Groceries,Online,48,Manager,0
TXN-008099,ACCT-1008,2025-11-10 18:19:58,55.15,Shell Gas,Nashville,Personal Care,ATM,28,Retired,0
TXN-008100,ACCT-1106,2025-02-05 11:59:38,14.23,Shell Gas,Seattle,Gas,Mobile App,23,Retired,0
TXN-008101,ACCT-1189,2025-12-16 15:37:44,9.19,Walmart,Detroit,Shopping,Online,23,Designer,0
TXN-008102,ACCT-1004,2025-08-09 11:29:42,92.21,Delta Airlines,Denver,Groceries,Phone,28,Designer,0
TXN-008103,ACCT-1194,2025-07-19 11:01:03,181.02,McDonalds,San Diego,Shopping,Online,84,Lawyer,0
TXN-008104,ACCT-1027,2025-04-27 08:10:07,258.64,Uber,Houston,Shopping,Mobile App,28,Sales Rep,0
TXN-008105,ACCT-1092,2025-08-08 12:46:48,257.11,Marriott,Minneapolis,Subscriptions,In-Store,32,Accountant,0
TXN-008106,ACCT-1144,2025-11-04 15:37:42,102.08,Apple Store,San Antonio,Travel,Mobile App,27,Chef,0
TXN-008107,ACCT-1115,2025-12-24 20:23:56,101.15,Best Buy,San Francisco,Gas,ATM,40,Sales Rep,0
TXN-008108,ACCT-1106,2025-04-30 12:34:13,26.08,Shell Gas,Seattle,Travel,Mobile App,23,Retired,0
TXN-008109,ACCT-1096,2025-10-19 13:16:54,94.62,Starbucks,Chicago,Personal Care,Online,30,Chef,0
TXN-008110,ACCT-1043,2025-01-23 11:03:33,186.76,Amazon,Atlanta,Gas,Online,34,Manager,0
TXN-008111,ACCT-1124,2025-04-28 10:50:11,127.4,McDonalds,Miami,Groceries,ATM,33,Analyst,0
TXN-008112,ACCT-1005,2025-08-11 09:09:09,31.21,Whole Foods,Phoenix,Dining,Online,24,Student,0
TXN-008113,ACCT-1183,2025-07-23 12:55:58,201.13,Best Buy,San Diego,Subscriptions,In-Store,60,Retired,0
TXN-008114,ACCT-1135,2025-05-23 20:14:38,164.08,DoorDash,Los Angeles,Dining,In-Store,37,Driver,0
TXN-008115,ACCT-1099,2025-01-14 20:08:12,137.64,McDonalds,Detroit,Entertainment,In-Store,32,Sales Rep,0
TXN-008116,ACCT-1114,2025-10-13 14:42:28,36.25,Zara,Detroit,Personal Care,ATM,65,Teacher,0
TXN-008117,ACCT-1167,2025-01-23 18:12:15,204.6,Spotify,Seattle,Healthcare,Mobile App,57,Manager,0
TXN-008118,ACCT-1096,2025-11-06 15:47:44,256.39,Starbucks,New York,Personal Care,Online,30,Chef,0
TXN-008119,ACCT-1042,2025-08-19 21:25:37,88.44,Shell Gas,Seattle,Utilities,ATM,50,Sales Rep,0
TXN-008120,ACCT-1102,2025-10-05 09:45:12,221.9,Trader Joes,Miami,Transportation,Mobile App,30,Accountant,0
TXN-008121,ACCT-1100,2025-06-23 15:54:20,164.42,Kroger,Phoenix,Groceries,Mobile App,80,Manager,0
TXN-008122,ACCT-1083,2025-02-16 20:16:26,186.03,Starbucks,Detroit,Utilities,Mobile App,52,Freelancer,0
TXN-008123,ACCT-1173,2025-07-07 20:26:40,102.43,Walmart,Chicago,Gas,Online,44,Retired,0
TXN-008124,ACCT-1189,2025-11-07 14:43:32,15.92,Netflix,Detroit,Utilities,Mobile App,23,Designer,0
TXN-008125,ACCT-1103,2025-02-20 18:44:03,14.95,Netflix,Houston,Education,Online,23,Sales Rep,0
TXN-008126,ACCT-1156,2025-07-11 19:57:11,32.17,Costco,Atlanta,Subscriptions,Mobile App,18,Sales Rep,0
TXN-008127,ACCT-1050,2025-07-11 13:38:51,228.29,Grubhub,Minneapolis,Utilities,Online,43,Designer,0
TXN-008128,ACCT-1110,2025-09-19 18:25:41,115.4,Home Depot,San Francisco,Dining,ATM,34,Analyst,0
TXN-008129,ACCT-1146,2025-04-24 21:14:06,43.13,Grubhub,Atlanta,Travel,Phone,39,Accountant,0
TXN-008130,ACCT-1054,2025-12-22 11:01:22,109.84,Kroger,Nashville,Subscriptions,Online,80,Retired,0
TXN-008131,ACCT-1130,2025-06-16 13:50:31,31.35,CVS Pharmacy,Detroit,Transportation,Mobile App,27,Lawyer,0
TXN-008132,ACCT-1078,2025-10-12 10:39:10,36.89,McDonalds,San Francisco,Utilities,Online,24,Freelancer,0
TXN-008133,ACCT-1189,2025-12-04 14:33:40,17.28,Walmart,Detroit,Shopping,In-Store,23,Designer,0
TXN-008134,ACCT-1162,2025-02-05 18:34:42,397.0,Nike,Denver,Groceries,ATM,58,Retired,0
TXN-008135,ACCT-1098,2025-05-19 10:34:38,66.87,Kroger,Houston,Travel,ATM,37,Sales Rep,0
TXN-008136,ACCT-1178,2025-06-04 10:52:32,275.76,Uber,Chicago,Gas,ATM,59,Retired,0
TXN-008137,ACCT-1054,2025-12-23 10:01:58,47.37,Shell Gas,Nashville,Subscriptions,In-Store,80,Retired,0
TXN-008138,ACCT-1081,2025-04-16 12:42:13,46.64,Spotify,Denver,Groceries,Online,77,Accountant,0
TXN-008139,ACCT-1085,2025-11-07 20:53:40,193.07,Apple Store,Dallas,Shopping,Online,38,Student,0
TXN-008140,ACCT-1037,2025-07-08 17:08:51,61.29,Costco,Atlanta,Groceries,In-Store,18,Designer,0
TXN-008141,ACCT-1142,2025-04-14 08:55:24,48.69,Chevron,Phoenix,Healthcare,Online,36,Analyst,0
TXN-008142,ACCT-1135,2025-11-29 09:58:16,107.35,McDonalds,Los Angeles,Transportation,In-Store,37,Driver,0
TXN-008143,ACCT-1082,2025-06-16 22:53:14,93.86,Shell Gas,San Francisco,Education,In-Store,26,Driver,0
TXN-008144,ACCT-1022,2025-11-17 23:34:37,72.0,Trader Joes,Detroit,Subscriptions,Online,34,Analyst,0
TXN-008145,ACCT-1063,2025-06-27 15:42:27,107.6,Uber,Austin,Transportation,In-Store,70,Driver,0
TXN-008146,ACCT-1093,2025-04-24 10:00:29,58.82,McDonalds,Philadelphia,Utilities,Online,41,Chef,0
TXN-008147,ACCT-1189,2025-09-19 23:40:42,25.02,Walmart,Detroit,Travel,In-Store,23,Designer,0
TXN-008148,ACCT-1140,2025-05-13 19:47:54,88.51,Costco,Detroit,Education,Online,24,Teacher,0
TXN-008149,ACCT-1107,2025-10-18 14:59:41,399.85,Spotify,Atlanta,Personal Care,Mobile App,63,Student,0
TXN-008150,ACCT-1075,2025-01-20 13:02:26,106.22,Nike,Denver,Transportation,Online,81,Accountant,0
TXN-008151,ACCT-1083,2025-08-31 22:44:13,221.81,Starbucks,Detroit,Groceries,Online,52,Freelancer,0
TXN-008152,ACCT-1144,2025-05-08 17:09:42,65.88,Apple Store,San Antonio,Transportation,Mobile App,27,Chef,0
TXN-008153,ACCT-1164,2025-02-18 19:52:42,49.75,Target,Atlanta,Entertainment,Phone,36,Freelancer,0
TXN-008154,ACCT-1183,2025-09-08 11:29:38,103.7,Uber,Portland,Entertainment,Online,60,Retired,0
TXN-008155,ACCT-1038,2025-07-05 12:09:38,117.87,Grubhub,Chicago,Gas,Mobile App,42,Nurse,0
TXN-008156,ACCT-1124,2025-12-24 13:46:17,171.33,Delta Airlines,Miami,Travel,In-Store,33,Analyst,0
TXN-008157,ACCT-1152,2025-12-12 15:30:48,472.3,Walmart,San Francisco,Gas,Online,58,Chef,0
TXN-008158,ACCT-1099,2025-06-27 15:27:12,157.94,Airbnb,Chicago,Shopping,In-Store,32,Sales Rep,0
TXN-008159,ACCT-1131,2025-05-06 14:46:39,164.65,Home Depot,Dallas,Groceries,Mobile App,34,Lawyer,0
TXN-008160,ACCT-1166,2025-08-02 13:34:53,33.43,Home Depot,Boston,Dining,Online,21,Designer,0
TXN-008161,ACCT-1037,2025-08-21 14:40:56,115.62,Nike,Atlanta,Healthcare,In-Store,18,Designer,0
TXN-008162,ACCT-1019,2025-04-24 18:22:32,328.46,Safeway,Chicago,Education,Mobile App,41,Lawyer,0
TXN-008163,ACCT-1008,2025-02-03 09:14:44,117.43,Delta Airlines,Nashville,Transportation,In-Store,28,Retired,0
TXN-008164,ACCT-1034,2025-11-19 08:41:58,193.44,Chevron,Philadelphia,Groceries,ATM,41,Lawyer,0
TXN-008165,ACCT-1005,2025-05-21 18:45:33,34.03,CVS Pharmacy,Phoenix,Groceries,In-Store,24,Student,0
TXN-008166,ACCT-1071,2025-04-30 15:54:05,130.9,Airbnb,Nashville,Personal Care,Mobile App,42,Analyst,0
TXN-008167,ACCT-1071,2025-04-27 10:06:00,106.16,GoldBullion Direct,Phnom Penh,Travel,Online,42,Analyst,1
TXN-008168,ACCT-1102,2025-12-09 18:53:24,135.64,Grubhub,Miami,Travel,Phone,30,Accountant,0
TXN-008169,ACCT-1198,2025-11-24 13:58:29,311.83,Delta Airlines,Houston,Healthcare,In-Store,53,Engineer,0
TXN-008170,ACCT-1072,2025-01-16 16:31:17,300.79,Shell Gas,Austin,Personal Care,Online,53,Analyst,0
TXN-008171,ACCT-1123,2025-08-23 12:49:04,30.56,Marriott,San Diego,Subscriptions,Online,37,Lawyer,0
TXN-008172,ACCT-1071,2025-03-10 20:11:15,132.04,Best Buy,Nashville,Dining,Online,42,Analyst,0
TXN-008173,ACCT-1136,2025-11-29 22:17:54,339.88,Grubhub,Boston,Utilities,Online,60,Sales Rep,0
TXN-008174,ACCT-1076,2025-06-22 02:14:00,95.22,Grubhub,Portland,Shopping,ATM,18,Teacher,1
TXN-008175,ACCT-1155,2025-01-16 03:50:35,200.3,Shell Gas,Los Angeles,Subscriptions,ATM,35,Accountant,0
TXN-008176,ACCT-1087,2025-07-01 08:55:06,624.18,Hilton,Seattle,Subscriptions,In-Store,61,Manager,0
TXN-008177,ACCT-1057,2025-05-02 12:55:31,524.51,Whole Foods,Seattle,Utilities,Online,55,Analyst,0
TXN-008178,ACCT-1055,2025-01-04 15:58:31,205.51,Target,Denver,Entertainment,In-Store,46,Nurse,0
TXN-008179,ACCT-1086,2025-07-18 10:32:11,30.51,Netflix,Philadelphia,Groceries,In-Store,20,Manager,0
TXN-008180,ACCT-1134,2025-09-26 08:21:01,227.62,Costco,Miami,Transportation,Online,56,Student,0
TXN-008181,ACCT-1132,2025-12-30 14:52:15,170.95,Grubhub,Miami,Gas,Online,54,Manager,0
TXN-008182,ACCT-1144,2025-11-18 17:33:27,438.37,Apple Store,San Antonio,Healthcare,In-Store,27,Chef,0
TXN-008183,ACCT-1001,2025-04-11 19:03:58,182.9,Whole Foods,Minneapolis,Utilities,In-Store,64,Nurse,0
TXN-008184,ACCT-1174,2025-06-26 19:06:44,89.94,McDonalds,San Francisco,Entertainment,Mobile App,34,Retired,0
TXN-008185,ACCT-1086,2025-12-16 15:53:34,61.1,Hilton,Philadelphia,Subscriptions,In-Store,20,Manager,0
TXN-008186,ACCT-1186,2025-12-09 14:08:57,19.54,McDonalds,Dallas,Entertainment,In-Store,19,Freelancer,0
TXN-008187,ACCT-1031,2025-10-08 18:01:41,93.47,Shell Gas,Atlanta,Utilities,Mobile App,71,Doctor,0
TXN-008188,ACCT-1134,2025-04-06 09:29:49,481.5,Whole Foods,Miami,Utilities,Mobile App,56,Student,0
TXN-008189,ACCT-1142,2025-05-16 08:06:02,44.4,Safeway,Los Angeles,Subscriptions,Online,36,Analyst,0
TXN-008190,ACCT-1005,2025-08-02 02:11:35,25.95,Apple Store,Phoenix,Healthcare,In-Store,24,Student,0
TXN-008191,ACCT-1075,2025-06-18 17:33:01,162.37,Safeway,Denver,Personal Care,In-Store,81,Accountant,0
TXN-008192,ACCT-1150,2025-02-06 18:25:59,49.59,Grubhub,Atlanta,Personal Care,In-Store,24,Manager,0
TXN-008193,ACCT-1197,2025-07-10 13:25:19,100.67,Whole Foods,Boston,Subscriptions,In-Store,37,Student,0
TXN-008194,ACCT-1173,2025-05-19 10:10:59,71.17,Lyft,Chicago,Gas,Mobile App,44,Retired,0
TXN-008195,ACCT-1108,2025-12-25 11:02:58,287.65,McDonalds,San Francisco,Entertainment,Online,34,Retired,0
TXN-008196,ACCT-1102,2025-01-20 20:56:17,152.65,Shell Gas,San Antonio,Personal Care,In-Store,30,Accountant,0
TXN-008197,ACCT-1188,2025-06-25 14:33:21,38.07,Safeway,New York,Shopping,Online,23,Sales Rep,0
TXN-008198,ACCT-1036,2025-02-27 10:59:16,28.11,DoorDash,Miami,Groceries,In-Store,21,Sales Rep,0
TXN-008199,ACCT-1132,2025-01-22 09:20:56,224.48,Whole Foods,Miami,Healthcare,Online,54,Manager,0
TXN-008200,ACCT-1137,2025-07-29 23:10:14,147.18,Walmart,New York,Education,In-Store,41,Lawyer,0
TXN-008201,ACCT-1076,2025-05-14 19:11:53,13.26,Shell Gas,Portland,Groceries,In-Store,18,Teacher,0
TXN-008202,ACCT-1016,2025-01-29 15:05:08,372.04,Best Buy,Miami,Subscriptions,In-Store,26,Driver,0
TXN-008203,ACCT-1171,2025-10-20 12:44:15,307.57,Nike,Boston,Entertainment,Online,57,Doctor,0
TXN-008204,ACCT-1052,2025-10-02 20:42:54,21.73,Spotify,Philadelphia,Travel,Mobile App,68,Accountant,0
TXN-008205,ACCT-1165,2025-10-26 12:02:42,10.26,Safeway,San Antonio,Entertainment,In-Store,22,Accountant,0
TXN-008206,ACCT-1019,2025-03-09 14:30:49,128.56,CVS Pharmacy,Chicago,Entertainment,In-Store,41,Lawyer,0
TXN-008207,ACCT-1159,2025-11-08 15:54:26,809.88,Spotify,San Diego,Dining,Online,39,Student,0
TXN-008208,ACCT-1073,2025-05-18 00:13:37,137.99,Uber,Miami,Dining,ATM,34,Analyst,0
TXN-008209,ACCT-1133,2025-11-08 16:26:00,356.91,Hilton,Nashville,Travel,In-Store,19,Student,1
TXN-008210,ACCT-1085,2025-08-07 15:33:26,116.82,Hilton,Atlanta,Subscriptions,Online,38,Student,0
TXN-008211,ACCT-1065,2025-09-08 10:00:56,32.69,Spotify,Chicago,Shopping,In-Store,79,Analyst,0
TXN-008212,ACCT-1042,2025-02-11 20:55:42,92.64,Shell Gas,Seattle,Utilities,In-Store,50,Sales Rep,0
TXN-008213,ACCT-1061,2025-10-10 17:24:00,139.35,GoldBullion Direct,Tirana,Shopping,Online,50,Analyst,1
TXN-008214,ACCT-1112,2025-02-14 13:07:30,36.79,Spotify,Dallas,Personal Care,In-Store,23,Sales Rep,0
TXN-008215,ACCT-1033,2025-12-07 13:41:17,117.77,Zara,Miami,Gas,In-Store,43,Teacher,0
TXN-008216,ACCT-1131,2025-02-14 08:26:38,64.5,Kroger,Dallas,Transportation,Mobile App,34,Lawyer,0
TXN-008217,ACCT-1034,2025-11-19 08:54:00,70.97,Walmart,Philadelphia,Healthcare,In-Store,41,Lawyer,0
TXN-008218,ACCT-1131,2025-09-23 02:35:04,158.0,Walgreens,Dallas,Groceries,Online,34,Lawyer,0
TXN-008219,ACCT-1186,2025-01-13 18:35:09,29.92,Apple Store,Dallas,Entertainment,Mobile App,19,Freelancer,0
TXN-008220,ACCT-1011,2025-08-18 08:31:38,255.5,Trader Joes,Atlanta,Transportation,In-Store,47,Doctor,0
TXN-008221,ACCT-1110,2025-09-16 23:10:31,67.2,United Airlines,San Francisco,Gas,Mobile App,34,Analyst,0
TXN-008222,ACCT-1021,2025-10-27 18:49:37,37.6,Delta Airlines,Phoenix,Subscriptions,ATM,28,Teacher,0
TXN-008223,ACCT-1067,2025-05-27 12:13:28,93.66,McDonalds,Boston,Personal Care,Online,62,Doctor,0
TXN-008224,ACCT-1164,2025-10-06 13:11:45,42.16,Target,Seattle,Gas,In-Store,36,Freelancer,0
TXN-008225,ACCT-1066,2025-03-23 12:18:46,201.95,Delta Airlines,Houston,Entertainment,In-Store,38,Teacher,0
TXN-008226,ACCT-1064,2025-08-07 19:47:07,81.1,Home Depot,Austin,Travel,Phone,19,Driver,0
TXN-008227,ACCT-1166,2025-02-11 13:48:00,36.74,Safeway,Boston,Subscriptions,Mobile App,21,Designer,0
TXN-008228,ACCT-1065,2025-12-18 11:50:12,75.57,Safeway,Detroit,Subscriptions,Online,79,Analyst,0
TXN-008229,ACCT-1021,2025-04-18 09:57:27,70.84,Uber,Minneapolis,Subscriptions,ATM,28,Teacher,0
TXN-008230,ACCT-1088,2025-04-25 08:53:24,246.79,Kroger,Phoenix,Utilities,In-Store,33,Designer,0
TXN-008231,ACCT-1179,2025-04-18 10:12:58,123.95,Best Buy,Nashville,Groceries,In-Store,41,Engineer,0
TXN-008232,ACCT-1000,2025-03-06 15:37:24,155.84,United Airlines,Phoenix,Subscriptions,In-Store,59,Freelancer,0
TXN-008233,ACCT-1133,2025-11-09 08:16:52,29.87,Kroger,Phoenix,Education,Online,19,Student,0
TXN-008234,ACCT-1191,2025-03-03 16:26:21,282.05,Grubhub,San Francisco,Entertainment,Mobile App,61,Designer,0
TXN-008235,ACCT-1036,2025-12-21 12:43:58,91.51,DoorDash,Miami,Subscriptions,ATM,21,Sales Rep,0
TXN-008236,ACCT-1150,2025-10-21 15:04:43,24.96,Whole Foods,Atlanta,Dining,Online,24,Manager,0
TXN-008237,ACCT-1138,2025-12-25 21:25:51,77.17,Uber,Miami,Healthcare,Online,29,Accountant,0
TXN-008238,ACCT-1101,2025-07-12 16:32:54,49.72,Chevron,San Antonio,Personal Care,In-Store,24,Doctor,0
TXN-008239,ACCT-1036,2025-03-29 16:56:01,58.45,DoorDash,New York,Personal Care,Online,21,Sales Rep,0
TXN-008240,ACCT-1109,2025-12-21 15:06:32,43.39,Shell Gas,San Diego,Subscriptions,Mobile App,42,Student,0
TXN-008241,ACCT-1199,2025-12-18 11:53:36,173.78,Costco,Houston,Subscriptions,In-Store,33,Chef,0
TXN-008242,ACCT-1008,2025-02-01 08:25:44,100.95,Netflix,Nashville,Travel,In-Store,28,Retired,0
TXN-008243,ACCT-1009,2025-12-26 13:15:11,46.82,Grubhub,Chicago,Personal Care,Online,69,Analyst,0
TXN-008244,ACCT-1152,2025-02-22 11:37:01,281.31,Lyft,San Francisco,Personal Care,In-Store,58,Chef,0
TXN-008245,ACCT-1104,2025-10-05 10:40:40,48.87,Walmart,Dallas,Entertainment,Mobile App,24,Engineer,0
TXN-008246,ACCT-1064,2025-08-23 12:47:38,37.98,Delta Airlines,Austin,Subscriptions,Mobile App,19,Driver,0
TXN-008247,ACCT-1007,2025-01-20 09:03:30,79.8,Netflix,Atlanta,Groceries,Mobile App,66,Sales Rep,0
TXN-008248,ACCT-1175,2025-07-07 05:38:03,457.69,Netflix,Los Angeles,Education,In-Store,59,Student,0
TXN-008249,ACCT-1091,2025-11-15 18:13:23,206.35,Apple Store,Seattle,Education,Phone,36,Manager,0
TXN-008250,ACCT-1171,2025-02-12 09:58:24,157.96,DoorDash,Boston,Groceries,Online,57,Doctor,0
TXN-008251,ACCT-1120,2025-01-03 11:15:59,311.43,Hilton,Minneapolis,Subscriptions,In-Store,54,Teacher,0
TXN-008252,ACCT-1131,2025-03-11 10:05:10,170.03,Best Buy,Chicago,Travel,Online,34,Lawyer,0
TXN-008253,ACCT-1171,2025-11-13 15:19:31,72.45,Costco,Boston,Gas,Online,57,Doctor,0
TXN-008254,ACCT-1132,2025-02-26 14:07:08,276.18,Grubhub,Miami,Gas,Online,54,Manager,0
TXN-008255,ACCT-1184,2025-06-24 12:30:44,100.07,Chevron,Seattle,Healthcare,Mobile App,30,Analyst,0
TXN-008256,ACCT-1164,2025-06-06 09:38:43,26.58,Apple Store,Seattle,Groceries,Phone,36,Freelancer,0
TXN-008257,ACCT-1139,2025-12-09 11:40:12,101.17,Delta Airlines,Los Angeles,Education,ATM,40,Driver,0
TXN-008258,ACCT-1174,2025-05-14 17:25:20,341.89,Apple Store,San Francisco,Shopping,Online,34,Retired,0
TXN-008259,ACCT-1171,2025-07-12 16:56:30,453.86,Trader Joes,Boston,Transportation,Online,57,Doctor,0
TXN-008260,ACCT-1170,2025-12-07 07:39:51,589.19,DoorDash,San Francisco,Gas,Online,60,Lawyer,0
TXN-008261,ACCT-1015,2025-11-06 14:33:27,73.92,Walgreens,Minneapolis,Education,Mobile App,43,Lawyer,0
TXN-008262,ACCT-1108,2025-10-16 22:08:51,207.27,Airbnb,San Francisco,Utilities,In-Store,34,Retired,0
TXN-008263,ACCT-1011,2025-12-05 11:38:13,762.92,Walmart,Atlanta,Travel,Online,47,Doctor,0
TXN-008264,ACCT-1001,2025-07-09 18:58:39,164.12,Nike,Portland,Healthcare,In-Store,64,Nurse,0
TXN-008265,ACCT-1079,2025-08-02 16:53:47,234.84,Netflix,Phoenix,Subscriptions,Mobile App,52,Retired,0
TXN-008266,ACCT-1044,2025-01-11 12:01:38,203.23,Shell Gas,Portland,Education,In-Store,73,Doctor,0
TXN-008267,ACCT-1074,2025-03-04 12:37:14,239.81,United Airlines,Miami,Utilities,Online,42,Freelancer,0
TXN-008268,ACCT-1128,2025-04-12 08:07:33,34.36,DoorDash,Denver,Subscriptions,ATM,21,Engineer,0
TXN-008269,ACCT-1041,2025-02-22 10:50:36,130.71,Nike,Los Angeles,Gas,In-Store,44,Designer,0
TXN-008270,ACCT-1114,2025-05-25 19:03:58,31.8,Apple Store,Detroit,Groceries,In-Store,65,Teacher,0
TXN-008271,ACCT-1099,2025-07-02 01:26:12,91.66,Costco,Detroit,Subscriptions,Mobile App,32,Sales Rep,0
TXN-008272,ACCT-1020,2025-06-02 09:51:26,50.02,Best Buy,Detroit,Personal Care,ATM,36,Engineer,0
TXN-008273,ACCT-1026,2025-09-02 18:20:22,89.63,Netflix,Phoenix,Utilities,ATM,33,Lawyer,0
TXN-008274,ACCT-1085,2025-11-22 14:17:14,268.83,Apple Store,Dallas,Healthcare,ATM,38,Student,0
TXN-008275,ACCT-1158,2025-03-17 10:18:45,63.74,Netflix,Nashville,Subscriptions,In-Store,23,Doctor,0
TXN-008276,ACCT-1168,2025-08-24 13:58:15,85.99,Zara,Boston,Healthcare,ATM,82,Teacher,0
TXN-008277,ACCT-1185,2025-02-03 20:17:55,280.62,Nike,New York,Subscriptions,Online,58,Lawyer,0
TXN-008278,ACCT-1158,2025-02-20 13:08:15,24.75,Netflix,Nashville,Personal Care,ATM,23,Doctor,0
TXN-008279,ACCT-1003,2025-06-15 22:28:10,152.15,United Airlines,San Antonio,Transportation,Online,73,Engineer,0
TXN-008280,ACCT-1012,2025-03-31 20:23:28,22.34,Costco,Denver,Travel,In-Store,22,Teacher,0
TXN-008281,ACCT-1191,2025-02-16 11:16:00,303.22,Walmart,San Francisco,Gas,Mobile App,61,Designer,0
TXN-008282,ACCT-1027,2025-02-20 18:56:59,125.27,Chevron,Houston,Education,Phone,28,Sales Rep,0
TXN-008283,ACCT-1027,2025-12-10 10:12:20,129.78,Uber,Houston,Travel,Mobile App,28,Sales Rep,0
TXN-008284,ACCT-1135,2025-03-08 22:40:02,170.11,Marriott,Los Angeles,Transportation,Mobile App,37,Driver,0
TXN-008285,ACCT-1002,2025-09-12 12:56:33,73.27,Target,New York,Healthcare,ATM,26,Lawyer,0
TXN-008286,ACCT-1138,2025-05-21 13:57:55,136.43,Best Buy,Miami,Subscriptions,In-Store,29,Accountant,0
TXN-008287,ACCT-1134,2025-10-06 13:38:20,316.95,Whole Foods,Miami,Gas,Online,56,Student,0
TXN-008288,ACCT-1153,2025-05-23 14:38:15,84.01,Lyft,Los Angeles,Entertainment,In-Store,33,Lawyer,0
TXN-008289,ACCT-1116,2025-07-05 17:26:33,25.15,Walgreens,Austin,Subscriptions,Online,19,Lawyer,0
TXN-008290,ACCT-1017,2025-05-17 13:18:54,171.13,CVS Pharmacy,San Diego,Personal Care,In-Store,76,Nurse,0
TXN-008291,ACCT-1150,2025-01-01 12:54:27,45.98,Costco,Atlanta,Dining,Mobile App,24,Manager,0
TXN-008292,ACCT-1146,2025-07-17 10:44:06,96.85,CVS Pharmacy,Atlanta,Utilities,Mobile App,39,Accountant,0
TXN-008293,ACCT-1100,2025-05-09 23:14:30,124.01,Marriott,Phoenix,Entertainment,Online,80,Manager,0
TXN-008294,ACCT-1133,2025-06-15 12:33:46,69.07,Grubhub,Nashville,Transportation,Online,19,Student,0
TXN-008295,ACCT-1049,2025-03-23 05:04:15,1084.51,Netflix,Chicago,Personal Care,Phone,48,Accountant,0
TXN-008296,ACCT-1054,2025-04-08 00:47:57,418.43,Airbnb,Nashville,Healthcare,ATM,80,Retired,0
TXN-008297,ACCT-1025,2025-06-21 08:12:27,96.77,Nike,New York,Entertainment,Online,43,Chef,0
TXN-008298,ACCT-1133,2025-09-17 09:29:30,51.23,Grubhub,Nashville,Education,Mobile App,19,Student,0
TXN-008299,ACCT-1172,2025-04-23 10:37:15,46.78,Home Depot,Austin,Entertainment,Online,25,Nurse,0
TXN-008300,ACCT-1015,2025-02-13 13:51:08,31.95,Airbnb,Minneapolis,Utilities,In-Store,43,Lawyer,0
TXN-008301,ACCT-1196,2025-06-13 09:33:33,427.65,Target,New York,Healthcare,In-Store,48,Freelancer,0
TXN-008302,ACCT-1164,2025-12-28 13:54:51,142.53,Walgreens,Minneapolis,Entertainment,In-Store,36,Freelancer,0
TXN-008303,ACCT-1037,2025-08-24 09:49:23,37.48,Hilton,Atlanta,Utilities,In-Store,18,Designer,0
TXN-008304,ACCT-1025,2025-10-13 09:08:59,147.65,Home Depot,New York,Entertainment,In-Store,43,Chef,0
TXN-008305,ACCT-1040,2025-10-31 19:12:03,240.95,CVS Pharmacy,Seattle,Groceries,Mobile App,29,Driver,0
TXN-008306,ACCT-1082,2025-08-22 09:48:41,64.3,Shell Gas,San Francisco,Entertainment,Mobile App,26,Driver,0
TXN-008307,ACCT-1052,2025-07-17 18:57:48,59.07,Zara,Philadelphia,Education,In-Store,68,Accountant,0
TXN-008308,ACCT-1026,2025-08-18 23:31:25,212.71,Costco,Detroit,Utilities,Online,33,Lawyer,0
TXN-008309,ACCT-1171,2025-11-22 11:25:21,173.61,Walgreens,Boston,Shopping,In-Store,57,Doctor,0
TXN-008310,ACCT-1076,2025-12-29 10:17:59,19.28,United Airlines,Portland,Entertainment,In-Store,18,Teacher,0
TXN-008311,ACCT-1086,2025-07-11 15:55:38,22.17,Zara,Philadelphia,Healthcare,In-Store,20,Manager,0
TXN-008312,ACCT-1085,2025-11-06 09:05:58,294.01,Delta Airlines,Dallas,Dining,Online,38,Student,0
TXN-008313,ACCT-1192,2025-12-12 16:19:16,374.8,Apple Store,San Antonio,Entertainment,Online,56,Designer,0
TXN-008314,ACCT-1081,2025-01-02 02:22:31,138.27,Spotify,Denver,Healthcare,Mobile App,77,Accountant,0
TXN-008315,ACCT-1125,2025-02-10 15:53:20,519.04,Hilton,Atlanta,Transportation,Online,61,Teacher,0
TXN-008316,ACCT-1097,2025-06-18 08:15:56,287.93,Spotify,Los Angeles,Utilities,Mobile App,52,Teacher,0
TXN-008317,ACCT-1127,2025-09-26 14:48:08,53.95,Uber,Denver,Dining,Mobile App,32,Nurse,0
TXN-008318,ACCT-1128,2025-12-29 13:49:41,45.56,Best Buy,Minneapolis,Education,ATM,21,Engineer,0
TXN-008319,ACCT-1033,2025-04-06 17:56:59,114.13,Hilton,Seattle,Travel,Online,43,Teacher,0
TXN-008320,ACCT-1132,2025-01-30 12:19:28,339.8,Grubhub,Miami,Education,Mobile App,54,Manager,0
TXN-008321,ACCT-1106,2025-10-03 14:01:27,67.35,Hilton,Seattle,Healthcare,Mobile App,23,Retired,0
TXN-008322,ACCT-1034,2025-04-21 17:08:18,119.86,Home Depot,Philadelphia,Gas,Online,41,Lawyer,0
TXN-008323,ACCT-1157,2025-03-01 15:50:51,162.85,Amazon,San Diego,Entertainment,In-Store,57,Lawyer,0
TXN-008324,ACCT-1078,2025-04-23 09:04:24,52.76,Chevron,Houston,Dining,Mobile App,24,Freelancer,0
TXN-008325,ACCT-1110,2025-03-30 11:52:28,63.79,United Airlines,San Francisco,Shopping,Mobile App,34,Analyst,0
TXN-008326,ACCT-1003,2025-06-24 10:42:17,256.5,Whole Foods,San Antonio,Healthcare,Online,73,Engineer,0
TXN-008327,ACCT-1059,2025-08-25 07:32:29,508.84,CVS Pharmacy,Los Angeles,Healthcare,ATM,48,Doctor,0
TXN-008328,ACCT-1190,2025-07-18 09:33:45,538.19,Airbnb,Nashville,Personal Care,Mobile App,40,Teacher,0
TXN-008329,ACCT-1059,2025-07-08 14:26:58,235.35,Safeway,Los Angeles,Personal Care,Online,48,Doctor,0
TXN-008330,ACCT-1047,2025-01-25 11:57:20,60.81,Nike,Dallas,Entertainment,ATM,75,Sales Rep,0
TXN-008331,ACCT-1132,2025-09-18 14:13:09,452.57,Safeway,Miami,Gas,Online,54,Manager,0
TXN-008332,ACCT-1187,2025-03-18 15:11:38,164.82,Delta Airlines,San Antonio,Shopping,Mobile App,28,Freelancer,0
TXN-008333,ACCT-1078,2025-09-06 21:08:07,38.77,Spotify,Houston,Education,Online,24,Freelancer,0
TXN-008334,ACCT-1123,2025-06-13 12:12:24,72.22,DoorDash,San Diego,Dining,In-Store,37,Lawyer,0
TXN-008335,ACCT-1079,2025-03-28 18:29:28,402.34,Netflix,Phoenix,Travel,In-Store,52,Retired,0
TXN-008336,ACCT-1004,2025-03-07 18:18:00,660.34,CryptoXchange Ltd,Tirana,Travel,Online,28,Designer,1
TXN-008337,ACCT-1077,2025-07-17 11:49:26,22.22,Nike,Seattle,Gas,Online,80,Driver,0
TXN-008338,ACCT-1061,2025-07-25 12:50:03,447.94,Grubhub,Boston,Subscriptions,Mobile App,50,Analyst,0
TXN-008339,ACCT-1027,2025-07-03 14:08:01,422.27,Delta Airlines,Philadelphia,Subscriptions,Online,28,Sales Rep,0
TXN-008340,ACCT-1030,2025-07-02 18:53:17,512.22,Kroger,San Diego,Groceries,ATM,48,Manager,0
TXN-008341,ACCT-1074,2025-09-25 18:26:23,106.52,Delta Airlines,Detroit,Travel,Mobile App,42,Freelancer,0
TXN-008342,ACCT-1081,2025-10-13 18:14:10,104.61,Costco,Denver,Dining,In-Store,77,Accountant,0
TXN-008343,ACCT-1144,2025-04-29 08:27:55,122.71,Walgreens,San Antonio,Healthcare,Online,27,Chef,0
TXN-008344,ACCT-1091,2025-12-05 22:24:19,88.63,Hilton,Miami,Utilities,ATM,36,Manager,0
TXN-008345,ACCT-1022,2025-11-28 20:28:26,60.51,Marriott,Detroit,Shopping,Online,34,Analyst,0
TXN-008346,ACCT-1039,2025-09-10 10:51:00,119.87,Uber,Houston,Personal Care,Online,82,Accountant,0
TXN-008347,ACCT-1043,2025-01-27 12:53:42,199.46,McDonalds,Atlanta,Shopping,Online,34,Manager,0
TXN-008348,ACCT-1198,2025-02-20 19:37:04,344.91,Delta Airlines,Houston,Transportation,In-Store,53,Engineer,0
TXN-008349,ACCT-1038,2025-01-12 18:14:52,226.72,Chevron,Chicago,Entertainment,Mobile App,42,Nurse,0
TXN-008350,ACCT-1160,2025-09-12 12:56:05,411.57,Airbnb,Seattle,Healthcare,In-Store,40,Nurse,0
TXN-008351,ACCT-1121,2025-06-17 18:00:21,456.14,Whole Foods,Houston,Healthcare,Online,35,Accountant,0
TXN-008352,ACCT-1067,2025-08-27 08:41:27,280.62,Costco,Boston,Personal Care,Mobile App,62,Doctor,0
TXN-008353,ACCT-1166,2025-11-28 21:14:19,32.07,Marriott,Boston,Personal Care,Mobile App,21,Designer,0
TXN-008354,ACCT-1170,2025-08-20 14:50:55,518.79,Hilton,Denver,Subscriptions,Online,60,Lawyer,0
TXN-008355,ACCT-1078,2025-10-10 14:54:00,34.06,Trader Joes,Houston,Entertainment,In-Store,24,Freelancer,0
TXN-008356,ACCT-1118,2025-01-08 07:09:40,161.12,Trader Joes,Detroit,Shopping,In-Store,37,Designer,0
TXN-008357,ACCT-1192,2025-07-01 09:19:49,457.93,CVS Pharmacy,San Antonio,Entertainment,Mobile App,56,Designer,0
TXN-008358,ACCT-1061,2025-01-03 13:01:44,175.82,Marriott,Boston,Groceries,In-Store,50,Analyst,0
TXN-008359,ACCT-1035,2025-04-14 08:49:47,108.49,Whole Foods,Houston,Healthcare,Phone,36,Chef,0
TXN-008360,ACCT-1112,2025-12-15 11:46:36,81.4,Kroger,San Antonio,Transportation,Online,23,Sales Rep,0
TXN-008361,ACCT-1146,2025-09-25 13:11:26,27.97,Netflix,Atlanta,Entertainment,Mobile App,39,Accountant,0
TXN-008362,ACCT-1037,2025-09-01 11:02:13,31.83,Costco,Atlanta,Personal Care,ATM,18,Designer,0
TXN-008363,ACCT-1099,2025-12-15 08:07:27,84.09,Nike,Detroit,Subscriptions,In-Store,32,Sales Rep,0
TXN-008364,ACCT-1175,2025-07-19 08:57:12,292.96,Shell Gas,Los Angeles,Personal Care,Online,59,Student,0
TXN-008365,ACCT-1070,2025-08-17 18:03:00,2136.48,Marriott,Portland,Entertainment,Online,56,Student,1
TXN-008366,ACCT-1136,2025-05-18 13:01:57,210.13,Walmart,Boston,Dining,In-Store,60,Sales Rep,0
TXN-008367,ACCT-1091,2025-05-16 16:55:53,138.4,Whole Foods,Miami,Education,In-Store,36,Manager,0
TXN-008368,ACCT-1103,2025-12-12 12:20:00,2500.0,Walmart,Los Angeles,Travel,Online,23,Sales Rep,1
TXN-008369,ACCT-1029,2025-02-16 11:27:30,173.36,Nike,New York,Personal Care,Online,32,Freelancer,0
TXN-008370,ACCT-1136,2025-04-30 07:36:03,176.58,Walmart,Boston,Education,Online,60,Sales Rep,0
TXN-008371,ACCT-1188,2025-09-06 12:14:34,77.12,McDonalds,San Diego,Utilities,Online,23,Sales Rep,0
TXN-008372,ACCT-1031,2025-06-11 11:37:13,119.16,Chevron,San Antonio,Travel,Online,71,Doctor,0
TXN-008373,ACCT-1162,2025-12-10 11:50:55,257.54,Nike,Denver,Utilities,Online,58,Retired,0
TXN-008374,ACCT-1096,2025-12-09 07:04:20,181.23,Spotify,New York,Groceries,Online,30,Chef,0
TXN-008375,ACCT-1016,2025-01-20 16:18:36,79.51,Uber,Miami,Subscriptions,Online,26,Driver,0
TXN-008376,ACCT-1051,2025-02-09 12:04:58,168.67,Kroger,Phoenix,Gas,Online,45,Chef,0
TXN-008377,ACCT-1108,2025-06-27 23:39:04,169.07,DoorDash,San Francisco,Groceries,Mobile App,34,Retired,0
TXN-008378,ACCT-1011,2025-11-01 14:03:49,421.53,Marriott,Dallas,Utilities,Mobile App,47,Doctor,0
TXN-008379,ACCT-1129,2025-08-07 10:47:20,48.96,Hilton,Chicago,Travel,Mobile App,32,Sales Rep,0
TXN-008380,ACCT-1152,2025-01-29 11:44:01,213.42,Walmart,Houston,Gas,In-Store,58,Chef,0
TXN-008381,ACCT-1141,2025-04-15 17:23:55,312.45,DoorDash,Seattle,Dining,Online,32,Engineer,0
TXN-008382,ACCT-1096,2025-09-19 20:17:08,130.5,Costco,New York,Entertainment,ATM,30,Chef,0
TXN-008383,ACCT-1183,2025-09-05 12:19:41,566.63,Uber,Houston,Gas,In-Store,60,Retired,0
TXN-008384,ACCT-1052,2025-07-23 11:02:34,63.32,Costco,Philadelphia,Transportation,Online,68,Accountant,0
TXN-008385,ACCT-1001,2025-11-08 05:46:12,374.53,Whole Foods,Minneapolis,Utilities,In-Store,64,Nurse,0
TXN-008386,ACCT-1054,2025-04-08 07:12:51,123.02,Kroger,Nashville,Healthcare,Mobile App,80,Retired,0
TXN-008387,ACCT-1113,2025-10-04 12:35:04,116.29,Netflix,Houston,Entertainment,Online,41,Designer,0
TXN-008388,ACCT-1098,2025-12-17 12:44:01,343.54,Kroger,Houston,Subscriptions,Online,37,Sales Rep,0
TXN-008389,ACCT-1046,2025-10-08 16:10:29,106.87,Target,Atlanta,Transportation,Online,27,Driver,0
TXN-008390,ACCT-1165,2025-02-08 09:49:24,18.56,Chevron,San Antonio,Subscriptions,ATM,22,Accountant,0
TXN-008391,ACCT-1071,2025-04-02 22:14:43,84.16,Best Buy,Nashville,Gas,Online,42,Analyst,0
TXN-008392,ACCT-1030,2025-04-17 09:44:35,584.96,Safeway,Seattle,Utilities,Phone,48,Manager,0
TXN-008393,ACCT-1028,2025-12-07 16:41:49,22.14,Kroger,Seattle,Transportation,In-Store,23,Freelancer,0
TXN-008394,ACCT-1143,2025-10-04 20:57:36,43.45,Whole Foods,Minneapolis,Transportation,In-Store,76,Retired,0
TXN-008395,ACCT-1117,2025-02-16 12:35:36,145.22,Zara,Houston,Entertainment,Online,56,Teacher,0
TXN-008396,ACCT-1137,2025-03-10 16:38:51,53.46,Walmart,Miami,Transportation,Phone,41,Lawyer,0
TXN-008397,ACCT-1084,2025-03-13 08:26:07,34.16,Chevron,Dallas,Utilities,ATM,24,Engineer,0
TXN-008398,ACCT-1152,2025-05-05 14:52:33,266.39,Lyft,San Francisco,Healthcare,In-Store,58,Chef,0
TXN-008399,ACCT-1096,2025-11-04 09:56:55,157.27,Shell Gas,New York,Transportation,Online,30,Chef,0
TXN-008400,ACCT-1153,2025-07-15 10:13:41,69.91,CVS Pharmacy,Los Angeles,Transportation,Online,33,Lawyer,0
TXN-008401,ACCT-1061,2025-03-30 20:24:01,335.12,Whole Foods,Boston,Travel,Online,50,Analyst,0
TXN-008402,ACCT-1119,2025-09-13 14:08:53,176.28,Costco,Boston,Entertainment,In-Store,41,Designer,0
TXN-008403,ACCT-1023,2025-04-24 12:31:28,86.24,Walgreens,Dallas,Subscriptions,In-Store,39,Retired,0
TXN-008404,ACCT-1162,2025-10-11 06:54:25,603.89,CVS Pharmacy,Denver,Subscriptions,Online,58,Retired,0
TXN-008405,ACCT-1183,2025-10-08 16:59:55,210.57,Zara,Portland,Healthcare,Online,60,Retired,0
TXN-008406,ACCT-1094,2025-08-25 19:16:46,499.62,Hilton,San Francisco,Gas,In-Store,48,Driver,0
TXN-008407,ACCT-1108,2025-02-12 15:07:50,114.3,CVS Pharmacy,San Francisco,Gas,ATM,34,Retired,0
TXN-008408,ACCT-1091,2025-08-12 21:20:07,101.34,Apple Store,Miami,Transportation,Online,36,Manager,0
TXN-008409,ACCT-1041,2025-01-14 18:38:58,57.06,Shell Gas,Los Angeles,Transportation,Mobile App,44,Designer,0
TXN-008410,ACCT-1076,2025-10-20 11:32:09,24.01,Whole Foods,Denver,Groceries,In-Store,18,Teacher,0
TXN-008411,ACCT-1185,2025-10-15 09:59:12,81.95,Amazon,New York,Groceries,ATM,58,Lawyer,0
TXN-008412,ACCT-1059,2025-09-14 08:10:42,797.73,Uber,Los Angeles,Shopping,In-Store,48,Doctor,0
TXN-008413,ACCT-1090,2025-01-04 12:26:11,42.46,Chevron,Dallas,Education,Online,24,Retired,0
TXN-008414,ACCT-1141,2025-09-20 11:09:42,100.35,Airbnb,San Diego,Travel,Online,32,Engineer,0
TXN-008415,ACCT-1127,2025-12-14 08:04:00,212.54,CryptoXchange Ltd,Karachi,Travel,Online,32,Nurse,1
TXN-008416,ACCT-1023,2025-05-16 13:44:52,73.25,Marriott,New York,Groceries,Online,39,Retired,0
TXN-008417,ACCT-1186,2025-02-23 11:37:38,26.0,Apple Store,Dallas,Personal Care,Online,19,Freelancer,0
TXN-008418,ACCT-1003,2025-05-06 12:20:36,180.33,Zara,San Antonio,Groceries,Mobile App,73,Engineer,0
TXN-008419,ACCT-1019,2025-01-31 09:22:42,69.95,Chevron,Chicago,Groceries,Phone,41,Lawyer,0
TXN-008420,ACCT-1139,2025-06-29 17:38:02,107.37,Zara,Los Angeles,Transportation,Online,40,Driver,0
TXN-008421,ACCT-1066,2025-06-11 13:30:38,79.35,Delta Airlines,Houston,Groceries,In-Store,38,Teacher,0
TXN-008422,ACCT-1056,2025-04-20 12:32:59,148.81,Walmart,Philadelphia,Groceries,In-Store,39,Freelancer,0
TXN-008423,ACCT-1048,2025-04-04 18:29:38,81.31,Delta Airlines,San Antonio,Entertainment,In-Store,25,Lawyer,0
TXN-008424,ACCT-1177,2025-01-22 07:36:06,25.16,Airbnb,Portland,Shopping,Online,24,Teacher,0
TXN-008425,ACCT-1027,2025-01-15 10:17:22,89.56,Chevron,Houston,Shopping,Online,28,Sales Rep,0
TXN-008426,ACCT-1196,2025-12-05 15:22:58,239.0,Hilton,Los Angeles,Transportation,Online,48,Freelancer,0
TXN-008427,ACCT-1043,2025-03-12 10:31:13,119.97,McDonalds,Denver,Groceries,ATM,34,Manager,0
TXN-008428,ACCT-1019,2025-12-18 18:30:22,61.43,Netflix,Chicago,Subscriptions,Mobile App,41,Lawyer,0
TXN-008429,ACCT-1149,2025-05-25 12:51:00,750.0,Kroger,Minsk,Travel,Phone,41,Sales Rep,1
TXN-008430,ACCT-1136,2025-05-17 14:48:17,422.19,Walmart,Boston,Dining,ATM,60,Sales Rep,0
TXN-008431,ACCT-1097,2025-10-20 16:29:21,152.46,DoorDash,Los Angeles,Utilities,ATM,52,Teacher,0
TXN-008432,ACCT-1170,2025-02-15 22:35:13,239.55,Spotify,Philadelphia,Education,Online,60,Lawyer,0
TXN-008433,ACCT-1159,2025-10-27 12:33:15,143.84,Best Buy,San Diego,Travel,Online,39,Student,0
TXN-008434,ACCT-1187,2025-02-13 14:13:50,373.37,Delta Airlines,San Antonio,Shopping,In-Store,28,Freelancer,0
TXN-008435,ACCT-1029,2025-02-05 20:48:16,78.54,Shell Gas,New York,Personal Care,Mobile App,32,Freelancer,0
TXN-008436,ACCT-1046,2025-03-26 18:19:07,107.35,Safeway,Atlanta,Groceries,Online,27,Driver,0
TXN-008437,ACCT-1063,2025-08-05 14:40:32,99.83,Airbnb,Austin,Groceries,ATM,70,Driver,0
TXN-008438,ACCT-1035,2025-04-10 15:33:26,74.52,Uber,New York,Utilities,Mobile App,36,Chef,1
TXN-008439,ACCT-1083,2025-06-13 21:06:32,580.78,Grubhub,Detroit,Shopping,Online,52,Freelancer,0
TXN-008440,ACCT-1023,2025-02-04 21:34:00,1024.84,Costco,Dallas,Travel,In-Store,39,Retired,1
TXN-008441,ACCT-1014,2025-09-20 15:21:21,99.81,Kroger,Nashville,Shopping,Online,54,Chef,0
TXN-008442,ACCT-1104,2025-04-15 13:46:02,29.29,Amazon,Dallas,Travel,Mobile App,24,Engineer,0
TXN-008443,ACCT-1170,2025-03-08 14:26:37,444.83,Hilton,San Francisco,Transportation,Mobile App,60,Lawyer,0
TXN-008444,ACCT-1118,2025-12-25 20:16:24,103.55,Walgreens,Detroit,Dining,In-Store,37,Designer,0
TXN-008445,ACCT-1087,2025-03-03 12:58:07,509.19,Lyft,Miami,Healthcare,Mobile App,61,Manager,0
TXN-008446,ACCT-1180,2025-09-25 06:00:03,184.16,Zara,Detroit,Entertainment,Phone,45,Freelancer,0
TXN-008447,ACCT-1084,2025-01-19 08:38:47,31.84,CVS Pharmacy,Chicago,Transportation,In-Store,24,Engineer,0
TXN-008448,ACCT-1078,2025-11-11 10:07:03,54.67,Spotify,Houston,Utilities,Online,24,Freelancer,0
TXN-008449,ACCT-1113,2025-06-17 08:55:43,204.87,Home Depot,Houston,Healthcare,Online,41,Designer,0
TXN-008450,ACCT-1145,2025-06-13 15:47:35,57.87,Costco,Nashville,Travel,In-Store,19,Chef,0
TXN-008451,ACCT-1097,2025-04-08 19:31:11,488.88,Starbucks,Los Angeles,Dining,Online,52,Teacher,0
TXN-008452,ACCT-1099,2025-04-12 11:34:58,61.44,Chevron,Detroit,Education,ATM,32,Sales Rep,0
TXN-008453,ACCT-1160,2025-12-11 19:53:35,142.0,Marriott,Denver,Transportation,In-Store,40,Nurse,0
TXN-008454,ACCT-1001,2025-08-21 16:49:44,299.01,Whole Foods,Minneapolis,Shopping,In-Store,64,Nurse,0
TXN-008455,ACCT-1147,2025-05-30 09:07:21,94.41,Walmart,Atlanta,Dining,Online,75,Doctor,0
TXN-008456,ACCT-1117,2025-05-02 22:05:31,357.55,Lyft,Chicago,Transportation,Online,56,Teacher,0
TXN-008457,ACCT-1029,2025-01-02 12:47:01,87.29,Zara,New York,Entertainment,Mobile App,32,Freelancer,0
TXN-008458,ACCT-1166,2025-06-20 18:36:47,23.94,Home Depot,Boston,Personal Care,ATM,21,Designer,0
TXN-008459,ACCT-1015,2025-09-18 11:46:38,140.2,Airbnb,Minneapolis,Travel,Mobile App,43,Lawyer,0
TXN-008460,ACCT-1168,2025-07-17 18:15:59,54.33,Lyft,Houston,Travel,Mobile App,82,Teacher,0
TXN-008461,ACCT-1136,2025-11-02 08:20:55,952.98,Uber,Boston,Entertainment,Online,60,Sales Rep,0
TXN-008462,ACCT-1042,2025-08-21 10:00:10,245.54,Safeway,Seattle,Gas,ATM,50,Sales Rep,0
TXN-008463,ACCT-1128,2025-11-27 11:55:30,32.68,Uber,Boston,Groceries,Online,21,Engineer,0
TXN-008464,ACCT-1086,2025-11-21 14:57:03,64.33,Zara,Philadelphia,Travel,Online,20,Manager,0
TXN-008465,ACCT-1108,2025-08-09 20:21:19,242.63,Nike,San Francisco,Shopping,Online,34,Retired,0
TXN-008466,ACCT-1062,2025-01-26 12:14:00,1500.0,CryptoXchange Ltd,Detroit,Shopping,Online,52,Student,1
TXN-008467,ACCT-1041,2025-10-02 21:04:44,100.63,Apple Store,Los Angeles,Shopping,Phone,44,Designer,0
TXN-008468,ACCT-1155,2025-10-22 12:11:42,147.99,Shell Gas,Los Angeles,Gas,In-Store,35,Accountant,0
TXN-008469,ACCT-1045,2025-03-21 12:38:32,567.87,Netflix,Boston,Shopping,In-Store,66,Chef,0
TXN-008470,ACCT-1090,2025-06-29 17:41:21,34.31,Shell Gas,Dallas,Healthcare,In-Store,24,Retired,0
TXN-008471,ACCT-1154,2025-12-18 17:59:22,103.35,Walmart,San Diego,Dining,Online,34,Teacher,0
TXN-008472,ACCT-1069,2025-09-09 13:24:05,47.52,United Airlines,Minneapolis,Personal Care,Mobile App,32,Manager,0
TXN-008473,ACCT-1007,2025-06-02 08:18:01,228.34,Whole Foods,San Antonio,Transportation,In-Store,66,Sales Rep,0
TXN-008474,ACCT-1103,2025-07-31 12:35:45,42.95,Hilton,Houston,Personal Care,ATM,23,Sales Rep,0
TXN-008475,ACCT-1035,2025-09-01 07:41:55,100.71,Netflix,Houston,Utilities,Online,36,Chef,0
TXN-008476,ACCT-1152,2025-09-28 20:51:01,212.27,Walmart,San Francisco,Transportation,Mobile App,58,Chef,0
TXN-008477,ACCT-1163,2025-07-08 08:07:20,102.35,Zara,Seattle,Entertainment,Phone,48,Teacher,0
TXN-008478,ACCT-1045,2025-08-30 13:11:05,111.83,Netflix,Philadelphia,Transportation,Online,66,Chef,0
TXN-008479,ACCT-1089,2025-07-11 14:58:54,73.13,Whole Foods,Dallas,Utilities,In-Store,18,Driver,0
TXN-008480,ACCT-1099,2025-01-08 14:31:28,72.14,Airbnb,Detroit,Gas,In-Store,32,Sales Rep,0
TXN-008481,ACCT-1023,2025-01-21 10:38:14,100.28,Marriott,Dallas,Utilities,In-Store,39,Retired,0
TXN-008482,ACCT-1052,2025-10-26 08:03:03,62.69,Target,Philadelphia,Personal Care,Mobile App,68,Accountant,0
TXN-008483,ACCT-1051,2025-10-25 00:29:09,127.08,Hilton,Phoenix,Utilities,Phone,45,Chef,0
TXN-008484,ACCT-1058,2025-11-13 15:01:14,253.32,Walmart,San Diego,Transportation,Online,36,Designer,0
TXN-008485,ACCT-1076,2025-05-18 14:04:48,19.26,Airbnb,Portland,Entertainment,Online,18,Teacher,0
TXN-008486,ACCT-1083,2025-09-03 09:59:32,174.76,Starbucks,Detroit,Utilities,Mobile App,52,Freelancer,0
TXN-008487,ACCT-1128,2025-02-07 06:23:00,48.64,Chevron,Detroit,Education,Mobile App,21,Engineer,0
TXN-008488,ACCT-1010,2025-10-25 06:39:42,29.59,Apple Store,Detroit,Dining,In-Store,19,Sales Rep,0
TXN-008489,ACCT-1066,2025-11-09 09:27:52,428.26,Best Buy,Houston,Dining,In-Store,38,Teacher,0
TXN-008490,ACCT-1055,2025-06-21 10:46:49,284.03,United Airlines,Denver,Healthcare,Online,46,Nurse,0
TXN-008491,ACCT-1045,2025-07-13 21:39:57,67.24,Walgreens,Philadelphia,Gas,Online,66,Chef,0
TXN-008492,ACCT-1119,2025-09-18 13:18:00,1580.44,DoorDash,Boston,Travel,Online,41,Designer,1
TXN-008493,ACCT-1071,2025-01-30 12:51:13,187.9,Airbnb,Nashville,Personal Care,Online,42,Analyst,0
TXN-008494,ACCT-1108,2025-04-12 07:04:20,254.64,Trader Joes,San Francisco,Dining,Mobile App,34,Retired,0
TXN-008495,ACCT-1006,2025-11-02 12:53:02,105.59,McDonalds,Atlanta,Entertainment,Online,55,Nurse,0
TXN-008496,ACCT-1099,2025-07-23 19:31:28,185.8,Nike,Detroit,Personal Care,Online,32,Sales Rep,0
TXN-008497,ACCT-1078,2025-07-11 13:23:59,43.28,Apple Store,Houston,Education,In-Store,24,Freelancer,0
TXN-008498,ACCT-1097,2025-01-19 23:28:44,712.06,Costco,Los Angeles,Healthcare,Online,52,Teacher,0
TXN-008499,ACCT-1188,2025-09-21 13:43:17,20.55,Apple Store,New York,Groceries,In-Store,23,Sales Rep,0
TXN-008500,ACCT-1181,2025-11-22 09:42:42,149.98,Starbucks,Dallas,Education,In-Store,48,Manager,0
TXN-008501,ACCT-1105,2025-03-11 09:22:04,310.9,United Airlines,New York,Education,Online,51,Teacher,0
TXN-008502,ACCT-1063,2025-08-08 11:41:53,93.21,Walmart,Austin,Transportation,Mobile App,70,Driver,0
TXN-008503,ACCT-1179,2025-03-16 02:33:56,35.99,Best Buy,Nashville,Subscriptions,ATM,41,Engineer,0
TXN-008504,ACCT-1134,2025-05-28 08:31:51,656.6,Grubhub,Miami,Healthcare,In-Store,56,Student,0
TXN-008505,ACCT-1061,2025-06-21 17:16:48,281.82,Whole Foods,Boston,Education,Online,50,Analyst,0
TXN-008506,ACCT-1014,2025-02-15 17:45:05,253.09,Kroger,Nashville,Transportation,In-Store,54,Chef,0
TXN-008507,ACCT-1016,2025-02-10 18:30:25,240.08,Marriott,Chicago,Education,ATM,26,Driver,0
TXN-008508,ACCT-1167,2025-10-23 12:12:35,146.1,Hilton,Seattle,Subscriptions,In-Store,57,Manager,0
TXN-008509,ACCT-1069,2025-05-17 13:31:08,180.62,Trader Joes,Denver,Transportation,Online,32,Manager,1
TXN-008510,ACCT-1034,2025-01-17 16:09:01,108.99,Walgreens,Philadelphia,Utilities,Online,41,Lawyer,0
TXN-008511,ACCT-1157,2025-08-18 15:16:34,243.96,Kroger,San Diego,Travel,Mobile App,57,Lawyer,0
TXN-008512,ACCT-1160,2025-08-12 18:22:04,178.88,McDonalds,Nashville,Groceries,Online,40,Nurse,0
TXN-008513,ACCT-1098,2025-02-14 12:42:02,121.92,Amazon,Houston,Personal Care,Online,37,Sales Rep,0
TXN-008514,ACCT-1092,2025-04-20 10:43:16,135.41,Walmart,Minneapolis,Dining,Online,32,Accountant,0
TXN-008515,ACCT-1058,2025-04-19 16:32:14,208.61,Marriott,San Diego,Transportation,Online,36,Designer,0
TXN-008516,ACCT-1029,2025-09-28 09:31:32,114.78,Zara,New York,Shopping,Online,32,Freelancer,0
TXN-008517,ACCT-1014,2025-05-31 15:34:53,312.17,Target,Houston,Education,In-Store,54,Chef,0
TXN-008518,ACCT-1043,2025-06-02 21:24:34,174.39,United Airlines,Atlanta,Shopping,Online,34,Manager,0
TXN-008519,ACCT-1171,2025-05-14 19:22:00,1000.0,Whole Foods,Tirana,Travel,Online,57,Doctor,1
TXN-008520,ACCT-1148,2025-10-03 23:28:42,65.47,Safeway,Houston,Entertainment,Online,23,Chef,0
TXN-008521,ACCT-1021,2025-05-06 09:14:11,195.39,Walgreens,Phoenix,Groceries,Mobile App,28,Teacher,0
TXN-008522,ACCT-1005,2025-05-02 12:44:05,18.95,CVS Pharmacy,Phoenix,Education,Online,24,Student,0
TXN-008523,ACCT-1022,2025-09-03 09:00:40,61.49,Trader Joes,San Diego,Utilities,Online,34,Analyst,0
TXN-008524,ACCT-1095,2025-12-19 15:28:14,86.24,Netflix,Minneapolis,Entertainment,In-Store,81,Doctor,0
TXN-008525,ACCT-1010,2025-12-08 14:27:49,12.66,Airbnb,Philadelphia,Utilities,Mobile App,19,Sales Rep,0
TXN-008526,ACCT-1111,2025-11-27 19:00:07,111.98,United Airlines,Houston,Healthcare,Online,22,Analyst,0
TXN-008527,ACCT-1168,2025-10-12 21:46:13,15.24,Chevron,Boston,Travel,Online,82,Teacher,0
TXN-008528,ACCT-1196,2025-03-15 11:50:38,335.09,Hilton,Los Angeles,Education,In-Store,48,Freelancer,0
TXN-008529,ACCT-1193,2025-08-21 14:02:22,308.21,Spotify,San Diego,Dining,In-Store,42,Sales Rep,0
TXN-008530,ACCT-1199,2025-11-27 10:32:43,249.11,Spotify,Houston,Dining,ATM,33,Chef,0
TXN-008531,ACCT-1106,2025-12-12 16:42:44,12.92,Hilton,Atlanta,Shopping,ATM,23,Retired,0
TXN-008532,ACCT-1027,2025-08-27 09:15:44,223.38,Uber,Houston,Groceries,Mobile App,28,Sales Rep,0
TXN-008533,ACCT-1088,2025-05-23 09:58:44,84.85,Zara,Detroit,Groceries,ATM,33,Designer,0
TXN-008534,ACCT-1182,2025-09-27 13:30:34,480.28,Zara,Denver,Utilities,Mobile App,55,Lawyer,0
TXN-008535,ACCT-1010,2025-01-25 15:04:21,20.02,Starbucks,Philadelphia,Shopping,Mobile App,19,Sales Rep,0
TXN-008536,ACCT-1079,2025-09-16 09:00:19,215.63,Spotify,Atlanta,Transportation,In-Store,52,Retired,0
TXN-008537,ACCT-1040,2025-04-22 15:12:35,121.96,Target,Miami,Dining,Online,29,Driver,0
TXN-008538,ACCT-1196,2025-04-06 17:39:58,167.19,Lyft,Los Angeles,Healthcare,Online,48,Freelancer,0
TXN-008539,ACCT-1020,2025-11-11 11:07:06,348.99,Kroger,Detroit,Subscriptions,Online,36,Engineer,0
TXN-008540,ACCT-1033,2025-01-06 09:48:31,48.65,Zara,Miami,Entertainment,Mobile App,43,Teacher,0
TXN-008541,ACCT-1012,2025-10-10 12:34:17,28.16,McDonalds,Denver,Education,Online,22,Teacher,0
TXN-008542,ACCT-1054,2025-01-17 12:30:15,90.3,Airbnb,Nashville,Gas,Online,80,Retired,0
TXN-008543,ACCT-1009,2025-01-17 07:09:36,91.05,Spotify,Austin,Healthcare,Mobile App,69,Analyst,0
TXN-008544,ACCT-1003,2025-03-08 21:07:55,171.42,Hilton,Minneapolis,Travel,ATM,73,Engineer,0
TXN-008545,ACCT-1052,2025-09-08 15:46:17,113.13,Uber,Denver,Healthcare,Online,68,Accountant,0
TXN-008546,ACCT-1196,2025-10-19 12:13:47,378.17,Safeway,Los Angeles,Shopping,Online,48,Freelancer,0
TXN-008547,ACCT-1048,2025-03-24 08:04:27,51.0,Walmart,San Antonio,Healthcare,Mobile App,25,Lawyer,0
TXN-008548,ACCT-1148,2025-02-12 20:05:21,60.65,Walmart,Atlanta,Entertainment,Online,23,Chef,0
TXN-008549,ACCT-1039,2025-01-01 20:07:25,168.98,United Airlines,San Diego,Gas,ATM,82,Accountant,0
TXN-008550,ACCT-1068,2025-11-26 16:44:00,950.51,CryptoXchange Ltd,Lagos,Shopping,Online,22,Accountant,1
TXN-008551,ACCT-1057,2025-11-02 14:42:31,292.48,Netflix,Seattle,Groceries,In-Store,55,Analyst,0
TXN-008552,ACCT-1037,2025-06-16 13:40:15,56.64,Uber,Atlanta,Entertainment,In-Store,18,Designer,0
TXN-008553,ACCT-1032,2025-10-20 18:19:48,173.67,Best Buy,New York,Education,Phone,34,Analyst,0
TXN-008554,ACCT-1075,2025-07-19 09:34:46,132.77,Uber,Denver,Education,In-Store,81,Accountant,0
TXN-008555,ACCT-1113,2025-01-09 20:19:03,193.02,Home Depot,Atlanta,Education,In-Store,41,Designer,0
TXN-008556,ACCT-1029,2025-10-21 16:44:06,85.28,DoorDash,New York,Travel,Online,32,Freelancer,0
TXN-008557,ACCT-1138,2025-02-26 13:45:41,41.59,Uber,Miami,Utilities,In-Store,29,Accountant,0
TXN-008558,ACCT-1108,2025-11-19 11:36:21,185.48,Trader Joes,San Francisco,Dining,Online,34,Retired,0
TXN-008559,ACCT-1007,2025-06-12 16:50:01,131.17,Netflix,Atlanta,Travel,Online,66,Sales Rep,0
TXN-008560,ACCT-1131,2025-02-01 03:20:00,265.09,Netflix,Dallas,Entertainment,ATM,34,Lawyer,1
TXN-008561,ACCT-1119,2025-09-13 19:06:51,74.23,Lyft,Boston,Dining,Mobile App,41,Designer,0
TXN-008562,ACCT-1136,2025-04-24 15:55:57,141.6,Walmart,Boston,Subscriptions,Mobile App,60,Sales Rep,0
TXN-008563,ACCT-1186,2025-09-16 11:55:15,16.61,Grubhub,Dallas,Shopping,Phone,19,Freelancer,0
TXN-008564,ACCT-1129,2025-03-19 08:44:16,103.1,Apple Store,Chicago,Gas,Mobile App,32,Sales Rep,0
TXN-008565,ACCT-1030,2025-06-20 16:50:05,102.7,Nike,Seattle,Subscriptions,In-Store,48,Manager,0
TXN-008566,ACCT-1115,2025-10-29 18:26:16,129.85,Grubhub,San Francisco,Gas,Online,40,Sales Rep,0
TXN-008567,ACCT-1177,2025-09-03 14:55:00,331.87,Costco,Portland,Shopping,In-Store,24,Teacher,1
TXN-008568,ACCT-1012,2025-07-17 13:37:05,23.26,Uber,Denver,Subscriptions,Mobile App,22,Teacher,0
TXN-008569,ACCT-1174,2025-02-13 13:17:57,425.71,Apple Store,San Francisco,Personal Care,In-Store,34,Retired,0
TXN-008570,ACCT-1030,2025-01-01 10:49:14,153.24,Apple Store,Nashville,Entertainment,In-Store,48,Manager,0
TXN-008571,ACCT-1199,2025-07-04 14:26:47,293.69,Home Depot,Houston,Healthcare,In-Store,33,Chef,0
TXN-008572,ACCT-1171,2025-09-08 13:32:11,609.69,Hilton,Boston,Gas,Online,57,Doctor,0
TXN-008573,ACCT-1137,2025-03-06 10:02:30,109.22,Walmart,Miami,Entertainment,In-Store,41,Lawyer,0
TXN-008574,ACCT-1142,2025-10-19 14:20:34,31.59,McDonalds,San Antonio,Gas,Mobile App,36,Analyst,0
TXN-008575,ACCT-1164,2025-03-29 15:25:53,116.64,Apple Store,Seattle,Gas,Mobile App,36,Freelancer,0
TXN-008576,ACCT-1099,2025-10-30 13:10:34,121.66,Zara,Minneapolis,Groceries,Mobile App,32,Sales Rep,0
TXN-008577,ACCT-1141,2025-07-23 16:29:31,203.92,United Airlines,San Diego,Groceries,In-Store,32,Engineer,0
TXN-008578,ACCT-1134,2025-09-15 10:11:29,336.17,Whole Foods,Miami,Transportation,Online,56,Student,0
TXN-008579,ACCT-1052,2025-11-28 19:44:11,110.95,Shell Gas,Dallas,Transportation,In-Store,68,Accountant,0
TXN-008580,ACCT-1107,2025-03-01 16:47:52,521.93,Grubhub,Austin,Groceries,Online,63,Student,0
TXN-008581,ACCT-1163,2025-06-11 11:11:45,369.36,Whole Foods,Seattle,Shopping,Online,48,Teacher,0
TXN-008582,ACCT-1125,2025-02-22 12:37:27,476.31,Grubhub,Atlanta,Gas,Mobile App,61,Teacher,0
TXN-008583,ACCT-1057,2025-12-28 08:38:37,290.43,Lyft,Seattle,Gas,In-Store,55,Analyst,0
TXN-008584,ACCT-1036,2025-02-01 11:07:03,22.93,DoorDash,Miami,Shopping,Mobile App,21,Sales Rep,0
TXN-008585,ACCT-1055,2025-09-17 19:19:05,154.21,Best Buy,Denver,Gas,Online,46,Nurse,0
TXN-008586,ACCT-1178,2025-12-25 20:26:49,235.79,Safeway,Chicago,Personal Care,Phone,59,Retired,0
TXN-008587,ACCT-1115,2025-05-23 14:51:16,131.27,Netflix,Dallas,Dining,ATM,40,Sales Rep,0
TXN-008588,ACCT-1026,2025-12-19 13:44:42,706.58,Netflix,Philadelphia,Utilities,Mobile App,33,Lawyer,0
TXN-008589,ACCT-1164,2025-11-02 08:19:58,193.0,Target,New York,Personal Care,ATM,36,Freelancer,0
TXN-008590,ACCT-1036,2025-12-19 14:03:25,36.25,DoorDash,Miami,Shopping,In-Store,21,Sales Rep,0
TXN-008591,ACCT-1097,2025-09-21 14:00:49,337.15,Shell Gas,Los Angeles,Healthcare,In-Store,52,Teacher,0
TXN-008592,ACCT-1083,2025-06-04 15:21:06,507.34,Netflix,Detroit,Dining,Mobile App,52,Freelancer,0
TXN-008593,ACCT-1108,2025-12-25 11:14:57,220.27,CVS Pharmacy,San Francisco,Groceries,Mobile App,34,Retired,0
TXN-008594,ACCT-1141,2025-05-14 07:35:25,218.06,Kroger,San Diego,Entertainment,Online,32,Engineer,0
TXN-008595,ACCT-1115,2025-08-10 12:47:52,160.05,McDonalds,San Francisco,Subscriptions,Mobile App,40,Sales Rep,0
TXN-008596,ACCT-1019,2025-04-29 09:09:47,92.29,Uber,Detroit,Dining,In-Store,41,Lawyer,0
TXN-008597,ACCT-1151,2025-03-18 21:17:58,189.53,Amazon,Denver,Transportation,Mobile App,36,Retired,0
TXN-008598,ACCT-1118,2025-12-26 18:16:24,95.45,Trader Joes,Detroit,Healthcare,Mobile App,37,Designer,0
TXN-008599,ACCT-1090,2025-09-20 20:23:31,48.58,Chevron,Dallas,Entertainment,In-Store,24,Retired,0
TXN-008600,ACCT-1182,2025-12-28 19:02:00,302.98,Home Depot,Denver,Shopping,Online,55,Lawyer,0
TXN-008601,ACCT-1176,2025-11-02 06:54:09,146.94,Netflix,Boston,Dining,Online,62,Designer,0
TXN-008602,ACCT-1133,2025-03-09 18:50:36,94.45,Kroger,Nashville,Groceries,Phone,19,Student,0
TXN-008603,ACCT-1158,2025-11-27 11:03:49,22.19,Hilton,Nashville,Subscriptions,Mobile App,23,Doctor,0
TXN-008604,ACCT-1034,2025-10-21 08:31:06,313.26,Zara,Philadelphia,Healthcare,Mobile App,41,Lawyer,0
TXN-008605,ACCT-1105,2025-09-08 11:24:34,1162.09,Grubhub,New York,Healthcare,In-Store,51,Teacher,0
TXN-008606,ACCT-1087,2025-11-10 10:36:01,168.25,Home Depot,Seattle,Healthcare,Online,61,Manager,0
TXN-008607,ACCT-1195,2025-10-18 19:22:14,345.17,DoorDash,Houston,Shopping,In-Store,46,Retired,0
TXN-008608,ACCT-1007,2025-07-06 16:30:12,98.3,Whole Foods,Atlanta,Entertainment,ATM,66,Sales Rep,0
TXN-008609,ACCT-1096,2025-01-07 12:14:33,53.18,Shell Gas,New York,Subscriptions,In-Store,30,Chef,0
TXN-008610,ACCT-1075,2025-02-15 21:37:47,110.11,Lyft,Los Angeles,Transportation,Phone,81,Accountant,0
TXN-008611,ACCT-1087,2025-09-14 11:04:56,430.37,Chevron,Seattle,Travel,Mobile App,61,Manager,0
TXN-008612,ACCT-1123,2025-02-18 13:24:29,96.64,Hilton,San Diego,Transportation,In-Store,37,Lawyer,0
TXN-008613,ACCT-1188,2025-09-17 12:46:38,30.86,CVS Pharmacy,New York,Dining,In-Store,23,Sales Rep,0
TXN-008614,ACCT-1074,2025-05-24 13:29:59,299.88,CVS Pharmacy,Miami,Travel,Mobile App,42,Freelancer,0
TXN-008615,ACCT-1074,2025-04-07 19:30:25,143.46,CVS Pharmacy,Miami,Utilities,ATM,42,Freelancer,0
TXN-008616,ACCT-1035,2025-12-10 08:03:04,165.52,Netflix,Houston,Entertainment,Online,36,Chef,0
TXN-008617,ACCT-1105,2025-06-30 16:17:20,258.73,Whole Foods,New York,Subscriptions,ATM,51,Teacher,0
TXN-008618,ACCT-1112,2025-10-07 09:05:01,19.52,Spotify,San Antonio,Subscriptions,Online,23,Sales Rep,0
TXN-008619,ACCT-1084,2025-01-18 12:19:00,750.0,Nike,Nashville,Utilities,ATM,24,Engineer,1
TXN-008620,ACCT-1127,2025-04-07 10:11:38,80.6,DoorDash,Denver,Groceries,In-Store,32,Nurse,0
TXN-008621,ACCT-1187,2025-03-11 07:33:40,116.76,McDonalds,Houston,Shopping,Mobile App,28,Freelancer,0
TXN-008622,ACCT-1184,2025-08-20 08:12:58,39.7,Home Depot,Seattle,Personal Care,In-Store,30,Analyst,0
TXN-008623,ACCT-1137,2025-09-30 13:03:33,153.61,Starbucks,Dallas,Shopping,Online,41,Lawyer,0
TXN-008624,ACCT-1030,2025-02-17 17:58:44,250.12,Safeway,Seattle,Dining,Phone,48,Manager,0
TXN-008625,ACCT-1099,2025-01-23 12:35:39,80.57,Airbnb,Detroit,Subscriptions,In-Store,32,Sales Rep,0
TXN-008626,ACCT-1152,2025-11-18 19:30:46,220.64,Lyft,San Francisco,Education,In-Store,58,Chef,0
TXN-008627,ACCT-1046,2025-09-28 16:44:18,40.76,Trader Joes,Atlanta,Subscriptions,Online,27,Driver,0
TXN-008628,ACCT-1032,2025-11-22 15:53:03,88.08,Hilton,New York,Entertainment,Online,34,Analyst,0
TXN-008629,ACCT-1059,2025-09-21 18:16:40,570.73,CVS Pharmacy,Los Angeles,Entertainment,In-Store,48,Doctor,0
TXN-008630,ACCT-1126,2025-11-19 07:32:32,189.98,Starbucks,Portland,Shopping,In-Store,30,Driver,0
TXN-008631,ACCT-1009,2025-03-31 12:02:19,97.74,Nike,Austin,Utilities,Mobile App,69,Analyst,0
TXN-008632,ACCT-1190,2025-10-09 12:57:00,256.91,Shell Gas,Nashville,Transportation,Online,40,Teacher,0
TXN-008633,ACCT-1030,2025-11-22 17:34:47,175.66,Whole Foods,Seattle,Healthcare,Online,48,Manager,0
TXN-008634,ACCT-1094,2025-10-09 13:03:54,324.18,Lyft,Minneapolis,Travel,In-Store,48,Driver,0
TXN-008635,ACCT-1002,2025-08-10 10:31:19,197.12,Trader Joes,New York,Transportation,In-Store,26,Lawyer,0
TXN-008636,ACCT-1092,2025-04-01 20:11:21,256.52,Shell Gas,Minneapolis,Healthcare,In-Store,32,Accountant,0
TXN-008637,ACCT-1191,2025-01-10 11:53:29,389.3,Grubhub,San Francisco,Gas,Mobile App,61,Designer,0
TXN-008638,ACCT-1009,2025-07-02 13:07:41,151.94,Costco,Austin,Subscriptions,Online,69,Analyst,0
TXN-008639,ACCT-1194,2025-01-16 18:25:39,284.05,Hilton,San Diego,Subscriptions,ATM,84,Lawyer,0
TXN-008640,ACCT-1175,2025-01-26 17:37:45,724.87,DoorDash,Los Angeles,Travel,In-Store,59,Student,0
TXN-008641,ACCT-1115,2025-03-14 09:04:22,32.89,Nike,Dallas,Healthcare,Online,40,Sales Rep,0
TXN-008642,ACCT-1172,2025-10-24 20:16:50,41.95,Best Buy,Austin,Entertainment,In-Store,25,Nurse,0
TXN-008643,ACCT-1178,2025-11-26 14:17:12,311.52,Airbnb,Chicago,Utilities,In-Store,59,Retired,0
TXN-008644,ACCT-1069,2025-04-21 15:30:55,233.02,Marriott,Minneapolis,Dining,Online,32,Manager,0
TXN-008645,ACCT-1121,2025-08-18 07:36:17,55.04,Zara,Boston,Groceries,Phone,35,Accountant,0
TXN-008646,ACCT-1030,2025-12-15 14:46:11,340.37,Kroger,Seattle,Utilities,Phone,48,Manager,0
TXN-008647,ACCT-1080,2025-12-12 11:36:01,101.18,Starbucks,Seattle,Groceries,Mobile App,79,Freelancer,0
TXN-008648,ACCT-1047,2025-12-01 14:23:56,10.41,Nike,Dallas,Gas,Online,75,Sales Rep,0
TXN-008649,ACCT-1064,2025-05-19 15:13:25,75.34,United Airlines,Austin,Subscriptions,In-Store,19,Driver,0
TXN-008650,ACCT-1086,2025-08-20 20:00:18,43.1,Netflix,San Antonio,Groceries,Mobile App,20,Manager,0
TXN-008651,ACCT-1023,2025-10-11 16:33:31,49.34,Walgreens,Dallas,Travel,Online,39,Retired,0
TXN-008652,ACCT-1186,2025-05-25 11:04:05,12.39,Apple Store,Dallas,Groceries,Online,19,Freelancer,0
TXN-008653,ACCT-1176,2025-01-31 22:39:48,169.18,Netflix,Boston,Groceries,Mobile App,62,Designer,0
TXN-008654,ACCT-1196,2025-10-02 18:01:27,217.92,Zara,Phoenix,Healthcare,Mobile App,48,Freelancer,1
TXN-008655,ACCT-1006,2025-08-07 15:03:00,131.08,Starbucks,Atlanta,Healthcare,In-Store,55,Nurse,0
TXN-008656,ACCT-1103,2025-10-17 19:10:25,28.92,Kroger,Houston,Gas,In-Store,23,Sales Rep,0
TXN-008657,ACCT-1050,2025-09-03 09:58:05,65.4,Netflix,Minneapolis,Travel,Online,43,Designer,0
TXN-008658,ACCT-1119,2025-02-05 18:02:43,76.68,Safeway,Boston,Dining,In-Store,41,Designer,0
TXN-008659,ACCT-1137,2025-05-13 14:11:17,167.37,Chevron,Miami,Shopping,Online,41,Lawyer,0
TXN-008660,ACCT-1036,2025-03-03 12:55:00,5000.0,Zara,Austin,Utilities,Online,21,Sales Rep,1
TXN-008661,ACCT-1054,2025-07-06 12:59:41,173.12,Starbucks,Nashville,Entertainment,Mobile App,80,Retired,0
TXN-008662,ACCT-1040,2025-10-17 09:04:20,127.36,Walgreens,Miami,Gas,In-Store,29,Driver,0
TXN-008663,ACCT-1120,2025-12-27 14:48:25,190.41,Hilton,Minneapolis,Transportation,ATM,54,Teacher,0
TXN-008664,ACCT-1004,2025-01-22 09:18:48,219.4,DoorDash,Denver,Utilities,Online,28,Designer,0
TXN-008665,ACCT-1144,2025-11-08 04:32:00,228.69,Walgreens,San Antonio,Transportation,Online,27,Chef,1
TXN-008666,ACCT-1150,2025-08-20 22:00:58,43.97,Starbucks,Atlanta,Utilities,Mobile App,24,Manager,0
TXN-008667,ACCT-1188,2025-08-16 12:33:22,23.73,Lyft,New York,Dining,In-Store,23,Sales Rep,0
TXN-008668,ACCT-1168,2025-01-16 13:58:08,80.48,Chevron,Boston,Healthcare,ATM,82,Teacher,0
TXN-008669,ACCT-1008,2025-02-09 23:42:21,120.76,Chevron,Nashville,Personal Care,Online,28,Retired,0
TXN-008670,ACCT-1024,2025-06-24 23:48:42,103.05,Spotify,Portland,Utilities,Online,44,Lawyer,0
TXN-008671,ACCT-1021,2025-07-06 16:27:31,68.59,Walmart,Minneapolis,Transportation,In-Store,28,Teacher,0
TXN-008672,ACCT-1096,2025-03-17 09:14:51,277.04,Costco,Atlanta,Utilities,In-Store,30,Chef,0
TXN-008673,ACCT-1093,2025-07-09 14:46:35,54.04,Delta Airlines,Boston,Healthcare,In-Store,41,Chef,0
TXN-008674,ACCT-1001,2025-11-21 19:50:52,310.9,Lyft,Minneapolis,Education,ATM,64,Nurse,0
TXN-008675,ACCT-1018,2025-02-21 14:41:35,138.42,Kroger,Seattle,Utilities,In-Store,28,Retired,0
TXN-008676,ACCT-1141,2025-12-03 19:23:02,130.73,Grubhub,San Diego,Subscriptions,Mobile App,32,Engineer,0
TXN-008677,ACCT-1062,2025-05-14 09:14:02,359.32,Grubhub,Chicago,Education,In-Store,52,Student,0
TXN-008678,ACCT-1132,2025-11-22 11:02:38,462.34,Grubhub,Denver,Subscriptions,In-Store,54,Manager,0
TXN-008679,ACCT-1186,2025-03-03 13:50:30,17.31,McDonalds,Dallas,Groceries,In-Store,19,Freelancer,0
TXN-008680,ACCT-1034,2025-01-24 13:52:21,123.62,Amazon,Philadelphia,Shopping,Online,41,Lawyer,0
TXN-008681,ACCT-1029,2025-04-07 12:23:41,69.46,Grubhub,Dallas,Dining,Mobile App,32,Freelancer,0
TXN-008682,ACCT-1177,2025-10-09 13:41:43,6.65,Whole Foods,Minneapolis,Groceries,Mobile App,24,Teacher,0
TXN-008683,ACCT-1045,2025-02-02 03:30:27,107.48,Whole Foods,Chicago,Entertainment,In-Store,66,Chef,0
TXN-008684,ACCT-1045,2025-10-07 12:08:26,48.89,Netflix,Philadelphia,Education,Online,66,Chef,0
TXN-008685,ACCT-1070,2025-09-05 08:51:01,436.71,Trader Joes,Portland,Entertainment,In-Store,56,Student,0
TXN-008686,ACCT-1199,2025-04-19 21:20:35,209.04,Shell Gas,Boston,Dining,Online,33,Chef,0
TXN-008687,ACCT-1013,2025-02-01 18:40:59,296.89,DoorDash,Houston,Utilities,Online,45,Driver,0
TXN-008688,ACCT-1069,2025-06-09 13:44:58,63.47,Marriott,Minneapolis,Healthcare,Online,32,Manager,0
TXN-008689,ACCT-1182,2025-07-10 10:00:26,94.59,United Airlines,Denver,Groceries,Online,55,Lawyer,0
TXN-008690,ACCT-1037,2025-06-21 18:00:24,55.88,DoorDash,Atlanta,Transportation,ATM,18,Designer,0
TXN-008691,ACCT-1132,2025-06-13 09:31:28,668.81,Whole Foods,Miami,Education,In-Store,54,Manager,0
TXN-008692,ACCT-1130,2025-04-24 16:57:21,29.07,Apple Store,Detroit,Entertainment,Online,27,Lawyer,0
TXN-008693,ACCT-1137,2025-04-21 13:16:18,89.04,Trader Joes,Chicago,Utilities,Online,41,Lawyer,1
TXN-008694,ACCT-1074,2025-07-27 06:58:09,112.18,United Airlines,Miami,Gas,Online,42,Freelancer,0
TXN-008695,ACCT-1159,2025-12-22 04:36:54,423.25,Spotify,Atlanta,Personal Care,Online,39,Student,0
TXN-008696,ACCT-1156,2025-07-14 09:40:51,45.26,Shell Gas,Atlanta,Education,Online,18,Sales Rep,0
TXN-008697,ACCT-1088,2025-12-20 07:05:11,195.02,Zara,Phoenix,Healthcare,In-Store,33,Designer,0
TXN-008698,ACCT-1184,2025-11-20 21:33:11,59.77,Home Depot,Seattle,Travel,ATM,30,Analyst,0
TXN-008699,ACCT-1005,2025-08-18 12:45:32,33.8,Whole Foods,Phoenix,Transportation,Online,24,Student,0
TXN-008700,ACCT-1029,2025-09-02 12:55:54,87.45,Zara,New York,Gas,Mobile App,32,Freelancer,0
TXN-008701,ACCT-1140,2025-02-25 14:36:52,40.42,Best Buy,Detroit,Transportation,In-Store,24,Teacher,0
TXN-008702,ACCT-1062,2025-11-21 19:57:54,445.4,Airbnb,Chicago,Transportation,Online,52,Student,0
TXN-008703,ACCT-1022,2025-06-09 15:33:51,68.59,Marriott,Detroit,Healthcare,ATM,34,Analyst,0
TXN-008704,ACCT-1163,2025-06-13 11:18:19,316.0,Whole Foods,Denver,Entertainment,Online,48,Teacher,0
TXN-008705,ACCT-1040,2025-10-25 08:47:33,313.99,Zara,Miami,Education,Online,29,Driver,0
TXN-008706,ACCT-1187,2025-06-20 18:29:22,131.69,Delta Airlines,San Antonio,Dining,Online,28,Freelancer,0
TXN-008707,ACCT-1077,2025-01-04 21:10:32,37.79,Apple Store,Seattle,Gas,Online,80,Driver,0
TXN-008708,ACCT-1060,2025-09-19 10:38:48,200.97,DoorDash,Phoenix,Gas,Online,42,Accountant,0
TXN-008709,ACCT-1122,2025-07-18 14:54:18,133.73,Airbnb,Portland,Personal Care,Online,34,Retired,0
TXN-008710,ACCT-1078,2025-09-05 11:38:29,41.11,Whole Foods,Houston,Groceries,In-Store,24,Freelancer,0
TXN-008711,ACCT-1179,2025-05-18 22:57:44,43.39,Apple Store,Nashville,Dining,In-Store,41,Engineer,0
TXN-008712,ACCT-1064,2025-07-28 12:52:51,103.19,Home Depot,Austin,Healthcare,Online,19,Driver,0
TXN-008713,ACCT-1130,2025-11-25 16:05:33,119.31,Delta Airlines,Detroit,Utilities,In-Store,27,Lawyer,0
TXN-008714,ACCT-1157,2025-08-08 10:40:28,160.05,Amazon,San Diego,Healthcare,In-Store,57,Lawyer,0
TXN-008715,ACCT-1187,2025-12-17 14:15:23,238.01,McDonalds,San Antonio,Utilities,ATM,28,Freelancer,0
TXN-008716,ACCT-1182,2025-10-24 18:29:21,343.0,Safeway,Denver,Travel,Mobile App,55,Lawyer,0
TXN-008717,ACCT-1132,2025-05-05 17:33:49,470.37,Grubhub,Miami,Subscriptions,Online,54,Manager,0
TXN-008718,ACCT-1004,2025-06-07 11:10:15,409.52,Kroger,Denver,Groceries,Online,28,Designer,0
TXN-008719,ACCT-1020,2025-03-07 08:24:08,19.33,Kroger,Houston,Dining,Mobile App,36,Engineer,0
TXN-008720,ACCT-1007,2025-03-03 12:16:26,79.51,Netflix,Atlanta,Personal Care,Online,66,Sales Rep,0
TXN-008721,ACCT-1127,2025-09-24 09:15:23,77.99,Uber,Denver,Gas,Mobile App,32,Nurse,0
TXN-008722,ACCT-1075,2025-01-01 12:07:03,201.59,Nike,Denver,Healthcare,Online,81,Accountant,0
TXN-008723,ACCT-1122,2025-06-13 23:26:23,338.32,CVS Pharmacy,Portland,Groceries,Mobile App,34,Retired,0
TXN-008724,ACCT-1154,2025-12-28 20:34:39,110.08,Whole Foods,San Diego,Healthcare,Phone,34,Teacher,0
TXN-008725,ACCT-1036,2025-04-11 13:17:25,30.88,Spotify,Nashville,Travel,Online,21,Sales Rep,0
TXN-008726,ACCT-1167,2025-12-18 15:30:11,32.69,Airbnb,Philadelphia,Dining,Online,57,Manager,1
TXN-008727,ACCT-1049,2025-06-23 16:34:00,2000.0,Airbnb,Miami,Shopping,Phone,48,Accountant,1
TXN-008728,ACCT-1020,2025-02-23 09:56:22,68.24,Kroger,Detroit,Personal Care,Mobile App,36,Engineer,0
TXN-008729,ACCT-1060,2025-03-27 19:41:32,114.57,DoorDash,Phoenix,Transportation,In-Store,42,Accountant,0
TXN-008730,ACCT-1141,2025-09-03 23:15:34,119.28,United Airlines,San Diego,Groceries,Online,32,Engineer,0
TXN-008731,ACCT-1199,2025-02-27 19:26:15,336.84,Spotify,Houston,Education,ATM,33,Chef,0
TXN-008732,ACCT-1141,2025-05-02 18:58:16,213.2,CVS Pharmacy,San Diego,Utilities,In-Store,32,Engineer,0
TXN-008733,ACCT-1015,2025-02-06 11:36:51,225.39,Airbnb,Minneapolis,Utilities,In-Store,43,Lawyer,0
TXN-008734,ACCT-1066,2025-06-23 14:07:42,281.51,Delta Airlines,Houston,Healthcare,Mobile App,38,Teacher,0
TXN-008735,ACCT-1129,2025-12-04 10:12:11,52.2,Hilton,Chicago,Travel,Online,32,Sales Rep,0
TXN-008736,ACCT-1066,2025-08-13 11:31:00,200.31,CryptoXchange Ltd,Karachi,Shopping,Online,38,Teacher,1
TXN-008737,ACCT-1192,2025-12-17 10:48:11,247.88,Uber,Phoenix,Healthcare,Mobile App,56,Designer,0
TXN-008738,ACCT-1061,2025-06-15 14:18:51,139.61,Starbucks,Boston,Personal Care,In-Store,50,Analyst,0
TXN-008739,ACCT-1000,2025-07-27 14:10:28,1099.72,United Airlines,Portland,Gas,Online,59,Freelancer,0
TXN-008740,ACCT-1161,2025-11-01 12:59:11,90.3,CVS Pharmacy,Miami,Dining,In-Store,75,Engineer,0
TXN-008741,ACCT-1137,2025-09-02 22:48:25,292.85,Walmart,Miami,Shopping,Online,41,Lawyer,0
TXN-008742,ACCT-1109,2025-07-24 12:50:01,161.71,Spotify,Nashville,Personal Care,Online,42,Student,0
TXN-008743,ACCT-1096,2025-10-25 12:22:50,357.19,Whole Foods,New York,Gas,In-Store,30,Chef,0
TXN-008744,ACCT-1132,2025-11-14 11:16:34,204.08,Grubhub,Miami,Gas,In-Store,54,Manager,0
TXN-008745,ACCT-1106,2025-07-13 08:28:53,28.75,Nike,Seattle,Shopping,Phone,23,Retired,0
TXN-008746,ACCT-1038,2025-08-18 14:02:21,77.62,Grubhub,Chicago,Travel,Online,42,Nurse,0
TXN-008747,ACCT-1155,2025-05-04 15:31:07,211.36,Lyft,Los Angeles,Transportation,Mobile App,35,Accountant,0
TXN-008748,ACCT-1006,2025-12-29 23:57:20,180.88,Best Buy,Atlanta,Dining,Online,55,Nurse,0
TXN-008749,ACCT-1144,2025-11-27 10:32:56,428.11,Apple Store,San Antonio,Shopping,Online,27,Chef,0
TXN-008750,ACCT-1092,2025-05-19 16:27:38,244.98,Safeway,Minneapolis,Education,In-Store,32,Accountant,0
TXN-008751,ACCT-1195,2025-04-11 14:55:52,198.35,Walgreens,Houston,Transportation,In-Store,46,Retired,0
TXN-008752,ACCT-1110,2025-07-28 14:40:26,75.37,Whole Foods,San Francisco,Subscriptions,Online,34,Analyst,0
TXN-008753,ACCT-1141,2025-10-19 11:25:23,100.44,CVS Pharmacy,San Diego,Gas,Mobile App,32,Engineer,0
TXN-008754,ACCT-1052,2025-10-24 15:34:58,79.36,Home Depot,Philadelphia,Transportation,In-Store,68,Accountant,0
TXN-008755,ACCT-1109,2025-11-22 00:38:21,30.79,Shell Gas,Nashville,Gas,ATM,42,Student,0
TXN-008756,ACCT-1000,2025-12-23 14:54:00,431.4,Hilton,Portland,Personal Care,Mobile App,59,Freelancer,0
TXN-008757,ACCT-1011,2025-09-17 20:57:52,385.45,Costco,Atlanta,Shopping,Online,47,Doctor,0
TXN-008758,ACCT-1076,2025-11-18 15:41:36,14.32,United Airlines,Portland,Gas,In-Store,18,Teacher,0
TXN-008759,ACCT-1182,2025-01-11 22:39:00,1239.43,QuickWire Transfers,Phnom Penh,Shopping,Online,55,Lawyer,1
TXN-008760,ACCT-1148,2025-05-14 20:34:09,64.91,Safeway,Houston,Healthcare,Mobile App,23,Chef,0
TXN-008761,ACCT-1100,2025-06-11 05:23:44,118.91,Marriott,Phoenix,Dining,ATM,80,Manager,0
TXN-008762,ACCT-1053,2025-09-27 03:16:44,49.92,Nike,Philadelphia,Transportation,Phone,20,Student,0
TXN-008763,ACCT-1113,2025-06-27 20:55:13,62.24,Home Depot,Houston,Dining,ATM,41,Designer,0
TXN-008764,ACCT-1086,2025-09-11 11:07:18,42.58,Netflix,Philadelphia,Gas,Online,20,Manager,0
TXN-008765,ACCT-1081,2025-06-20 13:33:58,131.2,Spotify,Denver,Utilities,ATM,77,Accountant,0
TXN-008766,ACCT-1022,2025-04-02 17:25:03,157.54,Lyft,Detroit,Utilities,Phone,34,Analyst,0
TXN-008767,ACCT-1007,2025-01-27 11:29:24,307.63,Whole Foods,New York,Transportation,Online,66,Sales Rep,0
TXN-008768,ACCT-1184,2025-07-11 15:10:15,149.01,Starbucks,Miami,Transportation,Mobile App,30,Analyst,1
TXN-008769,ACCT-1003,2025-06-20 11:51:55,177.28,Target,San Antonio,Transportation,ATM,73,Engineer,0
TXN-008770,ACCT-1091,2025-09-01 14:36:39,105.54,Walgreens,Miami,Shopping,Phone,36,Manager,0
TXN-008771,ACCT-1136,2025-09-16 17:29:17,328.94,Grubhub,San Diego,Subscriptions,Mobile App,60,Sales Rep,0
TXN-008772,ACCT-1032,2025-02-01 21:44:30,51.1,Airbnb,San Diego,Travel,Online,34,Analyst,0
TXN-008773,ACCT-1192,2025-06-28 12:07:24,428.91,Safeway,San Antonio,Education,In-Store,56,Designer,0
TXN-008774,ACCT-1026,2025-02-21 13:12:41,53.52,Spotify,Detroit,Healthcare,Mobile App,33,Lawyer,0
TXN-008775,ACCT-1091,2025-05-14 18:47:07,111.27,Whole Foods,Miami,Transportation,Online,36,Manager,0
TXN-008776,ACCT-1170,2025-11-20 01:00:25,481.29,McDonalds,San Francisco,Utilities,ATM,60,Lawyer,0
TXN-008777,ACCT-1191,2025-01-18 17:25:27,470.67,Delta Airlines,Dallas,Entertainment,Online,61,Designer,0
TXN-008778,ACCT-1135,2025-03-07 13:12:22,203.38,DoorDash,Los Angeles,Entertainment,Mobile App,37,Driver,0
TXN-008779,ACCT-1052,2025-06-19 17:37:41,241.83,Delta Airlines,Philadelphia,Healthcare,Mobile App,68,Accountant,0
TXN-008780,ACCT-1141,2025-01-28 14:31:07,66.31,United Airlines,Phoenix,Shopping,Online,32,Engineer,0
TXN-008781,ACCT-1149,2025-05-07 09:07:02,106.49,Apple Store,Denver,Entertainment,Mobile App,41,Sales Rep,0
TXN-008782,ACCT-1164,2025-01-21 14:03:42,72.92,Apple Store,Seattle,Utilities,Online,36,Freelancer,0
TXN-008783,ACCT-1143,2025-03-08 19:01:00,55.41,Delta Airlines,Minneapolis,Travel,In-Store,76,Retired,0
TXN-008784,ACCT-1047,2025-07-10 10:22:19,15.83,Amazon,Minneapolis,Shopping,Online,75,Sales Rep,0
TXN-008785,ACCT-1158,2025-02-21 10:56:17,24.08,Hilton,Nashville,Healthcare,Mobile App,23,Doctor,0
TXN-008786,ACCT-1081,2025-09-21 14:36:44,262.19,Best Buy,Denver,Utilities,In-Store,77,Accountant,0
TXN-008787,ACCT-1179,2025-05-09 12:48:00,59.21,Best Buy,Nashville,Transportation,In-Store,41,Engineer,0
TXN-008788,ACCT-1022,2025-04-23 11:01:31,194.14,Trader Joes,Detroit,Utilities,In-Store,34,Analyst,0
TXN-008789,ACCT-1055,2025-04-01 17:17:47,200.8,Zara,Denver,Transportation,ATM,46,Nurse,0
TXN-008790,ACCT-1137,2025-11-28 08:26:24,210.85,Kroger,Miami,Travel,Mobile App,41,Lawyer,0
TXN-008791,ACCT-1016,2025-10-07 09:31:52,490.12,Uber,Miami,Utilities,Online,26,Driver,0
TXN-008792,ACCT-1173,2025-02-14 11:45:07,126.74,Spotify,Chicago,Utilities,In-Store,44,Retired,0
TXN-008793,ACCT-1173,2025-03-12 17:44:58,88.19,Shell Gas,Chicago,Personal Care,Mobile App,44,Retired,0
TXN-008794,ACCT-1186,2025-12-14 20:10:13,17.75,McDonalds,Houston,Healthcare,Online,19,Freelancer,0
TXN-008795,ACCT-1188,2025-05-08 21:15:00,30.21,Apple Store,Dallas,Personal Care,Online,23,Sales Rep,0
TXN-008796,ACCT-1168,2025-10-25 17:25:53,36.85,CVS Pharmacy,Boston,Subscriptions,Online,82,Teacher,0
TXN-008797,ACCT-1073,2025-09-06 06:54:35,177.69,Walmart,Miami,Healthcare,Mobile App,34,Analyst,0
TXN-008798,ACCT-1022,2025-08-22 13:32:58,413.12,Costco,Detroit,Shopping,Online,34,Analyst,0
TXN-008799,ACCT-1187,2025-04-23 21:46:00,385.73,OffshorePay Inc,Karachi,Travel,Online,28,Freelancer,1
TXN-008800,ACCT-1037,2025-10-21 09:48:46,93.68,Costco,Atlanta,Travel,Online,18,Designer,0
TXN-008801,ACCT-1105,2025-09-11 14:24:58,650.26,Shell Gas,New York,Utilities,Online,51,Teacher,0
TXN-008802,ACCT-1163,2025-04-01 14:45:13,142.77,Grubhub,Seattle,Subscriptions,In-Store,48,Teacher,0
TXN-008803,ACCT-1130,2025-06-05 14:44:25,99.75,Apple Store,Detroit,Subscriptions,Online,27,Lawyer,0
TXN-008804,ACCT-1179,2025-02-26 07:16:55,74.93,United Airlines,Nashville,Groceries,Online,41,Engineer,0
TXN-008805,ACCT-1070,2025-07-29 12:23:25,553.95,Netflix,Denver,Utilities,Online,56,Student,0
TXN-008806,ACCT-1006,2025-10-14 16:53:12,145.5,Hilton,Atlanta,Shopping,In-Store,55,Nurse,0
TXN-008807,ACCT-1056,2025-04-22 19:02:00,42.38,Walmart,Philadelphia,Utilities,Online,39,Freelancer,0
TXN-008808,ACCT-1069,2025-01-19 16:05:46,141.77,Kroger,Minneapolis,Gas,In-Store,32,Manager,0
TXN-008809,ACCT-1013,2025-01-16 12:36:55,394.77,DoorDash,Houston,Groceries,Online,45,Driver,0
TXN-008810,ACCT-1196,2025-11-06 08:11:16,213.4,Amazon,Phoenix,Travel,ATM,48,Freelancer,0
TXN-008811,ACCT-1013,2025-11-09 14:49:56,249.12,Whole Foods,Seattle,Transportation,ATM,45,Driver,0
TXN-008812,ACCT-1184,2025-05-25 12:40:27,36.56,Home Depot,Seattle,Subscriptions,ATM,30,Analyst,0
TXN-008813,ACCT-1152,2025-03-28 18:18:34,220.14,Walmart,San Francisco,Education,In-Store,58,Chef,0
TXN-008814,ACCT-1122,2025-01-25 10:58:35,173.55,Apple Store,Portland,Travel,In-Store,34,Retired,0
TXN-008815,ACCT-1046,2025-05-18 14:09:00,2500.0,CVS Pharmacy,Minneapolis,Travel,Online,27,Driver,1
TXN-008816,ACCT-1117,2025-03-17 08:18:08,299.23,Zara,Nashville,Utilities,In-Store,56,Teacher,0
TXN-008817,ACCT-1023,2025-10-20 12:52:00,79.23,CVS Pharmacy,Dallas,Utilities,Phone,39,Retired,0
TXN-008818,ACCT-1022,2025-07-09 09:30:52,91.05,Trader Joes,Detroit,Gas,ATM,34,Analyst,0
TXN-008819,ACCT-1112,2025-04-19 23:16:57,39.65,Spotify,San Antonio,Entertainment,In-Store,23,Sales Rep,0
TXN-008820,ACCT-1163,2025-12-29 18:21:38,631.1,Hilton,Seattle,Travel,In-Store,48,Teacher,0
TXN-008821,ACCT-1130,2025-06-18 12:18:19,93.86,Marriott,Detroit,Personal Care,Mobile App,27,Lawyer,0
TXN-008822,ACCT-1148,2025-03-24 12:24:22,97.43,United Airlines,Houston,Personal Care,In-Store,23,Chef,0
TXN-008823,ACCT-1152,2025-08-11 09:30:35,229.62,Lyft,San Francisco,Travel,Online,58,Chef,0
TXN-008824,ACCT-1002,2025-05-11 23:37:03,175.63,Target,Miami,Entertainment,Phone,26,Lawyer,0
TXN-008825,ACCT-1025,2025-12-26 15:08:45,129.97,Home Depot,New York,Personal Care,Mobile App,43,Chef,0
TXN-008826,ACCT-1015,2025-06-19 23:56:28,32.31,Home Depot,Houston,Education,Online,43,Lawyer,0
TXN-008827,ACCT-1135,2025-06-29 20:21:20,182.35,Costco,Los Angeles,Subscriptions,Mobile App,37,Driver,0
TXN-008828,ACCT-1190,2025-05-30 14:19:47,138.99,Airbnb,Nashville,Groceries,In-Store,40,Teacher,0
TXN-008829,ACCT-1130,2025-10-13 14:48:00,74.15,Airbnb,Detroit,Gas,Online,27,Lawyer,0
TXN-008830,ACCT-1043,2025-03-09 17:10:21,96.27,CVS Pharmacy,Atlanta,Dining,In-Store,34,Manager,0
TXN-008831,ACCT-1132,2025-10-07 13:41:12,179.27,Best Buy,Miami,Entertainment,ATM,54,Manager,0
TXN-008832,ACCT-1132,2025-11-19 10:29:03,212.4,United Airlines,Miami,Dining,Online,54,Manager,0
TXN-008833,ACCT-1021,2025-05-13 10:25:55,68.73,Delta Airlines,Phoenix,Personal Care,Mobile App,28,Teacher,0
TXN-008834,ACCT-1130,2025-03-30 08:25:47,51.53,Apple Store,Detroit,Transportation,Online,27,Lawyer,0
TXN-008835,ACCT-1174,2025-02-14 18:16:45,237.64,Costco,San Francisco,Subscriptions,Online,34,Retired,0
TXN-008836,ACCT-1030,2025-03-13 10:37:27,341.87,Whole Foods,Seattle,Travel,Mobile App,48,Manager,0
TXN-008837,ACCT-1062,2025-10-15 21:51:14,297.84,Walgreens,Chicago,Personal Care,Mobile App,52,Student,0
TXN-008838,ACCT-1003,2025-10-03 13:33:57,112.4,Zara,San Antonio,Groceries,In-Store,73,Engineer,0
TXN-008839,ACCT-1043,2025-06-07 19:52:17,194.08,Amazon,Atlanta,Shopping,Online,34,Manager,0
TXN-008840,ACCT-1113,2025-06-15 09:57:31,290.91,Home Depot,Houston,Education,Online,41,Designer,0
TXN-008841,ACCT-1067,2025-01-20 09:11:52,272.24,CVS Pharmacy,Boston,Shopping,Online,62,Doctor,0
TXN-008842,ACCT-1104,2025-09-09 08:49:08,104.16,Walmart,Dallas,Personal Care,Mobile App,24,Engineer,0
TXN-008843,ACCT-1017,2025-08-01 16:31:24,90.96,Whole Foods,San Diego,Entertainment,In-Store,76,Nurse,0
TXN-008844,ACCT-1194,2025-09-13 13:30:24,164.09,Walgreens,San Diego,Utilities,Mobile App,84,Lawyer,0
TXN-008845,ACCT-1026,2025-10-17 06:19:35,82.07,Zara,Detroit,Education,Online,33,Lawyer,0
TXN-008846,ACCT-1061,2025-10-14 09:29:29,173.73,Marriott,Boston,Healthcare,Online,50,Analyst,0
TXN-008847,ACCT-1103,2025-08-09 17:56:31,57.99,Hilton,Houston,Subscriptions,Mobile App,23,Sales Rep,0
TXN-008848,ACCT-1149,2025-05-24 12:43:14,131.49,Apple Store,Los Angeles,Healthcare,Online,41,Sales Rep,0
TXN-008849,ACCT-1101,2025-02-18 22:10:35,55.82,McDonalds,Minneapolis,Gas,ATM,24,Doctor,0
TXN-008850,ACCT-1098,2025-03-11 10:48:17,89.02,Hilton,Houston,Groceries,Online,37,Sales Rep,0
TXN-008851,ACCT-1173,2025-03-05 10:11:47,224.12,Shell Gas,Chicago,Shopping,Mobile App,44,Retired,0
TXN-008852,ACCT-1112,2025-04-07 09:35:16,47.49,Lyft,San Antonio,Travel,ATM,23,Sales Rep,0
TXN-008853,ACCT-1161,2025-06-23 20:47:58,93.67,CVS Pharmacy,Detroit,Healthcare,In-Store,75,Engineer,0
TXN-008854,ACCT-1040,2025-10-31 10:24:51,376.33,Safeway,Miami,Healthcare,Online,29,Driver,0
TXN-008855,ACCT-1080,2025-05-05 11:14:32,43.57,Delta Airlines,Seattle,Subscriptions,ATM,79,Freelancer,0
TXN-008856,ACCT-1179,2025-02-06 11:11:08,67.09,Best Buy,Nashville,Education,In-Store,41,Engineer,0
TXN-008857,ACCT-1140,2025-06-15 22:35:27,28.88,Apple Store,Detroit,Education,In-Store,24,Teacher,0
TXN-008858,ACCT-1042,2025-06-07 12:42:02,85.44,United Airlines,Seattle,Gas,In-Store,50,Sales Rep,0
TXN-008859,ACCT-1025,2025-09-17 14:37:33,303.13,Trader Joes,New York,Gas,Mobile App,43,Chef,0
TXN-008860,ACCT-1113,2025-07-22 14:17:17,99.98,CVS Pharmacy,Houston,Gas,In-Store,41,Designer,0
TXN-008861,ACCT-1034,2025-01-12 17:18:12,310.97,Amazon,Philadelphia,Travel,In-Store,41,Lawyer,0
TXN-008862,ACCT-1029,2025-08-04 14:14:35,90.55,Zara,New York,Education,Online,32,Freelancer,0
TXN-008863,ACCT-1071,2025-05-13 12:52:04,64.78,Best Buy,Nashville,Personal Care,ATM,42,Analyst,0
TXN-008864,ACCT-1025,2025-06-24 12:38:17,283.8,Home Depot,New York,Healthcare,ATM,43,Chef,0
TXN-008865,ACCT-1157,2025-11-12 14:37:20,497.12,Netflix,San Diego,Gas,In-Store,57,Lawyer,0
TXN-008866,ACCT-1070,2025-12-24 13:34:37,266.17,Walmart,Los Angeles,Groceries,Online,56,Student,0
TXN-008867,ACCT-1095,2025-05-10 07:36:36,110.96,Nike,Denver,Utilities,Online,81,Doctor,0
TXN-008868,ACCT-1043,2025-06-02 12:20:57,170.82,McDonalds,Atlanta,Education,Online,34,Manager,0
TXN-008869,ACCT-1138,2025-11-25 21:15:12,139.72,Uber,Miami,Utilities,Mobile App,29,Accountant,0
TXN-008870,ACCT-1001,2025-08-08 10:04:32,345.74,Whole Foods,Minneapolis,Groceries,Online,64,Nurse,0
TXN-008871,ACCT-1094,2025-03-15 15:26:28,653.37,Hilton,San Francisco,Dining,Online,48,Driver,0
TXN-008872,ACCT-1128,2025-07-21 11:04:16,27.27,Chevron,Denver,Healthcare,Online,21,Engineer,0
TXN-008873,ACCT-1136,2025-10-03 13:21:57,415.82,Starbucks,Boston,Education,Online,60,Sales Rep,0
TXN-008874,ACCT-1095,2025-09-09 21:33:10,62.09,Netflix,San Diego,Utilities,In-Store,81,Doctor,0
TXN-008875,ACCT-1036,2025-10-24 08:14:28,65.09,Uber,Philadelphia,Shopping,In-Store,21,Sales Rep,0
TXN-008876,ACCT-1101,2025-08-05 19:34:41,70.65,Amazon,Minneapolis,Dining,In-Store,24,Doctor,0
TXN-008877,ACCT-1170,2025-04-16 10:35:00,1836.76,FastCash ATM Services,Karachi,Travel,Online,60,Lawyer,1
TXN-008878,ACCT-1160,2025-12-21 16:47:45,205.43,Uber,Phoenix,Gas,In-Store,40,Nurse,0
TXN-008879,ACCT-1173,2025-11-17 10:38:43,203.13,Costco,Chicago,Transportation,In-Store,44,Retired,0
TXN-008880,ACCT-1012,2025-10-22 16:57:09,44.22,McDonalds,Denver,Education,In-Store,22,Teacher,0
TXN-008881,ACCT-1057,2025-05-20 13:46:24,267.72,Shell Gas,Seattle,Shopping,In-Store,55,Analyst,0
TXN-008882,ACCT-1159,2025-08-14 21:16:15,118.59,Marriott,San Diego,Subscriptions,ATM,39,Student,0
TXN-008883,ACCT-1047,2025-03-15 09:23:06,39.9,Nike,Denver,Subscriptions,Online,75,Sales Rep,0
TXN-008884,ACCT-1063,2025-10-13 07:06:08,265.28,Nike,Austin,Entertainment,Online,70,Driver,0
TXN-008885,ACCT-1131,2025-06-17 16:02:46,144.05,Home Depot,Dallas,Education,Online,34,Lawyer,0
TXN-008886,ACCT-1149,2025-10-12 14:52:10,138.55,Delta Airlines,Los Angeles,Gas,In-Store,41,Sales Rep,0
TXN-008887,ACCT-1059,2025-07-11 13:28:18,283.89,CVS Pharmacy,Los Angeles,Entertainment,ATM,48,Doctor,0
TXN-008888,ACCT-1175,2025-08-12 11:43:42,499.03,Hilton,Los Angeles,Utilities,Online,59,Student,0
TXN-008889,ACCT-1160,2025-11-30 10:52:29,100.3,Whole Foods,Denver,Transportation,Online,40,Nurse,0
TXN-008890,ACCT-1168,2025-01-08 13:45:29,133.07,Lyft,Boston,Dining,Mobile App,82,Teacher,0
TXN-008891,ACCT-1120,2025-05-07 14:02:27,223.34,Hilton,Minneapolis,Personal Care,In-Store,54,Teacher,0
TXN-008892,ACCT-1156,2025-09-23 13:36:55,46.05,Chevron,Atlanta,Transportation,Online,18,Sales Rep,0
TXN-008893,ACCT-1027,2025-07-20 17:32:35,164.02,Home Depot,Nashville,Groceries,In-Store,28,Sales Rep,0
TXN-008894,ACCT-1136,2025-04-30 17:47:33,173.86,Uber,Boston,Transportation,Online,60,Sales Rep,0
TXN-008895,ACCT-1029,2025-07-12 10:05:12,155.27,Costco,New York,Transportation,Online,32,Freelancer,0
TXN-008896,ACCT-1109,2025-10-22 21:19:00,86.91,Best Buy,Nashville,Utilities,Online,42,Student,0
TXN-008897,ACCT-1094,2025-12-08 10:11:36,284.32,Hilton,San Francisco,Utilities,Online,48,Driver,0
TXN-008898,ACCT-1094,2025-09-03 13:58:24,622.58,Trader Joes,San Francisco,Dining,Online,48,Driver,0
TXN-008899,ACCT-1092,2025-02-25 14:51:54,113.15,Shell Gas,Minneapolis,Subscriptions,Phone,32,Accountant,0
TXN-008900,ACCT-1110,2025-04-17 20:56:32,50.55,Home Depot,San Francisco,Personal Care,ATM,34,Analyst,0
TXN-008901,ACCT-1054,2025-06-29 20:18:55,79.13,DoorDash,Nashville,Groceries,Online,80,Retired,0
TXN-008902,ACCT-1026,2025-07-30 11:19:00,137.2,Walgreens,Detroit,Education,Online,33,Lawyer,0
TXN-008903,ACCT-1103,2025-10-24 08:52:54,50.85,Kroger,Houston,Entertainment,ATM,23,Sales Rep,0
TXN-008904,ACCT-1193,2025-07-06 13:19:54,83.52,Spotify,San Diego,Utilities,In-Store,42,Sales Rep,0
TXN-008905,ACCT-1017,2025-03-05 18:13:38,46.15,Zara,San Diego,Transportation,Mobile App,76,Nurse,0
TXN-008906,ACCT-1100,2025-09-19 18:38:40,175.54,McDonalds,Phoenix,Travel,Mobile App,80,Manager,0
TXN-008907,ACCT-1186,2025-03-03 12:33:37,17.41,Airbnb,Dallas,Entertainment,In-Store,19,Freelancer,0
TXN-008908,ACCT-1063,2025-09-23 13:37:54,55.7,Airbnb,Austin,Dining,ATM,70,Driver,0
TXN-008909,ACCT-1058,2025-05-09 10:42:32,108.01,Amazon,San Diego,Travel,Online,36,Designer,0
TXN-008910,ACCT-1167,2025-12-07 10:52:45,286.35,Amazon,Seattle,Subscriptions,Online,57,Manager,0
TXN-008911,ACCT-1006,2025-04-30 13:41:20,172.19,Chevron,Atlanta,Travel,In-Store,55,Nurse,0
TXN-008912,ACCT-1195,2025-08-06 20:36:49,259.87,DoorDash,Houston,Transportation,In-Store,46,Retired,0
TXN-008913,ACCT-1157,2025-07-31 14:58:04,344.42,Uber,San Diego,Travel,Online,57,Lawyer,0
TXN-008914,ACCT-1040,2025-01-24 12:35:10,109.62,Lyft,Miami,Utilities,Online,29,Driver,0
TXN-008915,ACCT-1032,2025-12-10 20:15:49,94.03,Home Depot,Austin,Education,In-Store,34,Analyst,0
TXN-008916,ACCT-1049,2025-12-14 19:05:45,144.82,Walmart,Chicago,Groceries,Online,48,Accountant,0
TXN-008917,ACCT-1076,2025-11-05 10:47:42,15.02,Shell Gas,Denver,Subscriptions,In-Store,18,Teacher,0
TXN-008918,ACCT-1027,2025-09-01 13:05:11,215.56,Shell Gas,Houston,Transportation,Online,28,Sales Rep,0
TXN-008919,ACCT-1176,2025-03-30 18:39:17,225.4,Kroger,Boston,Education,Online,62,Designer,0
TXN-008920,ACCT-1046,2025-08-17 11:35:36,61.79,Nike,Phoenix,Personal Care,In-Store,27,Driver,0
TXN-008921,ACCT-1050,2025-02-13 12:28:42,92.07,CVS Pharmacy,Minneapolis,Entertainment,ATM,43,Designer,0
TXN-008922,ACCT-1177,2025-12-18 10:20:11,17.35,Uber,Portland,Subscriptions,Online,24,Teacher,0
TXN-008923,ACCT-1155,2025-03-26 11:09:26,128.48,Lyft,Los Angeles,Personal Care,Online,35,Accountant,0
TXN-008924,ACCT-1080,2025-12-20 12:54:48,134.16,CVS Pharmacy,Seattle,Shopping,Mobile App,79,Freelancer,0
TXN-008925,ACCT-1058,2025-01-23 16:10:53,213.24,Amazon,San Diego,Shopping,Mobile App,36,Designer,0
TXN-008926,ACCT-1078,2025-11-23 21:46:42,29.78,Whole Foods,Houston,Shopping,In-Store,24,Freelancer,0
TXN-008927,ACCT-1177,2025-03-18 22:31:49,15.71,Airbnb,Portland,Utilities,Online,24,Teacher,0
TXN-008928,ACCT-1091,2025-12-26 16:54:55,42.54,Whole Foods,Miami,Entertainment,Mobile App,36,Manager,0
TXN-008929,ACCT-1025,2025-07-06 22:04:51,286.59,McDonalds,New York,Dining,Online,43,Chef,0
TXN-008930,ACCT-1117,2025-03-14 18:21:50,407.91,DoorDash,Houston,Healthcare,In-Store,56,Teacher,0
TXN-008931,ACCT-1126,2025-06-21 09:29:28,196.75,Starbucks,Portland,Entertainment,In-Store,30,Driver,0
TXN-008932,ACCT-1074,2025-01-05 08:03:07,141.47,Delta Airlines,Miami,Shopping,In-Store,42,Freelancer,0
TXN-008933,ACCT-1066,2025-02-06 14:27:48,300.07,Target,Houston,Shopping,Mobile App,38,Teacher,0
TXN-008934,ACCT-1040,2025-01-27 17:39:26,220.8,Lyft,Miami,Entertainment,Online,29,Driver,0
TXN-008935,ACCT-1185,2025-08-17 20:19:00,3858.36,Netflix,New York,Travel,In-Store,58,Lawyer,1
TXN-008936,ACCT-1096,2025-03-02 19:34:20,83.76,CVS Pharmacy,New York,Shopping,Mobile App,30,Chef,0
TXN-008937,ACCT-1181,2025-02-01 22:13:44,130.56,Starbucks,Detroit,Entertainment,In-Store,48,Manager,0
TXN-008938,ACCT-1130,2025-09-06 19:55:14,106.15,Marriott,Detroit,Personal Care,In-Store,27,Lawyer,0
TXN-008939,ACCT-1156,2025-10-13 06:45:18,28.59,Airbnb,Atlanta,Shopping,In-Store,18,Sales Rep,0
TXN-008940,ACCT-1105,2025-10-22 17:49:15,941.94,Grubhub,Portland,Utilities,Phone,51,Teacher,0
TXN-008941,ACCT-1163,2025-06-05 10:27:33,298.7,Whole Foods,Seattle,Gas,In-Store,48,Teacher,0
TXN-008942,ACCT-1059,2025-05-07 15:26:16,456.49,Trader Joes,Los Angeles,Education,Mobile App,48,Doctor,0
TXN-008943,ACCT-1150,2025-05-04 20:17:20,37.26,Grubhub,Portland,Gas,Mobile App,24,Manager,0
TXN-008944,ACCT-1104,2025-09-27 11:41:51,45.09,Home Depot,Austin,Subscriptions,In-Store,24,Engineer,0
TXN-008945,ACCT-1108,2025-03-30 15:11:17,175.26,Trader Joes,New York,Subscriptions,Online,34,Retired,0
TXN-008946,ACCT-1172,2025-04-07 21:27:52,37.3,Uber,Austin,Personal Care,Mobile App,25,Nurse,0
TXN-008947,ACCT-1080,2025-03-26 08:29:22,248.22,Walgreens,Los Angeles,Gas,Mobile App,79,Freelancer,0
TXN-008948,ACCT-1098,2025-04-19 09:15:31,109.8,Nike,Houston,Transportation,In-Store,37,Sales Rep,0
TXN-008949,ACCT-1142,2025-03-08 10:25:44,88.19,McDonalds,Los Angeles,Education,Mobile App,36,Analyst,0
TXN-008950,ACCT-1139,2025-02-11 04:44:00,109.26,United Airlines,Los Angeles,Shopping,ATM,40,Driver,1
TXN-008951,ACCT-1172,2025-03-20 07:18:06,152.45,Costco,Austin,Entertainment,Online,25,Nurse,0
TXN-008952,ACCT-1043,2025-04-04 10:23:31,167.91,McDonalds,Atlanta,Groceries,Online,34,Manager,0
TXN-008953,ACCT-1119,2025-12-19 22:12:00,224.36,Safeway,Boston,Entertainment,In-Store,41,Designer,0
TXN-008954,ACCT-1051,2025-04-11 10:49:47,206.27,Hilton,Phoenix,Utilities,In-Store,45,Chef,0
TXN-008955,ACCT-1186,2025-01-09 20:52:36,72.26,Apple Store,Dallas,Subscriptions,In-Store,19,Freelancer,0
TXN-008956,ACCT-1055,2025-02-19 15:47:24,89.71,Lyft,Denver,Utilities,Mobile App,46,Nurse,0
TXN-008957,ACCT-1056,2025-08-27 09:56:03,25.43,Hilton,Philadelphia,Subscriptions,ATM,39,Freelancer,0
TXN-008958,ACCT-1176,2025-03-24 12:01:57,145.99,Netflix,Boston,Travel,In-Store,62,Designer,0
TXN-008959,ACCT-1040,2025-12-16 09:56:26,157.86,Safeway,Portland,Transportation,Online,29,Driver,0
TXN-008960,ACCT-1055,2025-03-08 14:30:02,227.81,DoorDash,Denver,Subscriptions,In-Store,46,Nurse,0
TXN-008961,ACCT-1113,2025-02-09 07:39:00,2500.0,Chevron,San Francisco,Travel,Online,41,Designer,1
TXN-008962,ACCT-1084,2025-04-02 08:52:15,32.42,CVS Pharmacy,Dallas,Education,Online,24,Engineer,0
TXN-008963,ACCT-1120,2025-10-19 20:21:21,206.86,Nike,Minneapolis,Subscriptions,Mobile App,54,Teacher,0
TXN-008964,ACCT-1043,2025-06-09 15:17:38,227.57,Uber,Atlanta,Entertainment,Online,34,Manager,0
TXN-008965,ACCT-1188,2025-02-13 17:11:54,44.57,Apple Store,New York,Entertainment,In-Store,23,Sales Rep,0
TXN-008966,ACCT-1034,2025-09-03 18:50:41,216.69,Walgreens,Philadelphia,Transportation,In-Store,41,Lawyer,0
TXN-008967,ACCT-1017,2025-06-20 11:20:39,118.98,Whole Foods,San Diego,Education,Mobile App,76,Nurse,0
TXN-008968,ACCT-1078,2025-10-09 13:52:18,16.49,Target,Houston,Subscriptions,ATM,24,Freelancer,0
TXN-008969,ACCT-1139,2025-01-16 17:15:13,68.84,Zara,Los Angeles,Gas,In-Store,40,Driver,0
TXN-008970,ACCT-1113,2025-11-03 19:37:58,104.75,Apple Store,Nashville,Travel,In-Store,41,Designer,0
TXN-008971,ACCT-1045,2025-09-01 09:39:28,72.37,Netflix,Philadelphia,Travel,Mobile App,66,Chef,0
TXN-008972,ACCT-1176,2025-07-11 15:17:58,198.37,Kroger,Boston,Utilities,Online,62,Designer,0
TXN-008973,ACCT-1084,2025-06-14 12:48:54,57.13,Target,Dallas,Dining,Mobile App,24,Engineer,0
TXN-008974,ACCT-1138,2025-11-06 12:04:36,190.27,Grubhub,San Antonio,Subscriptions,Phone,29,Accountant,0
TXN-008975,ACCT-1119,2025-02-26 10:29:46,194.84,Home Depot,Boston,Entertainment,Mobile App,41,Designer,0
TXN-008976,ACCT-1032,2025-09-23 14:08:16,146.97,McDonalds,New York,Education,Online,34,Analyst,0
TXN-008977,ACCT-1094,2025-03-23 14:32:06,416.18,Hilton,San Francisco,Shopping,In-Store,48,Driver,0
TXN-008978,ACCT-1065,2025-06-16 11:18:15,50.04,Amazon,Chicago,Shopping,ATM,79,Analyst,0
TXN-008979,ACCT-1197,2025-06-19 12:47:54,154.14,Best Buy,Los Angeles,Healthcare,Online,37,Student,0
TXN-008980,ACCT-1142,2025-04-05 11:43:50,53.34,CVS Pharmacy,Los Angeles,Shopping,Phone,36,Analyst,0
TXN-008981,ACCT-1061,2025-05-17 19:48:53,546.34,Kroger,Los Angeles,Education,ATM,50,Analyst,0
TXN-008982,ACCT-1091,2025-05-28 18:15:29,63.79,Whole Foods,Boston,Dining,Mobile App,36,Manager,0
TXN-008983,ACCT-1079,2025-08-04 15:04:49,207.84,DoorDash,Phoenix,Subscriptions,ATM,52,Retired,0
TXN-008984,ACCT-1195,2025-05-04 19:32:50,287.59,DoorDash,Houston,Entertainment,ATM,46,Retired,0
TXN-008985,ACCT-1036,2025-12-01 19:36:48,35.57,DoorDash,Miami,Dining,Online,21,Sales Rep,0
TXN-008986,ACCT-1033,2025-04-10 17:11:15,69.83,Best Buy,Miami,Personal Care,In-Store,43,Teacher,0
TXN-008987,ACCT-1134,2025-12-18 23:33:01,237.53,Whole Foods,Miami,Entertainment,In-Store,56,Student,0
TXN-008988,ACCT-1056,2025-01-09 17:49:08,66.27,Walmart,Philadelphia,Education,Mobile App,39,Freelancer,0
TXN-008989,ACCT-1153,2025-11-04 20:04:45,117.5,McDonalds,Los Angeles,Travel,ATM,33,Lawyer,0
TXN-008990,ACCT-1183,2025-12-20 18:57:32,308.66,Home Depot,Portland,Education,In-Store,60,Retired,0
TXN-008991,ACCT-1009,2025-04-08 07:45:46,26.63,Nike,Nashville,Education,In-Store,69,Analyst,0
TXN-008992,ACCT-1003,2025-12-23 17:37:13,268.22,Whole Foods,Boston,Utilities,Mobile App,73,Engineer,1
TXN-008993,ACCT-1001,2025-10-23 10:24:03,389.66,Kroger,Minneapolis,Dining,Mobile App,64,Nurse,0
TXN-008994,ACCT-1151,2025-09-21 18:26:58,123.24,Marriott,Denver,Entertainment,Online,36,Retired,0
TXN-008995,ACCT-1178,2025-11-07 14:45:13,392.21,Grubhub,Chicago,Personal Care,In-Store,59,Retired,0
TXN-008996,ACCT-1015,2025-06-06 18:17:57,92.54,Airbnb,Minneapolis,Dining,In-Store,43,Lawyer,0
TXN-008997,ACCT-1012,2025-03-09 23:29:45,38.86,McDonalds,Austin,Travel,Mobile App,22,Teacher,0
TXN-008998,ACCT-1130,2025-02-13 07:46:57,29.95,CVS Pharmacy,Detroit,Transportation,Mobile App,27,Lawyer,0
TXN-008999,ACCT-1158,2025-12-16 07:45:24,30.06,Apple Store,Nashville,Groceries,In-Store,23,Doctor,0
TXN-009000,ACCT-1106,2025-02-03 11:31:03,27.65,Shell Gas,Seattle,Transportation,In-Store,23,Retired,0
TXN-009001,ACCT-1034,2025-05-05 17:41:20,88.53,Walgreens,Phoenix,Subscriptions,Online,41,Lawyer,0
TXN-009002,ACCT-1148,2025-03-24 16:08:36,112.53,Airbnb,Denver,Subscriptions,Mobile App,23,Chef,0
TXN-009003,ACCT-1197,2025-05-10 14:26:15,136.24,Zara,Dallas,Entertainment,ATM,37,Student,0
TXN-009004,ACCT-1078,2025-06-11 12:06:38,19.81,Shell Gas,Houston,Personal Care,In-Store,24,Freelancer,0
TXN-009005,ACCT-1167,2025-08-04 13:26:48,173.96,Whole Foods,Seattle,Education,Online,57,Manager,0
TXN-009006,ACCT-1060,2025-10-17 12:01:07,323.34,Target,Phoenix,Travel,Online,42,Accountant,0
TXN-009007,ACCT-1049,2025-10-12 09:52:12,157.07,Zara,Chicago,Travel,Mobile App,48,Accountant,0
TXN-009008,ACCT-1018,2025-12-03 20:05:42,131.72,Airbnb,Seattle,Personal Care,In-Store,28,Retired,0
TXN-009009,ACCT-1106,2025-08-02 15:28:01,17.51,Shell Gas,Seattle,Entertainment,In-Store,23,Retired,0
TXN-009010,ACCT-1123,2025-06-30 12:34:58,51.96,Marriott,Seattle,Shopping,In-Store,37,Lawyer,0
TXN-009011,ACCT-1053,2025-12-29 09:59:25,30.21,Shell Gas,Philadelphia,Utilities,Online,20,Student,0
TXN-009012,ACCT-1186,2025-04-23 14:46:44,18.59,Delta Airlines,Miami,Entertainment,Online,19,Freelancer,0
TXN-009013,ACCT-1099,2025-03-08 19:18:33,56.56,Nike,Detroit,Healthcare,In-Store,32,Sales Rep,0
TXN-009014,ACCT-1089,2025-08-05 06:30:16,47.49,Whole Foods,Dallas,Gas,In-Store,18,Driver,0
TXN-009015,ACCT-1132,2025-07-21 10:46:28,65.1,Kroger,San Diego,Gas,Online,54,Manager,1
TXN-009016,ACCT-1143,2025-01-28 11:21:40,63.82,Shell Gas,Phoenix,Education,Mobile App,76,Retired,0
TXN-009017,ACCT-1129,2025-03-27 10:58:43,60.94,Hilton,Chicago,Entertainment,Online,32,Sales Rep,0
TXN-009018,ACCT-1180,2025-11-18 11:08:09,232.9,Amazon,Detroit,Utilities,Online,45,Freelancer,0
TXN-009019,ACCT-1192,2025-05-20 07:10:41,576.42,Apple Store,San Antonio,Education,Phone,56,Designer,0
TXN-009020,ACCT-1125,2025-09-14 13:38:15,453.36,Costco,Atlanta,Subscriptions,Phone,61,Teacher,0
TXN-009021,ACCT-1128,2025-04-10 11:09:47,44.35,Chevron,Denver,Dining,ATM,21,Engineer,0
TXN-009022,ACCT-1133,2025-08-19 10:20:41,46.28,Kroger,Nashville,Personal Care,Online,19,Student,0
TXN-009023,ACCT-1117,2025-05-11 08:30:12,233.78,Uber,Houston,Groceries,ATM,56,Teacher,0
TXN-009024,ACCT-1192,2025-09-24 13:07:59,295.96,CVS Pharmacy,San Antonio,Gas,In-Store,56,Designer,0
TXN-009025,ACCT-1114,2025-09-02 15:55:08,37.42,Grubhub,Detroit,Entertainment,In-Store,65,Teacher,0
TXN-009026,ACCT-1081,2025-08-03 21:23:45,68.23,Spotify,Denver,Transportation,Online,77,Accountant,0
TXN-009027,ACCT-1187,2025-03-15 23:43:54,72.3,Delta Airlines,San Antonio,Utilities,Online,28,Freelancer,0
TXN-009028,ACCT-1158,2025-01-13 22:49:06,16.1,Airbnb,Nashville,Transportation,ATM,23,Doctor,0
TXN-009029,ACCT-1077,2025-09-25 18:27:52,48.36,Whole Foods,Seattle,Personal Care,Mobile App,80,Driver,0
TXN-009030,ACCT-1046,2025-03-27 16:30:09,73.93,Trader Joes,Atlanta,Groceries,Phone,27,Driver,0
TXN-009031,ACCT-1027,2025-03-12 08:17:52,173.31,Chevron,Nashville,Entertainment,Online,28,Sales Rep,0
TXN-009032,ACCT-1079,2025-05-17 15:07:20,1024.16,DoorDash,Phoenix,Gas,In-Store,52,Retired,0
TXN-009033,ACCT-1020,2025-02-27 20:26:13,164.87,DoorDash,Austin,Healthcare,In-Store,36,Engineer,0
TXN-009034,ACCT-1105,2025-12-27 20:23:50,371.2,United Airlines,New York,Travel,Online,51,Teacher,0
TXN-009035,ACCT-1101,2025-01-23 12:03:28,33.63,Kroger,Minneapolis,Healthcare,Mobile App,24,Doctor,0
TXN-009036,ACCT-1000,2025-06-08 11:23:02,234.51,Costco,Denver,Entertainment,Online,59,Freelancer,0
TXN-009037,ACCT-1173,2025-11-05 09:29:03,105.7,Best Buy,Chicago,Shopping,ATM,44,Retired,0
TXN-009038,ACCT-1149,2025-09-26 10:13:25,189.12,Zara,Los Angeles,Utilities,Phone,41,Sales Rep,0
TXN-009039,ACCT-1186,2025-03-30 15:29:19,23.01,Hilton,Dallas,Personal Care,Online,19,Freelancer,0
TXN-009040,ACCT-1119,2025-10-13 11:39:58,75.87,Chevron,Boston,Transportation,Mobile App,41,Designer,0
TXN-009041,ACCT-1054,2025-07-25 16:59:43,83.56,Shell Gas,Nashville,Personal Care,Online,80,Retired,0
TXN-009042,ACCT-1125,2025-11-06 19:59:13,492.21,Costco,Atlanta,Groceries,In-Store,61,Teacher,0
TXN-009043,ACCT-1093,2025-02-11 10:16:00,753.53,Walmart,Boston,Entertainment,In-Store,41,Chef,1
TXN-009044,ACCT-1168,2025-04-11 14:14:26,117.9,Zara,Boston,Subscriptions,Mobile App,82,Teacher,0
TXN-009045,ACCT-1128,2025-02-14 06:43:37,31.22,Lyft,Denver,Education,Mobile App,21,Engineer,0
TXN-009046,ACCT-1135,2025-07-10 13:00:58,177.33,Chevron,Los Angeles,Personal Care,Mobile App,37,Driver,0
TXN-009047,ACCT-1029,2025-08-13 11:13:20,73.2,Shell Gas,New York,Dining,Mobile App,32,Freelancer,0
TXN-009048,ACCT-1060,2025-08-26 14:48:26,218.47,Home Depot,Phoenix,Education,Online,42,Accountant,0
TXN-009049,ACCT-1118,2025-05-27 14:48:14,148.88,United Airlines,Detroit,Transportation,Mobile App,37,Designer,0
TXN-009050,ACCT-1154,2025-04-11 09:37:28,309.19,DoorDash,San Diego,Subscriptions,Online,34,Teacher,0
TXN-009051,ACCT-1176,2025-10-06 19:16:59,165.35,Kroger,Boston,Dining,Mobile App,62,Designer,0
TXN-009052,ACCT-1014,2025-08-07 08:30:31,479.33,Target,Nashville,Shopping,Online,54,Chef,0
TXN-009053,ACCT-1112,2025-09-07 12:47:59,63.16,Lyft,San Antonio,Entertainment,Online,23,Sales Rep,0
TXN-009054,ACCT-1012,2025-07-28 23:11:54,14.6,Walgreens,Denver,Dining,In-Store,22,Teacher,0
TXN-009055,ACCT-1136,2025-07-14 16:11:22,238.11,Walmart,San Francisco,Subscriptions,Online,60,Sales Rep,0
TXN-009056,ACCT-1135,2025-02-10 09:42:25,178.73,CVS Pharmacy,Los Angeles,Entertainment,Online,37,Driver,0
TXN-009057,ACCT-1015,2025-05-04 07:56:44,41.83,Walgreens,Minneapolis,Education,Mobile App,43,Lawyer,0
TXN-009058,ACCT-1156,2025-03-07 14:42:22,15.7,Airbnb,Atlanta,Personal Care,Mobile App,18,Sales Rep,0
TXN-009059,ACCT-1044,2025-06-10 09:06:28,126.82,Starbucks,Portland,Entertainment,Mobile App,73,Doctor,0
TXN-009060,ACCT-1121,2025-01-10 16:13:01,89.97,United Airlines,Houston,Gas,Online,35,Accountant,0
TXN-009061,ACCT-1111,2025-04-23 19:23:59,48.13,Netflix,Houston,Education,Online,22,Analyst,0
TXN-009062,ACCT-1188,2025-04-25 15:15:01,43.51,Kroger,New York,Dining,Online,23,Sales Rep,0
TXN-009063,ACCT-1118,2025-03-05 19:49:10,166.65,Trader Joes,Detroit,Groceries,ATM,37,Designer,0
TXN-009064,ACCT-1043,2025-05-26 09:09:46,332.88,Amazon,Denver,Dining,Online,34,Manager,0
TXN-009065,ACCT-1132,2025-01-27 09:00:06,376.61,CVS Pharmacy,San Francisco,Personal Care,Online,54,Manager,0
TXN-009066,ACCT-1059,2025-05-20 08:15:28,256.89,Uber,Los Angeles,Personal Care,In-Store,48,Doctor,0
TXN-009067,ACCT-1194,2025-05-27 09:52:01,109.59,McDonalds,San Diego,Groceries,Mobile App,84,Lawyer,0
TXN-009068,ACCT-1040,2025-02-14 13:27:16,179.26,Zara,Miami,Transportation,Online,29,Driver,0
TXN-009069,ACCT-1176,2025-08-04 08:24:00,69.38,Kroger,Boston,Transportation,Online,62,Designer,0
TXN-009070,ACCT-1153,2025-03-23 18:35:39,79.31,McDonalds,Los Angeles,Personal Care,ATM,33,Lawyer,0
TXN-009071,ACCT-1057,2025-08-22 22:59:49,641.09,Uber,Seattle,Gas,Online,55,Analyst,0
TXN-009072,ACCT-1171,2025-08-23 14:11:41,115.72,Nike,Boston,Transportation,In-Store,57,Doctor,0
TXN-009073,ACCT-1039,2025-07-18 09:09:50,177.98,Uber,Houston,Gas,In-Store,82,Accountant,0
TXN-009074,ACCT-1083,2025-01-11 07:08:11,474.31,Netflix,Detroit,Healthcare,In-Store,52,Freelancer,0
TXN-009075,ACCT-1071,2025-12-28 18:03:31,254.54,Delta Airlines,Nashville,Healthcare,Online,42,Analyst,0
TXN-009076,ACCT-1144,2025-03-30 11:11:26,137.85,Apple Store,San Antonio,Gas,Online,27,Chef,0
TXN-009077,ACCT-1125,2025-10-19 18:24:06,330.95,Marriott,Atlanta,Transportation,Online,61,Teacher,0
TXN-009078,ACCT-1121,2025-01-26 10:59:35,146.1,Kroger,Houston,Shopping,ATM,35,Accountant,0
TXN-009079,ACCT-1070,2025-04-18 12:15:42,260.23,Netflix,Portland,Personal Care,Mobile App,56,Student,0
TXN-009080,ACCT-1174,2025-04-14 21:58:45,153.11,Airbnb,San Francisco,Groceries,Online,34,Retired,0
TXN-009081,ACCT-1155,2025-10-18 11:10:32,312.71,Shell Gas,Los Angeles,Transportation,In-Store,35,Accountant,0
TXN-009082,ACCT-1022,2025-08-19 11:32:26,137.19,Nike,Detroit,Dining,In-Store,34,Analyst,0
TXN-009083,ACCT-1147,2025-11-24 09:34:01,79.52,Uber,Atlanta,Utilities,In-Store,75,Doctor,0
TXN-009084,ACCT-1182,2025-02-03 18:46:29,181.22,Safeway,Denver,Groceries,Online,55,Lawyer,0
TXN-009085,ACCT-1069,2025-02-16 09:09:21,57.52,Shell Gas,Chicago,Utilities,In-Store,32,Manager,0
TXN-009086,ACCT-1085,2025-03-21 02:03:26,327.71,Uber,San Francisco,Groceries,ATM,38,Student,0
TXN-009087,ACCT-1034,2025-05-30 11:05:35,120.81,Chevron,Philadelphia,Dining,Mobile App,41,Lawyer,0
TXN-009088,ACCT-1112,2025-03-22 08:39:53,42.04,Kroger,San Antonio,Groceries,Online,23,Sales Rep,0
TXN-009089,ACCT-1175,2025-01-08 14:16:21,289.98,DoorDash,Los Angeles,Education,ATM,59,Student,0
TXN-009090,ACCT-1125,2025-08-16 09:34:30,508.45,Costco,Atlanta,Personal Care,Mobile App,61,Teacher,0
TXN-009091,ACCT-1091,2025-07-29 14:27:07,83.33,Apple Store,Phoenix,Entertainment,In-Store,36,Manager,0
TXN-009092,ACCT-1011,2025-02-16 07:49:53,505.69,Marriott,Atlanta,Transportation,Phone,47,Doctor,0
TXN-009093,ACCT-1153,2025-05-02 17:11:16,51.39,Zara,Los Angeles,Travel,In-Store,33,Lawyer,0
TXN-009094,ACCT-1064,2025-11-09 13:25:13,52.47,Airbnb,Austin,Groceries,Mobile App,19,Driver,0
TXN-009095,ACCT-1091,2025-04-02 23:09:18,70.39,Whole Foods,Philadelphia,Education,In-Store,36,Manager,0
TXN-009096,ACCT-1196,2025-06-20 17:01:29,314.43,Safeway,Los Angeles,Groceries,Online,48,Freelancer,0
TXN-009097,ACCT-1186,2025-01-25 10:14:26,26.6,Apple Store,Dallas,Groceries,Mobile App,19,Freelancer,0
TXN-009098,ACCT-1169,2025-09-30 14:28:52,263.26,Netflix,Chicago,Dining,Online,36,Designer,0
TXN-009099,ACCT-1066,2025-10-03 14:32:09,158.59,Hilton,Philadelphia,Shopping,In-Store,38,Teacher,0
TXN-009100,ACCT-1093,2025-06-09 20:18:08,30.0,Apple Store,Boston,Entertainment,In-Store,41,Chef,0
TXN-009101,ACCT-1120,2025-02-24 00:14:58,288.37,Nike,Minneapolis,Healthcare,In-Store,54,Teacher,0
TXN-009102,ACCT-1095,2025-05-02 09:07:46,138.89,McDonalds,San Diego,Utilities,Online,81,Doctor,0
TXN-009103,ACCT-1014,2025-04-15 11:13:26,254.16,Target,Nashville,Personal Care,Online,54,Chef,0
TXN-009104,ACCT-1151,2025-09-22 21:34:35,129.29,Amazon,Denver,Utilities,Mobile App,36,Retired,0
TXN-009105,ACCT-1152,2025-12-23 22:15:00,1471.89,OffshorePay Inc,Karachi,Shopping,Online,58,Chef,1
TXN-009106,ACCT-1114,2025-09-21 08:25:50,62.41,Walmart,Detroit,Subscriptions,In-Store,65,Teacher,0
TXN-009107,ACCT-1127,2025-01-27 14:45:40,102.77,Amazon,Denver,Groceries,Online,32,Nurse,0
TXN-009108,ACCT-1106,2025-04-13 20:56:49,31.58,Hilton,Seattle,Utilities,Online,23,Retired,0
TXN-009109,ACCT-1075,2025-09-18 11:23:04,221.66,Kroger,Denver,Transportation,Mobile App,81,Accountant,0
TXN-009110,ACCT-1081,2025-08-09 07:00:54,92.55,Best Buy,Denver,Transportation,Online,77,Accountant,0
TXN-009111,ACCT-1042,2025-12-06 09:50:45,149.27,McDonalds,Seattle,Gas,Mobile App,50,Sales Rep,0
TXN-009112,ACCT-1085,2025-07-18 14:08:51,198.13,Apple Store,Dallas,Entertainment,In-Store,38,Student,0
TXN-009113,ACCT-1016,2025-03-28 13:30:49,37.11,Walgreens,Miami,Transportation,Mobile App,26,Driver,0
TXN-009114,ACCT-1076,2025-12-20 12:04:26,14.91,Delta Airlines,Portland,Groceries,Online,18,Teacher,0
TXN-009115,ACCT-1031,2025-08-12 15:56:00,1000.0,OffshorePay Inc,New York,Shopping,Online,71,Doctor,1
TXN-009116,ACCT-1122,2025-08-24 16:48:14,293.21,Lyft,Portland,Subscriptions,Online,34,Retired,0
TXN-009117,ACCT-1088,2025-06-25 13:34:27,58.15,Kroger,Phoenix,Groceries,Online,33,Designer,0
TXN-009118,ACCT-1142,2025-04-21 06:54:49,105.18,Home Depot,Los Angeles,Education,In-Store,36,Analyst,0
TXN-009119,ACCT-1166,2025-10-22 19:32:28,51.68,Lyft,Boston,Education,In-Store,21,Designer,0
TXN-009120,ACCT-1152,2025-07-15 11:12:35,340.61,Lyft,San Francisco,Utilities,In-Store,58,Chef,0
TXN-009121,ACCT-1168,2025-12-28 03:54:07,54.91,Chevron,Los Angeles,Utilities,Mobile App,82,Teacher,0
TXN-009122,ACCT-1070,2025-03-29 14:41:41,556.85,Netflix,Portland,Personal Care,Mobile App,56,Student,0
TXN-009123,ACCT-1019,2025-10-07 12:39:10,305.74,Walgreens,Chicago,Healthcare,Online,41,Lawyer,0
TXN-009124,ACCT-1151,2025-03-05 08:21:43,102.04,Amazon,Denver,Gas,Online,36,Retired,0
TXN-009125,ACCT-1044,2025-07-23 12:55:55,170.18,Apple Store,San Antonio,Shopping,Mobile App,73,Doctor,0
TXN-009126,ACCT-1093,2025-09-16 14:29:59,30.94,Delta Airlines,Boston,Subscriptions,Online,41,Chef,0
TXN-009127,ACCT-1105,2025-03-09 17:58:21,212.31,CVS Pharmacy,Nashville,Shopping,Online,51,Teacher,0
TXN-009128,ACCT-1094,2025-10-28 13:42:50,375.9,Amazon,San Francisco,Gas,Phone,48,Driver,0
TXN-009129,ACCT-1129,2025-11-28 09:23:39,105.82,Hilton,Chicago,Entertainment,In-Store,32,Sales Rep,0
TXN-009130,ACCT-1116,2025-03-03 14:16:41,98.54,Walgreens,San Francisco,Personal Care,Online,19,Lawyer,0
TXN-009131,ACCT-1094,2025-10-17 22:30:24,274.14,Lyft,San Francisco,Transportation,Online,48,Driver,0
TXN-009132,ACCT-1107,2025-10-26 13:13:01,230.88,Amazon,Austin,Dining,Mobile App,63,Student,0
TXN-009133,ACCT-1011,2025-10-24 17:00:49,495.53,Costco,Atlanta,Education,In-Store,47,Doctor,0
TXN-009134,ACCT-1003,2025-01-26 10:48:59,150.92,Zara,Detroit,Healthcare,Mobile App,73,Engineer,0
TXN-009135,ACCT-1048,2025-09-22 13:22:14,141.54,Spotify,Phoenix,Transportation,Online,25,Lawyer,1
TXN-009136,ACCT-1078,2025-03-02 08:25:34,65.54,Costco,Houston,Utilities,Online,24,Freelancer,0
TXN-009137,ACCT-1128,2025-05-21 15:28:12,72.3,Airbnb,Denver,Subscriptions,In-Store,21,Engineer,0
TXN-009138,ACCT-1071,2025-05-16 08:50:25,29.28,Best Buy,Nashville,Shopping,Phone,42,Analyst,0
TXN-009139,ACCT-1165,2025-08-09 09:53:33,11.8,Chevron,San Antonio,Gas,In-Store,22,Accountant,0
TXN-009140,ACCT-1196,2025-03-16 11:34:46,109.36,Grubhub,Los Angeles,Personal Care,Phone,48,Freelancer,0
TXN-009141,ACCT-1056,2025-11-14 08:32:19,130.34,Shell Gas,Philadelphia,Travel,Mobile App,39,Freelancer,0
TXN-009142,ACCT-1044,2025-03-25 23:52:08,141.5,Walgreens,Portland,Dining,Mobile App,73,Doctor,0
TXN-009143,ACCT-1094,2025-12-09 12:34:19,272.96,Trader Joes,San Francisco,Travel,Online,48,Driver,0
TXN-009144,ACCT-1158,2025-07-31 11:35:08,27.12,Starbucks,Nashville,Gas,Online,23,Doctor,0
TXN-009145,ACCT-1115,2025-03-11 21:19:37,98.57,Hilton,San Francisco,Travel,Online,40,Sales Rep,0
TXN-009146,ACCT-1110,2025-03-27 17:53:46,15.58,Home Depot,San Francisco,Gas,Online,34,Analyst,0
TXN-009147,ACCT-1027,2025-04-29 13:56:06,82.56,Chevron,Houston,Entertainment,Mobile App,28,Sales Rep,0
TXN-009148,ACCT-1061,2025-10-05 19:06:59,258.68,Netflix,Boston,Travel,Online,50,Analyst,0
TXN-009149,ACCT-1179,2025-04-10 00:27:46,62.51,Apple Store,Nashville,Utilities,In-Store,41,Engineer,0
TXN-009150,ACCT-1163,2025-12-20 13:21:40,332.47,Zara,Seattle,Groceries,Mobile App,48,Teacher,0
TXN-009151,ACCT-1129,2025-05-21 12:43:53,41.38,Hilton,Chicago,Utilities,In-Store,32,Sales Rep,0
TXN-009152,ACCT-1005,2025-04-28 15:45:55,27.43,Zara,Phoenix,Shopping,Online,24,Student,0
TXN-009153,ACCT-1076,2025-03-31 10:45:56,52.4,Airbnb,Portland,Travel,Online,18,Teacher,0
TXN-009154,ACCT-1122,2025-09-18 18:28:48,101.08,CVS Pharmacy,Portland,Groceries,Mobile App,34,Retired,0
TXN-009155,ACCT-1108,2025-08-31 12:18:09,124.65,CVS Pharmacy,San Francisco,Utilities,In-Store,34,Retired,0
TXN-009156,ACCT-1140,2025-06-01 12:18:16,39.4,Kroger,Nashville,Groceries,Mobile App,24,Teacher,0
TXN-009157,ACCT-1026,2025-11-06 13:30:27,340.96,Hilton,Detroit,Entertainment,In-Store,33,Lawyer,0
TXN-009158,ACCT-1063,2025-03-22 16:18:31,100.37,Walmart,Austin,Subscriptions,Online,70,Driver,0
TXN-009159,ACCT-1141,2025-07-30 12:48:13,80.95,Kroger,San Diego,Transportation,Mobile App,32,Engineer,0
TXN-009160,ACCT-1161,2025-10-13 10:20:55,141.48,Starbucks,Detroit,Dining,Mobile App,75,Engineer,0
TXN-009161,ACCT-1011,2025-03-28 20:34:15,430.78,Airbnb,Atlanta,Groceries,Online,47,Doctor,0
TXN-009162,ACCT-1068,2025-04-23 12:03:51,46.91,Nike,Atlanta,Gas,Online,22,Accountant,0
TXN-009163,ACCT-1193,2025-04-27 08:55:35,55.59,Spotify,San Diego,Groceries,In-Store,42,Sales Rep,0
TXN-009164,ACCT-1155,2025-02-20 12:39:00,1500.0,Target,Chicago,Utilities,Online,35,Accountant,1
TXN-009165,ACCT-1111,2025-10-02 16:35:26,79.63,United Airlines,Houston,Healthcare,Online,22,Analyst,0
TXN-009166,ACCT-1044,2025-03-23 11:31:00,437.24,GoldBullion Direct,Tirana,Shopping,Online,73,Doctor,1
TXN-009167,ACCT-1128,2025-09-24 15:03:33,76.04,Lyft,Denver,Healthcare,In-Store,21,Engineer,0
TXN-009168,ACCT-1101,2025-10-13 18:57:56,24.72,Amazon,Minneapolis,Shopping,In-Store,24,Doctor,0
TXN-009169,ACCT-1189,2025-06-27 09:53:29,10.86,Walmart,Detroit,Healthcare,ATM,23,Designer,0
TXN-009170,ACCT-1024,2025-06-01 18:05:56,230.22,Netflix,Portland,Personal Care,Online,44,Lawyer,0
TXN-009171,ACCT-1157,2025-09-10 14:18:52,193.88,Trader Joes,San Diego,Gas,In-Store,57,Lawyer,0
TXN-009172,ACCT-1194,2025-10-08 17:05:19,169.46,Walgreens,San Diego,Subscriptions,Online,84,Lawyer,0
TXN-009173,ACCT-1000,2025-12-30 09:48:07,275.72,Hilton,Portland,Subscriptions,Mobile App,59,Freelancer,0
TXN-009174,ACCT-1124,2025-10-02 18:20:56,331.33,Amazon,Miami,Utilities,Mobile App,33,Analyst,0
TXN-009175,ACCT-1164,2025-06-05 12:25:18,50.5,Netflix,San Francisco,Gas,Mobile App,36,Freelancer,0
TXN-009176,ACCT-1049,2025-03-10 17:56:34,722.28,Walmart,Chicago,Entertainment,In-Store,48,Accountant,0
TXN-009177,ACCT-1030,2025-02-16 13:37:31,414.46,Whole Foods,Seattle,Healthcare,In-Store,48,Manager,0
TXN-009178,ACCT-1154,2025-05-19 12:55:10,218.83,Home Depot,San Diego,Shopping,Mobile App,34,Teacher,0
TXN-009179,ACCT-1076,2025-08-06 21:52:19,8.01,Shell Gas,Seattle,Transportation,Mobile App,18,Teacher,0
TXN-009180,ACCT-1085,2025-10-02 12:53:04,389.6,Apple Store,Dallas,Transportation,In-Store,38,Student,0
TXN-009181,ACCT-1066,2025-12-06 07:28:38,134.63,Shell Gas,Detroit,Personal Care,Online,38,Teacher,0
TXN-009182,ACCT-1185,2025-07-05 18:05:44,289.2,Whole Foods,New York,Personal Care,Online,58,Lawyer,0
TXN-009183,ACCT-1117,2025-03-22 18:15:36,176.58,Best Buy,Houston,Utilities,Mobile App,56,Teacher,0
TXN-009184,ACCT-1199,2025-05-13 10:38:00,167.06,Spotify,Houston,Groceries,Mobile App,33,Chef,0
TXN-009185,ACCT-1004,2025-04-10 10:04:32,192.5,DoorDash,Denver,Gas,In-Store,28,Designer,0
TXN-009186,ACCT-1099,2025-04-08 09:03:27,125.32,Nike,Detroit,Subscriptions,ATM,32,Sales Rep,0
TXN-009187,ACCT-1070,2025-06-23 12:47:32,365.95,Walmart,Portland,Personal Care,Online,56,Student,0
TXN-009188,ACCT-1023,2025-05-23 17:03:19,126.28,Marriott,Dallas,Groceries,Online,39,Retired,0
TXN-009189,ACCT-1049,2025-03-07 18:47:37,103.42,Apple Store,Chicago,Travel,Online,48,Accountant,0
TXN-009190,ACCT-1111,2025-07-08 17:59:20,29.03,Spotify,Houston,Travel,Online,22,Analyst,0
TXN-009191,ACCT-1082,2025-04-20 15:14:57,67.14,Shell Gas,Philadelphia,Personal Care,Mobile App,26,Driver,0
TXN-009192,ACCT-1003,2025-05-21 15:44:24,102.05,Hilton,San Antonio,Dining,Online,73,Engineer,0
TXN-009193,ACCT-1132,2025-11-15 08:53:01,296.37,Grubhub,Miami,Dining,ATM,54,Manager,0
TXN-009194,ACCT-1161,2025-04-30 12:36:10,82.46,CVS Pharmacy,Detroit,Entertainment,In-Store,75,Engineer,0
TXN-009195,ACCT-1066,2025-05-09 21:51:51,310.04,Delta Airlines,Houston,Groceries,Phone,38,Teacher,0
TXN-009196,ACCT-1188,2025-02-26 16:04:24,41.84,Apple Store,New York,Gas,In-Store,23,Sales Rep,0
TXN-009197,ACCT-1176,2025-03-19 12:14:34,161.91,Hilton,Boston,Utilities,Online,62,Designer,0
TXN-009198,ACCT-1117,2025-12-24 13:40:13,220.23,Best Buy,Houston,Entertainment,Online,56,Teacher,0
TXN-009199,ACCT-1127,2025-10-13 12:16:02,83.76,Uber,Denver,Travel,Online,32,Nurse,0
TXN-009200,ACCT-1105,2025-04-30 08:56:38,477.39,Nike,New York,Dining,In-Store,51,Teacher,0
TXN-009201,ACCT-1059,2025-11-20 11:43:20,898.36,Uber,Los Angeles,Shopping,In-Store,48,Doctor,0
TXN-009202,ACCT-1010,2025-07-24 11:52:56,9.37,Airbnb,Philadelphia,Healthcare,Online,19,Sales Rep,0
TXN-009203,ACCT-1159,2025-01-17 11:51:49,125.59,Marriott,San Diego,Utilities,Online,39,Student,0
TXN-009204,ACCT-1192,2025-02-27 18:07:45,306.61,Trader Joes,Dallas,Utilities,Online,56,Designer,0
TXN-009205,ACCT-1064,2025-05-20 01:32:11,34.84,Starbucks,Austin,Personal Care,Mobile App,19,Driver,0
TXN-009206,ACCT-1066,2025-01-12 14:19:16,94.09,Hilton,Detroit,Gas,Online,38,Teacher,0
TXN-009207,ACCT-1112,2025-03-10 13:23:48,38.16,Kroger,San Antonio,Utilities,Mobile App,23,Sales Rep,0
TXN-009208,ACCT-1021,2025-04-09 19:18:38,67.42,Trader Joes,Phoenix,Gas,Online,28,Teacher,0
TXN-009209,ACCT-1021,2025-09-24 07:53:10,223.17,Delta Airlines,San Diego,Education,In-Store,28,Teacher,0
TXN-009210,ACCT-1095,2025-11-12 10:31:16,53.36,Safeway,Seattle,Subscriptions,ATM,81,Doctor,0
TXN-009211,ACCT-1117,2025-11-18 01:43:00,419.74,OffshorePay Inc,Houston,Shopping,ATM,56,Teacher,1
TXN-009212,ACCT-1193,2025-02-19 12:32:09,29.5,Spotify,San Diego,Education,Mobile App,42,Sales Rep,0
TXN-009213,ACCT-1068,2025-12-01 23:32:00,10.15,Hilton,Atlanta,Gas,Online,22,Accountant,0
TXN-009214,ACCT-1011,2025-12-11 15:15:45,318.14,Marriott,Atlanta,Gas,Mobile App,47,Doctor,0
TXN-009215,ACCT-1149,2025-08-20 17:42:00,2354.05,Apple Store,Los Angeles,Entertainment,Online,41,Sales Rep,1
TXN-009216,ACCT-1121,2025-11-20 18:21:10,83.43,Home Depot,Houston,Gas,Online,35,Accountant,0
TXN-009217,ACCT-1170,2025-02-22 14:57:00,2484.25,Amazon,San Francisco,Travel,In-Store,60,Lawyer,1
TXN-009218,ACCT-1021,2025-12-22 14:12:17,91.81,Walmart,Phoenix,Gas,Online,28,Teacher,0
TXN-009219,ACCT-1071,2025-11-27 16:19:00,98.0,Home Depot,Nashville,Shopping,Online,42,Analyst,0
TXN-009220,ACCT-1031,2025-03-17 14:42:43,73.24,Costco,San Antonio,Groceries,In-Store,71,Doctor,0
TXN-009221,ACCT-1198,2025-03-17 12:49:57,444.9,Delta Airlines,Houston,Gas,In-Store,53,Engineer,0
TXN-009222,ACCT-1011,2025-07-28 08:07:32,962.8,Netflix,Atlanta,Healthcare,Mobile App,47,Doctor,0
TXN-009223,ACCT-1018,2025-11-07 12:03:18,86.01,Kroger,Seattle,Utilities,In-Store,28,Retired,0
TXN-009224,ACCT-1124,2025-04-16 10:16:39,76.96,Costco,Portland,Healthcare,In-Store,33,Analyst,0
TXN-009225,ACCT-1135,2025-02-26 09:13:10,192.43,Chevron,Dallas,Gas,Online,37,Driver,0
TXN-009226,ACCT-1107,2025-06-18 16:25:20,360.2,Starbucks,Austin,Healthcare,Online,63,Student,0
TXN-009227,ACCT-1191,2025-12-11 20:25:40,102.88,Grubhub,San Francisco,Transportation,In-Store,61,Designer,0
TXN-009228,ACCT-1019,2025-12-12 12:36:19,75.07,Uber,New York,Entertainment,In-Store,41,Lawyer,0
TXN-009229,ACCT-1100,2025-09-06 08:20:45,50.94,Walgreens,Austin,Education,Phone,80,Manager,0
TXN-009230,ACCT-1100,2025-12-23 18:30:10,89.26,Walmart,Phoenix,Shopping,ATM,80,Manager,0
TXN-009231,ACCT-1039,2025-06-17 06:18:50,132.02,McDonalds,Houston,Groceries,In-Store,82,Accountant,0
TXN-009232,ACCT-1177,2025-02-12 18:19:10,32.29,Whole Foods,Portland,Personal Care,In-Store,24,Teacher,0
TXN-009233,ACCT-1043,2025-11-24 15:36:18,113.81,McDonalds,Atlanta,Healthcare,In-Store,34,Manager,0
TXN-009234,ACCT-1175,2025-05-08 21:23:21,238.04,DoorDash,Los Angeles,Subscriptions,Online,59,Student,0
TXN-009235,ACCT-1010,2025-06-17 12:45:20,7.49,Shell Gas,Philadelphia,Dining,ATM,19,Sales Rep,0
TXN-009236,ACCT-1149,2025-12-25 11:59:31,133.78,Apple Store,Los Angeles,Healthcare,ATM,41,Sales Rep,0
TXN-009237,ACCT-1008,2025-12-24 08:57:45,184.45,Chevron,Nashville,Dining,Phone,28,Retired,0
TXN-009238,ACCT-1101,2025-12-15 11:45:23,33.75,Airbnb,Minneapolis,Subscriptions,Online,24,Doctor,0
TXN-009239,ACCT-1123,2025-10-11 22:41:27,24.31,Grubhub,San Diego,Entertainment,Online,37,Lawyer,0
TXN-009240,ACCT-1000,2025-01-21 11:51:17,290.38,Amazon,Portland,Personal Care,Online,59,Freelancer,0
TXN-009241,ACCT-1138,2025-06-28 14:29:29,99.76,Starbucks,Miami,Gas,In-Store,29,Accountant,0
TXN-009242,ACCT-1123,2025-10-10 10:12:55,17.74,DoorDash,San Diego,Travel,Online,37,Lawyer,0
TXN-009243,ACCT-1083,2025-06-20 15:16:04,292.43,Starbucks,Detroit,Subscriptions,Online,52,Freelancer,0
TXN-009244,ACCT-1158,2025-05-30 18:58:16,29.13,Shell Gas,Nashville,Dining,Online,23,Doctor,0
TXN-009245,ACCT-1150,2025-04-11 21:17:26,52.94,Delta Airlines,Atlanta,Groceries,ATM,24,Manager,0
TXN-009246,ACCT-1168,2025-05-19 08:32:32,28.91,Starbucks,Boston,Shopping,Online,82,Teacher,0
TXN-009247,ACCT-1159,2025-12-18 13:12:38,301.82,Hilton,San Diego,Subscriptions,Mobile App,39,Student,0
TXN-009248,ACCT-1066,2025-08-21 18:38:41,41.34,Hilton,Boston,Groceries,Online,38,Teacher,0
TXN-009249,ACCT-1139,2025-01-13 09:35:52,79.85,Target,Los Angeles,Shopping,Online,40,Driver,0
TXN-009250,ACCT-1099,2025-10-06 06:38:57,40.65,Costco,Detroit,Gas,In-Store,32,Sales Rep,0
TXN-009251,ACCT-1046,2025-03-25 08:33:12,166.84,Target,Atlanta,Utilities,In-Store,27,Driver,0
TXN-009252,ACCT-1068,2025-02-06 17:11:57,19.17,Chevron,Atlanta,Dining,Mobile App,22,Accountant,0
TXN-009253,ACCT-1021,2025-09-27 19:51:42,116.9,Grubhub,Phoenix,Education,Online,28,Teacher,0
TXN-009254,ACCT-1053,2025-05-19 20:11:45,67.43,Delta Airlines,Seattle,Subscriptions,In-Store,20,Student,0
TXN-009255,ACCT-1193,2025-07-19 12:51:07,66.64,United Airlines,San Diego,Subscriptions,Online,42,Sales Rep,0
TXN-009256,ACCT-1117,2025-02-28 15:57:23,1085.5,Zara,Houston,Entertainment,In-Store,56,Teacher,0
TXN-009257,ACCT-1103,2025-06-24 12:17:37,84.85,Best Buy,Houston,Transportation,Online,23,Sales Rep,0
TXN-009258,ACCT-1069,2025-04-28 12:21:55,63.97,Starbucks,Minneapolis,Dining,In-Store,32,Manager,0
TXN-009259,ACCT-1052,2025-07-31 12:51:28,73.61,Target,Philadelphia,Dining,Online,68,Accountant,0
TXN-009260,ACCT-1136,2025-05-21 20:34:54,182.46,Starbucks,Boston,Subscriptions,ATM,60,Sales Rep,0
TXN-009261,ACCT-1132,2025-02-26 09:31:00,536.08,Grubhub,Portland,Travel,Online,54,Manager,0
TXN-009262,ACCT-1091,2025-03-01 18:16:38,37.16,Whole Foods,Miami,Dining,Phone,36,Manager,0
TXN-009263,ACCT-1198,2025-01-16 20:10:18,430.32,Delta Airlines,Houston,Education,Mobile App,53,Engineer,0
TXN-009264,ACCT-1108,2025-01-11 11:39:54,120.05,CVS Pharmacy,Los Angeles,Dining,Mobile App,34,Retired,0
TXN-009265,ACCT-1016,2025-02-13 11:38:58,232.88,Uber,Miami,Healthcare,Phone,26,Driver,0
TXN-009266,ACCT-1125,2025-04-07 20:27:02,212.56,Grubhub,Atlanta,Entertainment,Online,61,Teacher,0
TXN-009267,ACCT-1019,2025-05-27 23:57:53,173.27,Uber,San Antonio,Entertainment,In-Store,41,Lawyer,0
TXN-009268,ACCT-1138,2025-02-26 13:47:21,174.71,Shell Gas,Miami,Utilities,In-Store,29,Accountant,0
TXN-009269,ACCT-1083,2025-05-31 15:55:30,247.92,Starbucks,Detroit,Personal Care,Online,52,Freelancer,0
TXN-009270,ACCT-1020,2025-09-23 07:30:44,104.03,Delta Airlines,Detroit,Healthcare,Mobile App,36,Engineer,0
TXN-009271,ACCT-1179,2025-04-26 17:26:37,42.72,Hilton,Nashville,Dining,Mobile App,41,Engineer,0
TXN-009272,ACCT-1187,2025-09-11 14:13:24,182.72,Delta Airlines,San Antonio,Entertainment,Online,28,Freelancer,0
TXN-009273,ACCT-1088,2025-01-13 11:01:15,66.34,Zara,Phoenix,Shopping,Online,33,Designer,0
TXN-009274,ACCT-1012,2025-02-17 12:27:54,76.73,Nike,Denver,Transportation,Mobile App,22,Teacher,0
TXN-009275,ACCT-1103,2025-04-15 16:18:35,48.34,Marriott,Houston,Dining,Online,23,Sales Rep,0
TXN-009276,ACCT-1177,2025-05-27 10:01:40,17.99,Whole Foods,Austin,Shopping,Online,24,Teacher,0
TXN-009277,ACCT-1002,2025-05-11 18:53:00,372.37,McDonalds,New York,Transportation,Mobile App,26,Lawyer,0
TXN-009278,ACCT-1150,2025-03-18 06:49:41,28.86,Delta Airlines,Atlanta,Groceries,Online,24,Manager,0
TXN-009279,ACCT-1135,2025-03-14 20:07:00,2000.0,Zara,Minneapolis,Utilities,Online,37,Driver,1
TXN-009280,ACCT-1135,2025-12-06 12:48:08,278.44,DoorDash,Los Angeles,Healthcare,Mobile App,37,Driver,0
TXN-009281,ACCT-1008,2025-07-17 12:43:41,181.67,Walgreens,Miami,Entertainment,In-Store,28,Retired,0
TXN-009282,ACCT-1169,2025-05-25 11:03:47,60.73,Kroger,Chicago,Travel,In-Store,36,Designer,0
TXN-009283,ACCT-1072,2025-07-09 16:38:37,460.32,Whole Foods,San Diego,Groceries,In-Store,53,Analyst,0
TXN-009284,ACCT-1108,2025-09-03 07:20:38,155.36,Home Depot,San Francisco,Shopping,In-Store,34,Retired,0
TXN-009285,ACCT-1030,2025-12-23 10:10:55,577.89,Whole Foods,Seattle,Groceries,Online,48,Manager,0
TXN-009286,ACCT-1124,2025-09-08 08:38:50,247.77,Costco,San Diego,Transportation,Online,33,Analyst,0
TXN-009287,ACCT-1146,2025-08-07 16:48:25,278.33,Chevron,San Antonio,Gas,Mobile App,39,Accountant,0
TXN-009288,ACCT-1196,2025-11-13 12:06:37,656.05,Uber,Los Angeles,Groceries,Mobile App,48,Freelancer,0
TXN-009289,ACCT-1044,2025-11-14 04:12:00,256.3,Lyft,Portland,Transportation,Online,73,Doctor,1
TXN-009290,ACCT-1101,2025-11-11 15:23:30,39.92,Airbnb,Minneapolis,Gas,In-Store,24,Doctor,0
TXN-009291,ACCT-1047,2025-04-13 16:49:42,20.88,Nike,Dallas,Education,In-Store,75,Sales Rep,0
TXN-009292,ACCT-1032,2025-05-20 12:22:06,257.62,Best Buy,New York,Healthcare,In-Store,34,Analyst,0
TXN-009293,ACCT-1107,2025-06-20 18:00:23,227.61,CVS Pharmacy,Austin,Dining,Online,63,Student,0
TXN-009294,ACCT-1056,2025-09-11 05:49:14,59.28,Shell Gas,Philadelphia,Groceries,Mobile App,39,Freelancer,0
TXN-009295,ACCT-1116,2025-08-22 12:42:03,40.24,Walgreens,San Francisco,Utilities,Online,19,Lawyer,0
TXN-009296,ACCT-1107,2025-05-28 10:30:01,205.2,Lyft,Austin,Subscriptions,Mobile App,63,Student,0
TXN-009297,ACCT-1148,2025-08-28 10:44:10,25.49,Best Buy,Houston,Gas,ATM,23,Chef,0
TXN-009298,ACCT-1127,2025-02-26 12:24:46,55.9,Chevron,Denver,Education,Online,32,Nurse,0
TXN-009299,ACCT-1106,2025-06-29 09:39:19,43.35,Best Buy,Seattle,Subscriptions,Online,23,Retired,0
TXN-009300,ACCT-1142,2025-01-07 07:01:49,76.15,Chevron,Los Angeles,Personal Care,ATM,36,Analyst,0
TXN-009301,ACCT-1080,2025-05-30 13:27:54,55.73,Delta Airlines,Seattle,Subscriptions,Online,79,Freelancer,0
TXN-009302,ACCT-1076,2025-03-16 11:10:01,10.05,Lyft,Portland,Subscriptions,Online,18,Teacher,0
TXN-009303,ACCT-1144,2025-08-28 13:25:09,157.72,Walgreens,San Antonio,Education,ATM,27,Chef,0
TXN-009304,ACCT-1020,2025-07-15 17:28:40,67.23,DoorDash,San Francisco,Education,Online,36,Engineer,0
TXN-009305,ACCT-1046,2025-03-08 11:57:16,60.02,Target,Atlanta,Transportation,Mobile App,27,Driver,0
TXN-009306,ACCT-1054,2025-08-18 13:58:49,506.39,Kroger,Portland,Entertainment,Online,80,Retired,0
TXN-009307,ACCT-1188,2025-04-27 18:49:16,37.97,Lyft,New York,Travel,Online,23,Sales Rep,0
TXN-009308,ACCT-1151,2025-06-14 09:47:42,84.23,Apple Store,Chicago,Personal Care,Online,36,Retired,0
TXN-009309,ACCT-1139,2025-03-08 17:14:54,88.58,Delta Airlines,Los Angeles,Gas,Online,40,Driver,0
TXN-009310,ACCT-1163,2025-03-16 11:29:08,274.83,Whole Foods,Seattle,Groceries,In-Store,48,Teacher,0
TXN-009311,ACCT-1046,2025-03-21 15:57:19,188.76,Target,Atlanta,Education,In-Store,27,Driver,0
TXN-009312,ACCT-1059,2025-12-01 16:15:24,646.62,CVS Pharmacy,San Francisco,Subscriptions,In-Store,48,Doctor,0
TXN-009313,ACCT-1050,2025-12-24 15:56:09,100.18,Walgreens,Minneapolis,Transportation,In-Store,43,Designer,0
TXN-009314,ACCT-1173,2025-02-01 12:23:23,185.82,Best Buy,Chicago,Personal Care,Online,44,Retired,0
TXN-009315,ACCT-1169,2025-06-24 19:47:31,171.41,Nike,Chicago,Transportation,Online,36,Designer,0
TXN-009316,ACCT-1019,2025-05-16 10:55:44,217.84,CVS Pharmacy,Chicago,Shopping,In-Store,41,Lawyer,0
TXN-009317,ACCT-1030,2025-10-02 14:13:38,91.82,Whole Foods,Seattle,Groceries,Mobile App,48,Manager,0
TXN-009318,ACCT-1121,2025-06-03 19:32:32,311.27,Home Depot,Houston,Utilities,Mobile App,35,Accountant,0
TXN-009319,ACCT-1170,2025-07-27 08:59:05,271.96,Spotify,San Francisco,Shopping,Online,60,Lawyer,0
TXN-009320,ACCT-1004,2025-08-28 15:41:59,100.71,DoorDash,Denver,Transportation,Mobile App,28,Designer,0
TXN-009321,ACCT-1132,2025-05-05 11:21:27,309.61,Whole Foods,Miami,Education,Online,54,Manager,0
TXN-009322,ACCT-1001,2025-06-10 16:07:00,1872.12,FastCash ATM Services,Tirana,Shopping,Online,64,Nurse,1
TXN-009323,ACCT-1076,2025-07-23 11:13:29,5.76,Shell Gas,Portland,Education,ATM,18,Teacher,0
TXN-009324,ACCT-1154,2025-11-11 10:05:50,57.56,Whole Foods,San Diego,Gas,In-Store,34,Teacher,0
TXN-009325,ACCT-1145,2025-06-08 01:38:29,21.59,Shell Gas,Nashville,Personal Care,Online,19,Chef,0
TXN-009326,ACCT-1076,2025-08-19 18:42:47,10.13,Spotify,Portland,Entertainment,Online,18,Teacher,0
TXN-009327,ACCT-1128,2025-04-24 18:00:09,70.57,Lyft,Dallas,Shopping,Phone,21,Engineer,0
TXN-009328,ACCT-1026,2025-05-18 14:19:18,63.75,Netflix,Denver,Groceries,In-Store,33,Lawyer,0
TXN-009329,ACCT-1060,2025-04-19 17:01:23,84.51,Walgreens,Dallas,Education,Online,42,Accountant,0
TXN-009330,ACCT-1107,2025-11-10 07:36:26,254.54,Amazon,Austin,Subscriptions,Mobile App,63,Student,0
TXN-009331,ACCT-1113,2025-08-10 21:11:49,104.08,Netflix,Dallas,Travel,Online,41,Designer,0
TXN-009332,ACCT-1014,2025-06-29 15:30:25,193.66,Target,Nashville,Shopping,Mobile App,54,Chef,0
TXN-009333,ACCT-1043,2025-05-20 09:37:30,116.41,Amazon,Atlanta,Education,Mobile App,34,Manager,0
TXN-009334,ACCT-1059,2025-08-17 14:59:32,469.39,United Airlines,Los Angeles,Education,Mobile App,48,Doctor,0
TXN-009335,ACCT-1040,2025-10-08 18:55:19,244.28,Safeway,Miami,Healthcare,Online,29,Driver,0
TXN-009336,ACCT-1109,2025-11-07 21:27:37,158.95,Grubhub,Nashville,Education,Online,42,Student,0
TXN-009337,ACCT-1050,2025-07-22 20:12:00,502.35,Walmart,Minneapolis,Shopping,Mobile App,43,Designer,0
TXN-009338,ACCT-1161,2025-06-10 09:01:14,118.87,Kroger,Detroit,Utilities,ATM,75,Engineer,0
TXN-009339,ACCT-1164,2025-01-14 18:00:42,59.31,Target,Seattle,Travel,In-Store,36,Freelancer,0
TXN-009340,ACCT-1100,2025-10-16 21:51:27,165.2,McDonalds,Atlanta,Education,Online,80,Manager,0
TXN-009341,ACCT-1027,2025-08-06 11:04:47,215.25,Shell Gas,Houston,Gas,Online,28,Sales Rep,0
TXN-009342,ACCT-1037,2025-12-06 14:29:00,1042.93,OffshorePay Inc,Minsk,Travel,Online,18,Designer,1
TXN-009343,ACCT-1080,2025-08-15 08:51:17,69.35,Best Buy,Dallas,Utilities,ATM,79,Freelancer,0
TXN-009344,ACCT-1106,2025-11-25 14:58:33,66.58,Delta Airlines,Phoenix,Subscriptions,Online,23,Retired,0
TXN-009345,ACCT-1044,2025-07-01 15:50:50,113.93,Target,Portland,Healthcare,In-Store,73,Doctor,0
TXN-009346,ACCT-1127,2025-01-22 11:58:25,109.95,Walgreens,Denver,Gas,Mobile App,32,Nurse,0
TXN-009347,ACCT-1058,2025-04-06 17:10:16,229.52,Amazon,San Diego,Groceries,Online,36,Designer,0
TXN-009348,ACCT-1016,2025-07-18 18:25:52,153.37,Uber,Miami,Groceries,In-Store,26,Driver,0
TXN-009349,ACCT-1037,2025-07-26 11:53:58,60.7,Amazon,Atlanta,Utilities,In-Store,18,Designer,0
TXN-009350,ACCT-1099,2025-12-02 13:59:36,69.79,Airbnb,Detroit,Healthcare,Mobile App,32,Sales Rep,0
TXN-009351,ACCT-1119,2025-05-31 20:20:44,125.58,Home Depot,Boston,Dining,Online,41,Designer,0
TXN-009352,ACCT-1138,2025-01-26 10:04:31,56.65,Starbucks,San Francisco,Healthcare,ATM,29,Accountant,0
TXN-009353,ACCT-1024,2025-04-06 14:56:45,94.63,Netflix,Portland,Transportation,Online,44,Lawyer,0
TXN-009354,ACCT-1005,2025-06-07 21:10:26,5.61,CVS Pharmacy,Phoenix,Transportation,Mobile App,24,Student,0
TXN-009355,ACCT-1082,2025-10-15 15:18:10,101.29,Costco,Philadelphia,Groceries,Online,26,Driver,0
TXN-009356,ACCT-1067,2025-05-05 20:04:17,337.35,Marriott,Boston,Utilities,ATM,62,Doctor,0
TXN-009357,ACCT-1140,2025-08-26 11:19:51,51.97,Nike,Detroit,Dining,Online,24,Teacher,0
TXN-009358,ACCT-1135,2025-10-04 15:35:58,202.45,Airbnb,Los Angeles,Groceries,In-Store,37,Driver,0
TXN-009359,ACCT-1177,2025-04-09 07:02:24,31.24,Marriott,Portland,Gas,In-Store,24,Teacher,0
TXN-009360,ACCT-1151,2025-06-04 21:43:28,290.61,Amazon,Denver,Personal Care,ATM,36,Retired,0
TXN-009361,ACCT-1152,2025-12-26 08:51:36,972.83,Lyft,San Francisco,Personal Care,Online,58,Chef,0
TXN-009362,ACCT-1194,2025-06-15 17:29:56,185.03,Walgreens,San Diego,Groceries,In-Store,84,Lawyer,0
TXN-009363,ACCT-1088,2025-09-19 19:33:23,113.82,Kroger,Phoenix,Travel,ATM,33,Designer,0
TXN-009364,ACCT-1140,2025-04-11 08:34:22,36.46,Apple Store,Detroit,Dining,In-Store,24,Teacher,0
TXN-009365,ACCT-1155,2025-01-03 17:12:26,133.03,Shell Gas,Los Angeles,Travel,In-Store,35,Accountant,0
TXN-009366,ACCT-1097,2025-07-31 11:38:41,221.82,McDonalds,Los Angeles,Healthcare,Mobile App,52,Teacher,0
TXN-009367,ACCT-1182,2025-02-14 13:38:36,602.45,United Airlines,Denver,Groceries,Online,55,Lawyer,0
TXN-009368,ACCT-1004,2025-02-01 12:40:47,277.28,Delta Airlines,Denver,Dining,ATM,28,Designer,0
TXN-009369,ACCT-1142,2025-02-24 08:42:36,96.09,Safeway,Los Angeles,Healthcare,Online,36,Analyst,0
TXN-009370,ACCT-1020,2025-11-20 11:23:51,200.53,DoorDash,Detroit,Gas,Mobile App,36,Engineer,0
TXN-009371,ACCT-1000,2025-08-06 19:31:14,267.27,United Airlines,Portland,Entertainment,ATM,59,Freelancer,0
TXN-009372,ACCT-1063,2025-04-08 18:48:14,143.13,Nike,Austin,Transportation,In-Store,70,Driver,0
TXN-009373,ACCT-1165,2025-06-23 07:13:17,36.81,Chevron,Houston,Entertainment,In-Store,22,Accountant,0
TXN-009374,ACCT-1149,2025-09-26 17:51:23,264.2,Delta Airlines,Los Angeles,Groceries,ATM,41,Sales Rep,0
TXN-009375,ACCT-1153,2025-07-14 20:54:46,81.37,Starbucks,Los Angeles,Entertainment,ATM,33,Lawyer,0
TXN-009376,ACCT-1134,2025-04-28 09:41:58,279.22,Whole Foods,Miami,Dining,In-Store,56,Student,0
TXN-009377,ACCT-1015,2025-02-08 22:31:23,80.03,Airbnb,Minneapolis,Dining,Online,43,Lawyer,0
TXN-009378,ACCT-1017,2025-11-30 10:42:19,66.33,CVS Pharmacy,San Diego,Groceries,In-Store,76,Nurse,0
TXN-009379,ACCT-1155,2025-11-01 13:53:38,119.0,Lyft,Los Angeles,Personal Care,In-Store,35,Accountant,0
TXN-009380,ACCT-1159,2025-12-29 10:52:13,148.77,Costco,San Diego,Utilities,Online,39,Student,0
TXN-009381,ACCT-1079,2025-03-26 12:55:22,328.63,Kroger,San Diego,Entertainment,Mobile App,52,Retired,0
TXN-009382,ACCT-1199,2025-04-04 13:41:37,215.02,Starbucks,Houston,Entertainment,Mobile App,33,Chef,0
TXN-009383,ACCT-1021,2025-01-18 04:11:16,98.65,Walmart,Phoenix,Entertainment,Online,28,Teacher,0
TXN-009384,ACCT-1095,2025-07-11 12:33:03,108.08,Netflix,San Diego,Gas,In-Store,81,Doctor,0
TXN-009385,ACCT-1035,2025-05-23 11:41:29,455.53,Whole Foods,Houston,Entertainment,In-Store,36,Chef,0
TXN-009386,ACCT-1014,2025-05-16 14:45:51,524.46,Kroger,Nashville,Personal Care,Online,54,Chef,0
TXN-009387,ACCT-1121,2025-03-21 16:32:57,108.6,Home Depot,Houston,Groceries,ATM,35,Accountant,0
TXN-009388,ACCT-1010,2025-04-29 07:22:28,9.59,Airbnb,Philadelphia,Groceries,Online,19,Sales Rep,0
TXN-009389,ACCT-1110,2025-09-13 17:14:53,61.08,Home Depot,San Francisco,Groceries,In-Store,34,Analyst,0
TXN-009390,ACCT-1010,2025-01-08 17:19:37,20.04,Home Depot,Philadelphia,Gas,In-Store,19,Sales Rep,0
TXN-009391,ACCT-1193,2025-07-26 10:34:24,50.22,Spotify,Philadelphia,Dining,Mobile App,42,Sales Rep,0
TXN-009392,ACCT-1097,2025-12-14 19:36:43,322.63,Spotify,Los Angeles,Transportation,Mobile App,52,Teacher,0
TXN-009393,ACCT-1194,2025-03-22 07:39:57,407.45,Lyft,San Diego,Education,Online,84,Lawyer,0
TXN-009394,ACCT-1009,2025-04-18 13:22:29,85.37,Trader Joes,Austin,Entertainment,Phone,69,Analyst,0
TXN-009395,ACCT-1147,2025-08-27 19:29:50,86.9,Walmart,Atlanta,Personal Care,In-Store,75,Doctor,0
TXN-009396,ACCT-1063,2025-11-14 11:14:46,245.69,Walmart,Austin,Personal Care,Mobile App,70,Driver,0
TXN-009397,ACCT-1016,2025-03-12 14:46:03,94.99,Chevron,Miami,Personal Care,Online,26,Driver,0
TXN-009398,ACCT-1083,2025-11-05 13:05:06,250.4,Netflix,Detroit,Transportation,In-Store,52,Freelancer,0
TXN-009399,ACCT-1071,2025-11-03 16:14:57,57.39,Best Buy,Nashville,Utilities,Online,42,Analyst,0
TXN-009400,ACCT-1158,2025-08-09 09:16:58,21.78,Apple Store,Nashville,Gas,Mobile App,23,Doctor,0
TXN-009401,ACCT-1167,2025-01-25 08:37:53,400.97,Amazon,Seattle,Healthcare,Mobile App,57,Manager,0
TXN-009402,ACCT-1067,2025-02-28 11:47:15,369.91,Costco,Boston,Dining,In-Store,62,Doctor,0
TXN-009403,ACCT-1026,2025-08-21 13:29:55,84.72,Walgreens,Detroit,Gas,In-Store,33,Lawyer,0
TXN-009404,ACCT-1018,2025-08-31 15:05:08,106.18,Kroger,Seattle,Groceries,ATM,28,Retired,0
TXN-009405,ACCT-1156,2025-03-21 11:01:01,20.99,Starbucks,Philadelphia,Personal Care,Mobile App,18,Sales Rep,0
TXN-009406,ACCT-1088,2025-05-24 16:20:25,270.91,Netflix,Los Angeles,Transportation,Mobile App,33,Designer,1
TXN-009407,ACCT-1073,2025-09-23 10:16:53,127.96,Uber,Miami,Healthcare,Online,34,Analyst,0
TXN-009408,ACCT-1000,2025-06-18 11:07:15,166.02,CVS Pharmacy,Portland,Healthcare,In-Store,59,Freelancer,0
TXN-009409,ACCT-1191,2025-10-03 22:59:07,399.87,Target,San Francisco,Healthcare,ATM,61,Designer,0
TXN-009410,ACCT-1136,2025-05-08 12:09:19,180.51,Hilton,Boston,Education,Online,60,Sales Rep,0
TXN-009411,ACCT-1023,2025-11-12 20:29:14,58.09,Marriott,Dallas,Healthcare,In-Store,39,Retired,0
TXN-009412,ACCT-1129,2025-12-02 08:56:27,68.02,Hilton,Chicago,Education,Online,32,Sales Rep,0
TXN-009413,ACCT-1004,2025-05-27 10:41:24,123.38,Delta Airlines,Denver,Dining,Online,28,Designer,0
TXN-009414,ACCT-1141,2025-05-31 18:19:04,52.16,Airbnb,San Diego,Entertainment,ATM,32,Engineer,0
TXN-009415,ACCT-1031,2025-12-09 08:35:04,35.59,Costco,San Antonio,Gas,In-Store,71,Doctor,0
TXN-009416,ACCT-1111,2025-11-22 19:44:43,45.55,United Airlines,Houston,Travel,Mobile App,22,Analyst,0
TXN-009417,ACCT-1022,2025-03-20 10:34:39,164.05,Marriott,Detroit,Utilities,Online,34,Analyst,0
TXN-009418,ACCT-1170,2025-10-17 17:22:14,126.44,Kroger,San Francisco,Utilities,In-Store,60,Lawyer,0
TXN-009419,ACCT-1169,2025-06-23 16:01:00,1500.0,Apple Store,Chicago,Travel,Phone,36,Designer,1
TXN-009420,ACCT-1130,2025-01-24 06:04:22,46.25,Safeway,Detroit,Education,Online,27,Lawyer,0
TXN-009421,ACCT-1095,2025-07-14 14:58:05,61.92,Nike,San Diego,Subscriptions,In-Store,81,Doctor,0
TXN-009422,ACCT-1064,2025-08-24 22:09:29,122.18,Delta Airlines,Austin,Healthcare,ATM,19,Driver,0
TXN-009423,ACCT-1157,2025-01-11 17:49:24,338.4,Trader Joes,San Diego,Transportation,Online,57,Lawyer,0
TXN-009424,ACCT-1016,2025-05-04 09:52:41,346.21,Uber,Denver,Education,In-Store,26,Driver,0
TXN-009425,ACCT-1105,2025-09-17 19:22:31,680.45,DoorDash,Boston,Personal Care,Phone,51,Teacher,0
TXN-009426,ACCT-1031,2025-09-21 13:51:45,127.01,Nike,San Antonio,Shopping,Online,71,Doctor,0
TXN-009427,ACCT-1133,2025-12-03 20:53:06,58.55,Zara,Nashville,Personal Care,ATM,19,Student,0
TXN-009428,ACCT-1069,2025-09-04 13:20:54,124.12,Marriott,Minneapolis,Dining,In-Store,32,Manager,0
TXN-009429,ACCT-1139,2025-07-05 10:13:33,280.08,Target,Los Angeles,Entertainment,Online,40,Driver,0
TXN-009430,ACCT-1074,2025-11-26 12:54:58,152.19,Amazon,Miami,Transportation,In-Store,42,Freelancer,0
TXN-009431,ACCT-1077,2025-04-15 03:47:00,63.68,Uber,Seattle,Gas,Phone,80,Driver,0
TXN-009432,ACCT-1107,2025-01-14 19:13:11,330.03,Amazon,Austin,Travel,In-Store,63,Student,0
TXN-009433,ACCT-1051,2025-11-05 10:44:06,317.7,Nike,Miami,Subscriptions,Online,45,Chef,0
TXN-009434,ACCT-1125,2025-12-29 12:34:27,442.24,CVS Pharmacy,Atlanta,Travel,ATM,61,Teacher,0
TXN-009435,ACCT-1026,2025-07-25 13:30:41,117.43,Shell Gas,Seattle,Entertainment,In-Store,33,Lawyer,0
TXN-009436,ACCT-1044,2025-04-24 03:02:00,376.68,Grubhub,Portland,Transportation,ATM,73,Doctor,1
TXN-009437,ACCT-1087,2025-03-04 17:35:34,526.55,Home Depot,Seattle,Shopping,In-Store,61,Manager,0
TXN-009438,ACCT-1193,2025-08-03 12:59:31,43.17,Whole Foods,San Diego,Entertainment,In-Store,42,Sales Rep,0
TXN-009439,ACCT-1043,2025-12-26 13:42:53,126.07,Amazon,Atlanta,Utilities,Mobile App,34,Manager,0
TXN-009440,ACCT-1040,2025-05-07 15:34:26,312.32,Zara,Miami,Gas,Online,29,Driver,0
TXN-009441,ACCT-1074,2025-10-12 20:34:48,301.18,CVS Pharmacy,Miami,Transportation,In-Store,42,Freelancer,0
TXN-009442,ACCT-1117,2025-09-22 12:35:02,234.25,Best Buy,Houston,Gas,Online,56,Teacher,0
TXN-009443,ACCT-1186,2025-02-09 07:39:20,6.22,McDonalds,Dallas,Transportation,Online,19,Freelancer,0
TXN-009444,ACCT-1158,2025-12-06 07:41:16,7.16,Apple Store,Nashville,Groceries,In-Store,23,Doctor,0
TXN-009445,ACCT-1148,2025-10-31 17:22:33,40.07,Walgreens,Houston,Groceries,In-Store,23,Chef,0
TXN-009446,ACCT-1118,2025-04-25 08:19:06,191.19,Trader Joes,Detroit,Utilities,Mobile App,37,Designer,0
TXN-009447,ACCT-1145,2025-10-29 12:06:41,57.7,CVS Pharmacy,Nashville,Groceries,Phone,19,Chef,0
TXN-009448,ACCT-1154,2025-04-24 16:29:32,65.47,Walmart,San Diego,Groceries,In-Store,34,Teacher,0
TXN-009449,ACCT-1117,2025-10-06 10:16:34,171.72,Best Buy,Houston,Groceries,In-Store,56,Teacher,0
TXN-009450,ACCT-1168,2025-01-17 15:09:58,30.82,Lyft,Boston,Education,Mobile App,82,Teacher,0
TXN-009451,ACCT-1166,2025-03-02 10:55:17,38.84,Spotify,Boston,Gas,In-Store,21,Designer,0
TXN-009452,ACCT-1109,2025-10-29 16:36:25,30.41,McDonalds,Nashville,Dining,Online,42,Student,0
TXN-009453,ACCT-1101,2025-04-27 11:49:22,42.09,Zara,Minneapolis,Transportation,Online,24,Doctor,0
TXN-009454,ACCT-1177,2025-09-22 08:25:41,39.0,Shell Gas,Portland,Gas,Mobile App,24,Teacher,0
TXN-009455,ACCT-1182,2025-11-12 19:02:38,232.03,DoorDash,Denver,Gas,In-Store,55,Lawyer,0
TXN-009456,ACCT-1151,2025-02-24 18:37:18,110.36,Home Depot,Denver,Healthcare,ATM,36,Retired,0
TXN-009457,ACCT-1024,2025-11-20 13:15:46,230.1,Chevron,Portland,Education,Online,44,Lawyer,0
TXN-009458,ACCT-1143,2025-07-27 18:45:07,43.94,Uber,Minneapolis,Personal Care,In-Store,76,Retired,0
TXN-009459,ACCT-1111,2025-06-23 08:44:06,31.77,Uber,Los Angeles,Subscriptions,In-Store,22,Analyst,0
TXN-009460,ACCT-1035,2025-08-08 13:43:35,153.78,Whole Foods,Houston,Entertainment,In-Store,36,Chef,0
TXN-009461,ACCT-1127,2025-01-22 11:55:39,118.48,Uber,Denver,Dining,Mobile App,32,Nurse,0
TXN-009462,ACCT-1156,2025-05-20 02:19:36,39.86,Zara,Atlanta,Dining,Mobile App,18,Sales Rep,0
TXN-009463,ACCT-1020,2025-01-13 07:59:19,838.8,Kroger,Detroit,Utilities,In-Store,36,Engineer,0
TXN-009464,ACCT-1044,2025-04-14 16:28:45,62.2,Shell Gas,Portland,Entertainment,Online,73,Doctor,0
TXN-009465,ACCT-1025,2025-06-16 21:22:13,139.74,Walgreens,Los Angeles,Healthcare,In-Store,43,Chef,0
TXN-009466,ACCT-1104,2025-03-26 17:59:14,76.4,DoorDash,Dallas,Shopping,Mobile App,24,Engineer,0
TXN-009467,ACCT-1139,2025-06-26 10:27:21,132.74,Whole Foods,Los Angeles,Transportation,Phone,40,Driver,0
TXN-009468,ACCT-1047,2025-05-20 11:05:05,50.01,Nike,Dallas,Education,In-Store,75,Sales Rep,0
TXN-009469,ACCT-1116,2025-01-07 22:23:07,43.09,Costco,San Francisco,Shopping,In-Store,19,Lawyer,0
TXN-009470,ACCT-1114,2025-03-31 21:47:25,118.83,Walmart,Detroit,Travel,Phone,65,Teacher,0
TXN-009471,ACCT-1131,2025-04-06 17:41:48,95.91,Walmart,Dallas,Education,Mobile App,34,Lawyer,0
TXN-009472,ACCT-1009,2025-03-27 16:09:35,41.7,Costco,Austin,Transportation,In-Store,69,Analyst,0
TXN-009473,ACCT-1170,2025-10-13 08:05:53,762.1,Best Buy,San Francisco,Subscriptions,Mobile App,60,Lawyer,0
TXN-009474,ACCT-1081,2025-07-17 20:00:17,43.28,Spotify,Denver,Transportation,Mobile App,77,Accountant,0
TXN-009475,ACCT-1097,2025-10-08 10:12:46,426.51,DoorDash,Los Angeles,Shopping,Online,52,Teacher,0
TXN-009476,ACCT-1011,2025-01-08 11:46:35,255.11,Costco,Atlanta,Personal Care,ATM,47,Doctor,0
TXN-009477,ACCT-1083,2025-08-27 11:12:54,123.2,Grubhub,Detroit,Groceries,ATM,52,Freelancer,0
TXN-009478,ACCT-1000,2025-03-31 12:09:22,264.81,Walgreens,Nashville,Education,In-Store,59,Freelancer,0
TXN-009479,ACCT-1068,2025-07-11 19:15:10,10.95,Nike,Atlanta,Utilities,In-Store,22,Accountant,0
TXN-009480,ACCT-1059,2025-05-26 16:12:42,207.15,Hilton,Los Angeles,Dining,Mobile App,48,Doctor,0
TXN-009481,ACCT-1052,2025-04-22 07:55:20,38.13,Shell Gas,Philadelphia,Groceries,ATM,68,Accountant,0
TXN-009482,ACCT-1177,2025-11-24 19:21:24,17.04,Hilton,Phoenix,Utilities,Mobile App,24,Teacher,0
TXN-009483,ACCT-1178,2025-10-11 10:58:51,222.45,Grubhub,Nashville,Groceries,Mobile App,59,Retired,0
TXN-009484,ACCT-1174,2025-04-06 13:13:58,122.82,Lyft,San Francisco,Entertainment,Online,34,Retired,0
TXN-009485,ACCT-1142,2025-11-11 17:11:59,63.25,McDonalds,Los Angeles,Entertainment,Online,36,Analyst,0
TXN-009486,ACCT-1048,2025-10-22 21:41:44,54.31,Starbucks,San Antonio,Shopping,Phone,25,Lawyer,0
TXN-009487,ACCT-1182,2025-03-22 10:18:01,412.56,Safeway,Denver,Entertainment,In-Store,55,Lawyer,0
TXN-009488,ACCT-1138,2025-09-02 08:29:09,257.69,Best Buy,San Diego,Healthcare,ATM,29,Accountant,0
TXN-009489,ACCT-1169,2025-02-13 10:59:21,54.17,Grubhub,Chicago,Transportation,In-Store,36,Designer,0
TXN-009490,ACCT-1130,2025-03-30 14:13:30,91.59,Costco,Detroit,Education,ATM,27,Lawyer,0
TXN-009491,ACCT-1021,2025-11-17 10:41:28,171.13,Delta Airlines,Phoenix,Groceries,In-Store,28,Teacher,0
TXN-009492,ACCT-1157,2025-05-17 19:17:42,333.54,CVS Pharmacy,San Diego,Healthcare,ATM,57,Lawyer,0
TXN-009493,ACCT-1123,2025-01-21 14:21:40,33.17,Marriott,San Diego,Transportation,Online,37,Lawyer,0
TXN-009494,ACCT-1174,2025-10-28 08:17:55,301.09,United Airlines,San Francisco,Gas,Online,34,Retired,0
TXN-009495,ACCT-1162,2025-11-17 08:25:14,198.51,Marriott,Denver,Travel,Online,58,Retired,0
TXN-009496,ACCT-1143,2025-01-16 21:41:15,82.3,Uber,Minneapolis,Personal Care,ATM,76,Retired,0
TXN-009497,ACCT-1120,2025-06-27 14:16:31,238.36,Nike,Minneapolis,Personal Care,Online,54,Teacher,0
TXN-009498,ACCT-1180,2025-08-30 19:47:43,74.87,Zara,Detroit,Groceries,In-Store,45,Freelancer,0
TXN-009499,ACCT-1065,2025-09-09 16:52:54,85.37,Grubhub,Chicago,Subscriptions,Online,79,Analyst,0
TXN-009500,ACCT-1095,2025-09-07 11:13:03,89.29,Nike,San Diego,Groceries,Online,81,Doctor,0
TXN-009501,ACCT-1069,2025-07-22 22:28:57,117.14,Nike,Minneapolis,Education,Phone,32,Manager,0
TXN-009502,ACCT-1136,2025-03-02 21:20:35,105.14,Trader Joes,Nashville,Groceries,Online,60,Sales Rep,0
TXN-009503,ACCT-1084,2025-05-11 16:36:55,34.47,Hilton,Dallas,Shopping,In-Store,24,Engineer,0
TXN-009504,ACCT-1175,2025-07-22 09:44:25,390.9,Home Depot,Los Angeles,Dining,ATM,59,Student,0
TXN-009505,ACCT-1120,2025-05-23 15:34:37,272.23,Safeway,Minneapolis,Transportation,Online,54,Teacher,0
TXN-009506,ACCT-1072,2025-01-06 12:03:21,489.28,Shell Gas,San Diego,Education,Online,53,Analyst,0
TXN-009507,ACCT-1189,2025-09-11 19:18:05,28.93,Walmart,Detroit,Utilities,Online,23,Designer,0
TXN-009508,ACCT-1030,2025-01-17 10:57:34,484.04,Nike,Seattle,Personal Care,Online,48,Manager,0
TXN-009509,ACCT-1198,2025-05-12 14:52:35,128.97,Delta Airlines,Houston,Travel,Online,53,Engineer,0
TXN-009510,ACCT-1037,2025-12-04 17:28:50,89.26,Walgreens,Atlanta,Groceries,Online,18,Designer,0
TXN-009511,ACCT-1120,2025-11-25 13:26:03,471.91,United Airlines,Minneapolis,Healthcare,Online,54,Teacher,0
TXN-009512,ACCT-1119,2025-06-13 02:18:00,171.71,McDonalds,Boston,Transportation,Online,41,Designer,1
TXN-009513,ACCT-1182,2025-11-18 08:55:42,169.13,McDonalds,Denver,Subscriptions,ATM,55,Lawyer,0
TXN-009514,ACCT-1167,2025-09-04 17:50:13,325.61,Chevron,Seattle,Transportation,Online,57,Manager,0
TXN-009515,ACCT-1193,2025-08-06 14:26:40,100.48,Whole Foods,San Diego,Travel,Online,42,Sales Rep,0
TXN-009516,ACCT-1170,2025-11-18 15:37:02,577.13,Walgreens,San Francisco,Groceries,Phone,60,Lawyer,0
TXN-009517,ACCT-1023,2025-06-07 14:34:45,120.02,CVS Pharmacy,Dallas,Dining,Online,39,Retired,0
TXN-009518,ACCT-1168,2025-05-18 13:55:28,181.77,Zara,Boston,Entertainment,Online,82,Teacher,0
TXN-009519,ACCT-1119,2025-08-06 16:26:17,195.74,Costco,Boston,Travel,Online,41,Designer,0
TXN-009520,ACCT-1189,2025-06-11 10:13:10,7.41,Shell Gas,Detroit,Utilities,Online,23,Designer,0
TXN-009521,ACCT-1010,2025-08-14 15:34:35,21.55,Home Depot,Philadelphia,Personal Care,Online,19,Sales Rep,0
TXN-009522,ACCT-1137,2025-03-31 06:03:26,201.4,Costco,Miami,Shopping,Online,41,Lawyer,0
TXN-009523,ACCT-1192,2025-01-06 09:26:21,626.1,Apple Store,San Antonio,Dining,In-Store,56,Designer,0
TXN-009524,ACCT-1165,2025-03-17 15:41:10,26.49,Safeway,San Antonio,Healthcare,Online,22,Accountant,0
TXN-009525,ACCT-1055,2025-06-08 16:29:25,198.91,Lyft,Denver,Personal Care,In-Store,46,Nurse,0
TXN-009526,ACCT-1174,2025-05-26 10:18:05,135.95,Spotify,San Francisco,Subscriptions,Mobile App,34,Retired,0
TXN-009527,ACCT-1120,2025-09-15 16:34:56,519.91,Spotify,Minneapolis,Personal Care,Online,54,Teacher,0
TXN-009528,ACCT-1111,2025-03-09 18:15:11,76.04,Uber,Houston,Travel,In-Store,22,Analyst,0
TXN-009529,ACCT-1003,2025-06-25 19:23:44,185.12,Airbnb,San Antonio,Gas,Online,73,Engineer,0
TXN-009530,ACCT-1035,2025-02-25 16:19:54,103.42,Uber,Houston,Personal Care,In-Store,36,Chef,0
TXN-009531,ACCT-1028,2025-02-09 12:40:14,51.11,Kroger,Detroit,Dining,Mobile App,23,Freelancer,0
TXN-009532,ACCT-1148,2025-12-01 11:47:24,79.36,United Airlines,Houston,Utilities,Mobile App,23,Chef,0
TXN-009533,ACCT-1178,2025-09-12 11:12:27,130.49,Amazon,Chicago,Education,Online,59,Retired,0
TXN-009534,ACCT-1164,2025-11-20 18:57:01,75.76,Apple Store,Seattle,Personal Care,In-Store,36,Freelancer,0
TXN-009535,ACCT-1196,2025-07-25 12:26:51,536.07,Safeway,Los Angeles,Groceries,Online,48,Freelancer,0
TXN-009536,ACCT-1029,2025-06-06 09:11:06,199.73,McDonalds,New York,Utilities,Mobile App,32,Freelancer,1
TXN-009537,ACCT-1058,2025-10-14 12:01:46,134.89,Nike,San Diego,Entertainment,Mobile App,36,Designer,0
TXN-009538,ACCT-1012,2025-08-10 04:08:25,83.13,McDonalds,Denver,Subscriptions,Online,22,Teacher,0
TXN-009539,ACCT-1137,2025-10-28 08:57:26,176.86,Walgreens,Miami,Travel,ATM,41,Lawyer,0
TXN-009540,ACCT-1150,2025-05-31 20:11:34,32.51,Grubhub,Atlanta,Transportation,Online,24,Manager,0
TXN-009541,ACCT-1002,2025-10-05 14:32:14,146.45,Uber,New York,Transportation,In-Store,26,Lawyer,0
TXN-009542,ACCT-1138,2025-05-14 23:38:47,157.42,Starbucks,Miami,Subscriptions,In-Store,29,Accountant,0
TXN-009543,ACCT-1040,2025-06-10 11:43:09,576.19,Uber,Miami,Transportation,Online,29,Driver,0
TXN-009544,ACCT-1145,2025-12-30 11:55:07,32.68,McDonalds,Nashville,Entertainment,In-Store,19,Chef,0
TXN-009545,ACCT-1073,2025-06-09 17:13:16,178.91,Uber,Miami,Groceries,In-Store,34,Analyst,0
TXN-009546,ACCT-1033,2025-07-18 06:01:29,99.78,Hilton,Miami,Shopping,Online,43,Teacher,0
TXN-009547,ACCT-1128,2025-06-25 09:11:02,45.89,Chevron,Phoenix,Transportation,In-Store,21,Engineer,0
TXN-009548,ACCT-1017,2025-02-26 11:46:58,52.18,Whole Foods,San Diego,Groceries,Mobile App,76,Nurse,0
TXN-009549,ACCT-1140,2025-12-17 13:20:15,38.72,Whole Foods,Detroit,Utilities,Online,24,Teacher,0
TXN-009550,ACCT-1070,2025-02-23 14:14:36,363.17,Hilton,Portland,Dining,Mobile App,56,Student,0
TXN-009551,ACCT-1183,2025-01-08 20:35:26,539.42,Nike,Portland,Utilities,Phone,60,Retired,0
TXN-009552,ACCT-1068,2025-09-21 17:34:18,37.72,Trader Joes,Atlanta,Travel,Online,22,Accountant,0
TXN-009553,ACCT-1022,2025-02-10 06:08:15,58.73,Lyft,Detroit,Dining,ATM,34,Analyst,0
TXN-009554,ACCT-1081,2025-10-12 14:31:55,134.19,Starbucks,Denver,Utilities,In-Store,77,Accountant,0
TXN-009555,ACCT-1077,2025-06-19 13:46:58,28.6,Best Buy,Seattle,Shopping,In-Store,80,Driver,0
TXN-009556,ACCT-1036,2025-11-21 19:21:05,82.64,DoorDash,Miami,Gas,Online,21,Sales Rep,0
TXN-009557,ACCT-1174,2025-07-06 12:41:17,140.27,Spotify,San Francisco,Dining,Online,34,Retired,0
TXN-009558,ACCT-1057,2025-10-16 14:00:20,101.59,Trader Joes,New York,Shopping,Mobile App,55,Analyst,0
TXN-009559,ACCT-1067,2025-10-19 10:17:49,175.18,Marriott,Boston,Shopping,Online,62,Doctor,0
TXN-009560,ACCT-1096,2025-06-17 09:36:38,270.16,Starbucks,New York,Entertainment,Online,30,Chef,0
TXN-009561,ACCT-1086,2025-01-22 12:55:32,32.04,Netflix,Philadelphia,Healthcare,Online,20,Manager,0
TXN-009562,ACCT-1195,2025-02-06 19:05:32,174.78,Walmart,Houston,Dining,Mobile App,46,Retired,0
TXN-009563,ACCT-1146,2025-02-23 13:40:15,84.58,Grubhub,Atlanta,Shopping,ATM,39,Accountant,0
TXN-009564,ACCT-1177,2025-08-13 14:57:00,178.7,Home Depot,Portland,Entertainment,Online,24,Teacher,1
TXN-009565,ACCT-1036,2025-04-28 19:10:42,44.26,Chevron,Miami,Transportation,Online,21,Sales Rep,0
TXN-009566,ACCT-1029,2025-12-14 20:02:05,96.05,Zara,New York,Personal Care,Online,32,Freelancer,0
TXN-009567,ACCT-1001,2025-10-25 09:37:55,523.12,Grubhub,Minneapolis,Dining,ATM,64,Nurse,0
TXN-009568,ACCT-1199,2025-04-17 19:34:17,327.97,Starbucks,Houston,Gas,In-Store,33,Chef,0
TXN-009569,ACCT-1026,2025-01-19 08:55:05,130.28,Netflix,San Antonio,Transportation,Mobile App,33,Lawyer,0
TXN-009570,ACCT-1010,2025-07-08 16:05:42,15.41,Amazon,Philadelphia,Dining,Online,19,Sales Rep,0
TXN-009571,ACCT-1176,2025-09-06 13:53:42,408.49,Best Buy,San Francisco,Shopping,In-Store,62,Designer,0
TXN-009572,ACCT-1051,2025-11-17 16:16:02,368.08,Nike,Phoenix,Utilities,Mobile App,45,Chef,0
TXN-009573,ACCT-1020,2025-08-01 04:00:00,472.55,Safeway,Detroit,Transportation,Online,36,Engineer,1
TXN-009574,ACCT-1082,2025-04-03 07:49:47,81.83,Shell Gas,Philadelphia,Personal Care,Online,26,Driver,0
TXN-009575,ACCT-1110,2025-05-01 18:25:02,139.15,Home Depot,San Francisco,Personal Care,In-Store,34,Analyst,0
TXN-009576,ACCT-1010,2025-10-07 18:25:39,14.75,Whole Foods,Philadelphia,Subscriptions,Online,19,Sales Rep,0
TXN-009577,ACCT-1141,2025-07-11 11:41:54,154.66,Kroger,San Diego,Gas,Online,32,Engineer,0
TXN-009578,ACCT-1084,2025-07-20 17:48:12,79.53,Target,Dallas,Gas,Online,24,Engineer,0
TXN-009579,ACCT-1180,2025-01-04 15:16:33,131.29,Zara,Detroit,Healthcare,ATM,45,Freelancer,0
TXN-009580,ACCT-1013,2025-06-14 11:11:04,335.22,Trader Joes,Houston,Shopping,Mobile App,45,Driver,0
TXN-009581,ACCT-1026,2025-03-17 13:53:13,178.65,Shell Gas,San Antonio,Travel,In-Store,33,Lawyer,0
TXN-009582,ACCT-1090,2025-08-06 07:14:44,49.95,Walgreens,Dallas,Utilities,ATM,24,Retired,0
TXN-009583,ACCT-1131,2025-11-01 08:17:59,122.78,Zara,Dallas,Entertainment,Phone,34,Lawyer,0
TXN-009584,ACCT-1066,2025-09-06 12:25:16,217.02,Safeway,Houston,Entertainment,In-Store,38,Teacher,0
TXN-009585,ACCT-1036,2025-06-08 14:49:39,48.39,DoorDash,Miami,Subscriptions,ATM,21,Sales Rep,0
TXN-009586,ACCT-1075,2025-07-02 12:52:28,237.09,Safeway,Denver,Utilities,Mobile App,81,Accountant,0
TXN-009587,ACCT-1153,2025-11-13 11:45:35,260.23,Starbucks,Los Angeles,Personal Care,ATM,33,Lawyer,0
TXN-009588,ACCT-1051,2025-01-25 20:38:45,306.63,Netflix,Phoenix,Subscriptions,ATM,45,Chef,0
TXN-009589,ACCT-1005,2025-07-16 09:43:14,24.57,Apple Store,Phoenix,Education,Mobile App,24,Student,0
TXN-009590,ACCT-1074,2025-12-11 14:11:54,97.5,Delta Airlines,Miami,Entertainment,In-Store,42,Freelancer,0
TXN-009591,ACCT-1112,2025-04-05 16:05:59,92.12,Amazon,New York,Entertainment,Mobile App,23,Sales Rep,0
TXN-009592,ACCT-1190,2025-11-21 18:06:50,180.86,Grubhub,Nashville,Healthcare,In-Store,40,Teacher,0
TXN-009593,ACCT-1009,2025-07-10 11:39:22,46.28,United Airlines,Austin,Dining,Online,69,Analyst,0
TXN-009594,ACCT-1009,2025-04-15 10:00:53,133.19,Nike,Austin,Travel,Mobile App,69,Analyst,0
TXN-009595,ACCT-1099,2025-06-05 11:02:50,99.96,Nike,Detroit,Gas,Mobile App,32,Sales Rep,0
TXN-009596,ACCT-1165,2025-02-07 13:40:35,30.35,Chevron,San Antonio,Subscriptions,Online,22,Accountant,0
TXN-009597,ACCT-1082,2025-10-21 11:57:01,60.17,Shell Gas,Philadelphia,Entertainment,Online,26,Driver,0
TXN-009598,ACCT-1142,2025-12-27 15:22:59,46.66,Delta Airlines,Los Angeles,Entertainment,Online,36,Analyst,0
TXN-009599,ACCT-1036,2025-09-24 08:33:30,35.31,Spotify,Nashville,Transportation,Online,21,Sales Rep,0
TXN-009600,ACCT-1000,2025-03-05 17:40:08,179.88,Hilton,Portland,Education,In-Store,59,Freelancer,0
TXN-009601,ACCT-1109,2025-12-19 21:13:16,127.85,Apple Store,Denver,Groceries,Mobile App,42,Student,0
TXN-009602,ACCT-1087,2025-10-05 23:01:31,397.89,Walmart,Philadelphia,Subscriptions,Online,61,Manager,0
TXN-009603,ACCT-1037,2025-06-04 13:14:32,35.6,Costco,Atlanta,Healthcare,Phone,18,Designer,0
TXN-009604,ACCT-1103,2025-09-21 10:47:25,23.48,Hilton,Houston,Personal Care,In-Store,23,Sales Rep,0
TXN-009605,ACCT-1019,2025-05-08 11:43:21,67.8,CVS Pharmacy,Chicago,Gas,Online,41,Lawyer,0
TXN-009606,ACCT-1043,2025-11-07 09:32:22,227.25,Delta Airlines,Atlanta,Subscriptions,In-Store,34,Manager,0
TXN-009607,ACCT-1172,2025-01-02 16:49:55,46.24,Starbucks,Austin,Gas,ATM,25,Nurse,0
TXN-009608,ACCT-1122,2025-09-11 10:49:08,469.4,CVS Pharmacy,Portland,Healthcare,Online,34,Retired,0
TXN-009609,ACCT-1009,2025-03-28 17:22:27,71.73,Nike,Austin,Healthcare,ATM,69,Analyst,0
TXN-009610,ACCT-1003,2025-09-06 10:41:22,130.72,Hilton,San Antonio,Subscriptions,Mobile App,73,Engineer,0
TXN-009611,ACCT-1011,2025-06-21 16:52:16,245.89,Netflix,Atlanta,Entertainment,In-Store,47,Doctor,0
TXN-009612,ACCT-1137,2025-04-07 09:34:17,107.65,Starbucks,Miami,Education,Online,41,Lawyer,0
TXN-009613,ACCT-1052,2025-06-19 21:18:43,43.64,Lyft,Philadelphia,Education,ATM,68,Accountant,0
TXN-009614,ACCT-1044,2025-07-10 16:23:09,71.71,Target,Portland,Subscriptions,Online,73,Doctor,0
TXN-009615,ACCT-1149,2025-10-01 13:13:10,132.06,Zara,Los Angeles,Groceries,Online,41,Sales Rep,0
TXN-009616,ACCT-1103,2025-02-20 16:37:43,10.15,Whole Foods,Houston,Personal Care,Online,23,Sales Rep,0
TXN-009617,ACCT-1183,2025-12-09 13:56:38,163.51,Uber,Portland,Entertainment,Online,60,Retired,0
TXN-009618,ACCT-1120,2025-08-03 20:35:40,357.01,Hilton,Minneapolis,Education,ATM,54,Teacher,0
TXN-009619,ACCT-1189,2025-02-17 17:55:19,14.88,Netflix,Detroit,Shopping,Online,23,Designer,0
TXN-009620,ACCT-1184,2025-11-10 08:33:39,70.92,Zara,Phoenix,Healthcare,ATM,30,Analyst,0
TXN-009621,ACCT-1038,2025-09-11 07:04:21,95.29,Trader Joes,Chicago,Utilities,In-Store,42,Nurse,0
TXN-009622,ACCT-1188,2025-02-05 09:47:13,24.95,Grubhub,Dallas,Utilities,In-Store,23,Sales Rep,0
TXN-009623,ACCT-1043,2025-01-26 21:27:43,203.76,Amazon,Atlanta,Travel,Mobile App,34,Manager,0
TXN-009624,ACCT-1094,2025-06-27 12:06:41,226.12,Lyft,San Francisco,Travel,In-Store,48,Driver,0
TXN-009625,ACCT-1122,2025-01-27 08:19:07,75.45,Lyft,Portland,Subscriptions,Mobile App,34,Retired,0
TXN-009626,ACCT-1027,2025-01-30 18:26:01,85.6,Shell Gas,Houston,Entertainment,Mobile App,28,Sales Rep,0
TXN-009627,ACCT-1174,2025-08-02 07:29:07,128.18,Apple Store,San Francisco,Shopping,In-Store,34,Retired,0
TXN-009628,ACCT-1046,2025-02-09 09:07:55,65.5,Target,Atlanta,Entertainment,In-Store,27,Driver,0
TXN-009629,ACCT-1091,2025-01-24 09:18:52,105.41,Apple Store,Miami,Entertainment,ATM,36,Manager,0
TXN-009630,ACCT-1195,2025-01-27 14:53:23,403.03,Lyft,Houston,Healthcare,Online,46,Retired,0
TXN-009631,ACCT-1140,2025-07-25 21:31:37,25.09,Costco,Detroit,Subscriptions,In-Store,24,Teacher,0
TXN-009632,ACCT-1125,2025-03-28 11:45:43,938.34,United Airlines,Atlanta,Education,Online,61,Teacher,0
TXN-009633,ACCT-1038,2025-03-11 18:02:47,231.26,Chevron,Chicago,Travel,Mobile App,42,Nurse,0
TXN-009634,ACCT-1108,2025-01-24 14:45:05,253.13,McDonalds,San Francisco,Subscriptions,Online,34,Retired,0
TXN-009635,ACCT-1059,2025-09-29 10:36:30,587.38,Uber,Los Angeles,Utilities,Online,48,Doctor,0
TXN-009636,ACCT-1002,2025-10-08 15:48:55,623.53,Starbucks,New York,Utilities,Mobile App,26,Lawyer,0
TXN-009637,ACCT-1190,2025-09-04 12:28:09,73.09,Airbnb,Nashville,Utilities,In-Store,40,Teacher,0
TXN-009638,ACCT-1104,2025-01-20 09:19:18,71.97,Grubhub,Dallas,Groceries,Online,24,Engineer,0
TXN-009639,ACCT-1135,2025-10-03 21:11:00,3583.1,CVS Pharmacy,Los Angeles,Entertainment,Online,37,Driver,1
TXN-009640,ACCT-1001,2025-07-12 14:54:33,117.26,Lyft,Minneapolis,Healthcare,In-Store,64,Nurse,0
TXN-009641,ACCT-1081,2025-12-10 11:01:39,67.16,DoorDash,Denver,Education,Online,77,Accountant,0
TXN-009642,ACCT-1062,2025-08-07 09:12:54,592.16,McDonalds,Chicago,Travel,ATM,52,Student,0
TXN-009643,ACCT-1122,2025-01-31 16:54:45,152.42,CVS Pharmacy,Detroit,Personal Care,ATM,34,Retired,0
TXN-009644,ACCT-1128,2025-02-12 12:27:33,59.98,DoorDash,Denver,Subscriptions,Mobile App,21,Engineer,0
TXN-009645,ACCT-1113,2025-02-25 21:31:08,63.07,Home Depot,Houston,Groceries,Online,41,Designer,0
TXN-009646,ACCT-1077,2025-10-25 14:41:01,14.8,Whole Foods,Seattle,Education,Online,80,Driver,0
TXN-009647,ACCT-1152,2025-07-15 21:10:40,650.4,Walmart,San Francisco,Dining,Online,58,Chef,0
TXN-009648,ACCT-1027,2025-03-25 12:58:25,100.0,Nike,Houston,Gas,Online,28,Sales Rep,0
TXN-009649,ACCT-1193,2025-12-14 16:09:46,57.35,United Airlines,San Diego,Gas,Online,42,Sales Rep,0
TXN-009650,ACCT-1143,2025-09-23 08:57:58,42.76,Uber,Minneapolis,Subscriptions,In-Store,76,Retired,0
TXN-009651,ACCT-1168,2025-01-24 13:17:30,29.37,Zara,Boston,Healthcare,In-Store,82,Teacher,0
TXN-009652,ACCT-1093,2025-05-17 16:54:03,34.8,McDonalds,Boston,Personal Care,Online,41,Chef,0
TXN-009653,ACCT-1129,2025-08-18 18:38:44,93.81,Netflix,Chicago,Utilities,Online,32,Sales Rep,0
TXN-009654,ACCT-1110,2025-07-11 13:50:57,90.46,Walgreens,San Francisco,Healthcare,Phone,34,Analyst,0
TXN-009655,ACCT-1163,2025-02-03 16:30:06,140.07,Zara,Seattle,Shopping,ATM,48,Teacher,0
TXN-009656,ACCT-1056,2025-03-13 13:43:08,49.62,Shell Gas,Philadelphia,Travel,Online,39,Freelancer,0
TXN-009657,ACCT-1088,2025-11-11 07:30:43,188.99,Kroger,Phoenix,Personal Care,Online,33,Designer,0
TXN-009658,ACCT-1146,2025-06-22 13:32:33,173.75,Kroger,Atlanta,Personal Care,Online,39,Accountant,0
TXN-009659,ACCT-1015,2025-02-01 16:04:09,41.17,Airbnb,Denver,Gas,Mobile App,43,Lawyer,0
TXN-009660,ACCT-1061,2025-03-14 11:04:17,575.51,Home Depot,Boston,Entertainment,Online,50,Analyst,0
TXN-009661,ACCT-1079,2025-10-29 13:42:13,107.23,McDonalds,Philadelphia,Shopping,Mobile App,52,Retired,1
TXN-009662,ACCT-1148,2025-10-27 10:01:36,47.32,Amazon,Houston,Travel,Phone,23,Chef,0
TXN-009663,ACCT-1116,2025-06-18 08:07:09,36.26,McDonalds,San Francisco,Gas,In-Store,19,Lawyer,0
TXN-009664,ACCT-1065,2025-03-03 14:37:05,31.21,United Airlines,Chicago,Travel,Mobile App,79,Analyst,0
TXN-009665,ACCT-1014,2025-03-27 17:09:00,3917.29,Airbnb,Nashville,Shopping,Online,54,Chef,1
TXN-009666,ACCT-1152,2025-04-01 22:38:08,173.82,Spotify,San Francisco,Subscriptions,Mobile App,58,Chef,0
TXN-009667,ACCT-1090,2025-02-09 16:44:15,55.34,Walgreens,Los Angeles,Travel,Mobile App,24,Retired,0
TXN-009668,ACCT-1065,2025-04-25 10:42:06,142.14,Spotify,Chicago,Gas,In-Store,79,Analyst,0
TXN-009669,ACCT-1116,2025-01-11 16:04:22,31.39,Costco,San Francisco,Healthcare,Phone,19,Lawyer,0
TXN-009670,ACCT-1127,2025-03-09 11:34:02,131.84,Safeway,Denver,Education,Online,32,Nurse,0
TXN-009671,ACCT-1087,2025-02-22 18:32:32,296.12,Nike,Seattle,Dining,In-Store,61,Manager,0
TXN-009672,ACCT-1013,2025-10-19 08:39:47,176.64,DoorDash,Nashville,Groceries,In-Store,45,Driver,0
TXN-009673,ACCT-1108,2025-07-14 07:49:08,176.06,Marriott,San Francisco,Entertainment,Online,34,Retired,0
TXN-009674,ACCT-1185,2025-09-28 13:22:20,236.83,Target,Boston,Subscriptions,Online,58,Lawyer,0
TXN-009675,ACCT-1173,2025-01-22 18:44:54,304.73,Lyft,San Francisco,Groceries,Online,44,Retired,0
TXN-009676,ACCT-1111,2025-06-08 08:38:20,53.99,United Airlines,Seattle,Groceries,Mobile App,22,Analyst,0
TXN-009677,ACCT-1162,2025-09-07 21:49:51,276.46,Costco,Denver,Utilities,Online,58,Retired,0
TXN-009678,ACCT-1128,2025-06-05 21:22:04,54.32,DoorDash,Denver,Travel,In-Store,21,Engineer,0
TXN-009679,ACCT-1093,2025-02-18 11:07:38,36.41,Delta Airlines,Boston,Entertainment,In-Store,41,Chef,0
TXN-009680,ACCT-1164,2025-05-18 11:07:01,40.3,Apple Store,Seattle,Subscriptions,Mobile App,36,Freelancer,0
TXN-009681,ACCT-1122,2025-07-20 13:51:15,241.87,Marriott,Houston,Healthcare,Online,34,Retired,0
TXN-009682,ACCT-1066,2025-10-31 17:29:20,135.48,Kroger,Houston,Education,Mobile App,38,Teacher,0
TXN-009683,ACCT-1170,2025-09-29 13:19:28,255.95,Best Buy,San Francisco,Subscriptions,Mobile App,60,Lawyer,0
TXN-009684,ACCT-1091,2025-07-31 11:09:22,73.45,Whole Foods,Minneapolis,Groceries,Mobile App,36,Manager,0
TXN-009685,ACCT-1153,2025-04-01 20:15:45,61.93,Hilton,Los Angeles,Healthcare,Mobile App,33,Lawyer,0
TXN-009686,ACCT-1155,2025-09-03 11:47:55,72.2,Home Depot,Los Angeles,Subscriptions,Mobile App,35,Accountant,0
TXN-009687,ACCT-1074,2025-11-11 20:47:33,100.97,Costco,Miami,Education,In-Store,42,Freelancer,0
TXN-009688,ACCT-1157,2025-02-22 08:42:10,240.81,Nike,San Diego,Healthcare,Online,57,Lawyer,0
TXN-009689,ACCT-1060,2025-12-15 14:54:33,152.36,Trader Joes,Phoenix,Subscriptions,Online,42,Accountant,0
TXN-009690,ACCT-1028,2025-08-23 22:56:17,43.21,Shell Gas,Seattle,Transportation,Online,23,Freelancer,0
TXN-009691,ACCT-1041,2025-01-03 11:22:29,219.54,Nike,Los Angeles,Groceries,Online,44,Designer,0
TXN-009692,ACCT-1087,2025-04-07 10:28:22,249.35,Home Depot,Seattle,Healthcare,In-Store,61,Manager,0
TXN-009693,ACCT-1154,2025-06-19 13:34:35,100.32,Home Depot,Phoenix,Personal Care,Online,34,Teacher,0
TXN-009694,ACCT-1007,2025-10-01 07:44:46,213.04,Target,Atlanta,Education,Mobile App,66,Sales Rep,0
TXN-009695,ACCT-1089,2025-05-09 15:14:15,66.23,Kroger,Dallas,Education,Online,18,Driver,0
TXN-009696,ACCT-1172,2025-11-02 14:35:47,77.8,Best Buy,Chicago,Personal Care,In-Store,25,Nurse,0
TXN-009697,ACCT-1128,2025-10-10 12:45:11,26.17,Target,Denver,Entertainment,In-Store,21,Engineer,0
TXN-009698,ACCT-1127,2025-10-19 09:06:41,48.46,Spotify,Denver,Shopping,Online,32,Nurse,0
TXN-009699,ACCT-1037,2025-08-28 12:47:43,34.78,Uber,Atlanta,Entertainment,Online,18,Designer,0
TXN-009700,ACCT-1099,2025-08-08 22:19:18,31.66,Airbnb,Detroit,Subscriptions,Mobile App,32,Sales Rep,0
TXN-009701,ACCT-1130,2025-10-04 12:39:02,44.33,Whole Foods,Detroit,Healthcare,Online,27,Lawyer,0
TXN-009702,ACCT-1096,2025-08-30 16:30:18,94.01,Costco,New York,Groceries,In-Store,30,Chef,0
TXN-009703,ACCT-1125,2025-12-01 11:03:00,387.17,OffshorePay Inc,Tirana,Shopping,Online,61,Teacher,1
TXN-009704,ACCT-1120,2025-02-27 14:04:58,517.38,Nike,Minneapolis,Utilities,In-Store,54,Teacher,0
TXN-009705,ACCT-1005,2025-11-13 06:37:46,26.82,Whole Foods,Phoenix,Healthcare,Online,24,Student,0
TXN-009706,ACCT-1199,2025-07-05 17:56:16,221.94,Starbucks,Houston,Entertainment,In-Store,33,Chef,0
TXN-009707,ACCT-1179,2025-01-04 22:39:56,51.82,Apple Store,Nashville,Personal Care,Online,41,Engineer,0
TXN-009708,ACCT-1148,2025-08-02 09:43:24,203.66,Home Depot,Portland,Education,Mobile App,23,Chef,1
TXN-009709,ACCT-1115,2025-01-03 22:55:00,85.99,Apple Store,Chicago,Entertainment,In-Store,40,Sales Rep,0
TXN-009710,ACCT-1075,2025-03-27 14:48:22,90.44,United Airlines,Denver,Shopping,In-Store,81,Accountant,0
TXN-009711,ACCT-1161,2025-01-02 19:21:37,201.33,CVS Pharmacy,Detroit,Healthcare,In-Store,75,Engineer,0
TXN-009712,ACCT-1148,2025-10-05 12:00:29,34.2,Safeway,Houston,Shopping,Online,23,Chef,0
TXN-009713,ACCT-1199,2025-09-09 09:23:32,55.71,Home Depot,Houston,Education,Online,33,Chef,0
TXN-009714,ACCT-1181,2025-05-18 13:27:41,167.43,Target,Detroit,Subscriptions,Mobile App,48,Manager,0
TXN-009715,ACCT-1131,2025-06-24 13:36:21,181.89,Home Depot,Dallas,Subscriptions,In-Store,34,Lawyer,0
TXN-009716,ACCT-1094,2025-10-10 10:36:08,187.73,Lyft,San Francisco,Shopping,In-Store,48,Driver,0
TXN-009717,ACCT-1192,2025-10-13 19:19:03,142.46,Uber,Philadelphia,Entertainment,Mobile App,56,Designer,0
TXN-009718,ACCT-1124,2025-04-10 08:43:13,117.97,Chevron,Miami,Utilities,Mobile App,33,Analyst,0
TXN-009719,ACCT-1164,2025-07-31 12:27:01,89.27,Apple Store,Seattle,Dining,Online,36,Freelancer,0
TXN-009720,ACCT-1145,2025-12-30 19:02:18,6.57,Shell Gas,Nashville,Transportation,Online,19,Chef,0
TXN-009721,ACCT-1004,2025-02-25 10:24:26,166.09,DoorDash,Denver,Dining,Online,28,Designer,0
TXN-009722,ACCT-1014,2025-05-06 13:15:02,379.9,Target,Atlanta,Education,Mobile App,54,Chef,0
TXN-009723,ACCT-1090,2025-05-16 02:02:00,341.6,Costco,Dallas,Transportation,ATM,24,Retired,1
TXN-009724,ACCT-1108,2025-05-07 07:05:47,188.08,Marriott,San Francisco,Subscriptions,ATM,34,Retired,0
TXN-009725,ACCT-1025,2025-04-16 22:49:48,90.89,Nike,New York,Shopping,Mobile App,43,Chef,0
TXN-009726,ACCT-1158,2025-08-09 12:31:39,50.11,Apple Store,Nashville,Subscriptions,Online,23,Doctor,0
TXN-009727,ACCT-1028,2025-01-31 09:17:10,49.34,Hilton,Seattle,Travel,Online,23,Freelancer,0
TXN-009728,ACCT-1027,2025-11-29 05:47:40,124.65,Home Depot,Houston,Subscriptions,Online,28,Sales Rep,0
TXN-009729,ACCT-1057,2025-05-09 22:33:13,257.43,CVS Pharmacy,Seattle,Groceries,Online,55,Analyst,0
TXN-009730,ACCT-1089,2025-01-30 14:22:01,21.95,Grubhub,Dallas,Entertainment,ATM,18,Driver,0
TXN-009731,ACCT-1006,2025-01-26 16:42:09,85.74,Lyft,Atlanta,Healthcare,Phone,55,Nurse,0
TXN-009732,ACCT-1132,2025-06-14 22:26:00,196.23,Best Buy,Miami,Personal Care,In-Store,54,Manager,0
TXN-009733,ACCT-1089,2025-04-17 15:45:45,43.02,Kroger,Dallas,Shopping,Online,18,Driver,0
TXN-009734,ACCT-1113,2025-09-29 09:21:55,58.36,Netflix,Houston,Personal Care,Online,41,Designer,0
TXN-009735,ACCT-1084,2025-10-26 13:03:09,40.37,Lyft,Dallas,Subscriptions,Mobile App,24,Engineer,0
TXN-009736,ACCT-1170,2025-10-25 11:17:57,623.2,Home Depot,San Francisco,Shopping,Phone,60,Lawyer,0
TXN-009737,ACCT-1058,2025-03-02 14:16:05,132.91,Hilton,San Diego,Groceries,In-Store,36,Designer,0
TXN-009738,ACCT-1185,2025-09-26 21:17:33,475.29,Delta Airlines,New York,Subscriptions,Online,58,Lawyer,0
TXN-009739,ACCT-1108,2025-02-01 13:56:24,96.64,Safeway,San Francisco,Shopping,In-Store,34,Retired,0
TXN-009740,ACCT-1072,2025-07-01 18:07:47,174.74,Walmart,San Diego,Shopping,Online,53,Analyst,0
TXN-009741,ACCT-1071,2025-07-23 15:31:28,149.34,Best Buy,Nashville,Subscriptions,Online,42,Analyst,0
TXN-009742,ACCT-1013,2025-12-12 11:07:29,220.32,McDonalds,Houston,Shopping,Online,45,Driver,0
TXN-009743,ACCT-1166,2025-01-31 13:33:40,19.58,Home Depot,Chicago,Subscriptions,In-Store,21,Designer,0
TXN-009744,ACCT-1015,2025-02-07 21:51:18,100.02,Walgreens,Minneapolis,Dining,ATM,43,Lawyer,0
TXN-009745,ACCT-1009,2025-03-24 14:14:42,85.69,Safeway,Austin,Personal Care,Phone,69,Analyst,0
TXN-009746,ACCT-1181,2025-01-13 07:33:09,206.26,Starbucks,Detroit,Transportation,Mobile App,48,Manager,0
TXN-009747,ACCT-1062,2025-11-23 20:22:29,224.91,Grubhub,Chicago,Groceries,ATM,52,Student,0
TXN-009748,ACCT-1025,2025-08-07 12:59:24,205.3,Trader Joes,New York,Transportation,In-Store,43,Chef,0
TXN-009749,ACCT-1032,2025-10-29 23:35:43,188.96,Hilton,New York,Personal Care,In-Store,34,Analyst,0
TXN-009750,ACCT-1120,2025-03-18 22:25:27,175.0,Nike,Minneapolis,Transportation,ATM,54,Teacher,0
TXN-009751,ACCT-1000,2025-03-04 07:54:56,255.14,Best Buy,Portland,Shopping,Mobile App,59,Freelancer,0
TXN-009752,ACCT-1088,2025-08-21 12:59:20,163.41,Kroger,Phoenix,Healthcare,Mobile App,33,Designer,0
TXN-009753,ACCT-1179,2025-04-14 15:36:48,110.09,Apple Store,Nashville,Dining,In-Store,41,Engineer,0
TXN-009754,ACCT-1107,2025-04-13 14:20:01,619.35,Lyft,Austin,Shopping,ATM,63,Student,0
TXN-009755,ACCT-1014,2025-11-16 19:51:13,386.09,Target,Nashville,Personal Care,Online,54,Chef,0
TXN-009756,ACCT-1138,2025-03-18 10:55:16,128.68,Apple Store,Miami,Gas,In-Store,29,Accountant,0
TXN-009757,ACCT-1054,2025-09-20 22:44:42,113.54,Kroger,Nashville,Groceries,Online,80,Retired,0
TXN-009758,ACCT-1025,2025-07-16 18:26:56,277.16,Nike,New York,Education,In-Store,43,Chef,0
TXN-009759,ACCT-1070,2025-03-14 12:35:26,227.71,Hilton,Portland,Healthcare,Online,56,Student,0
TXN-009760,ACCT-1154,2025-10-25 09:40:47,80.75,Home Depot,San Diego,Subscriptions,In-Store,34,Teacher,0
TXN-009761,ACCT-1029,2025-03-06 08:50:21,104.22,Zara,New York,Shopping,In-Store,32,Freelancer,0
TXN-009762,ACCT-1087,2025-08-29 13:17:18,217.07,Grubhub,Seattle,Subscriptions,In-Store,61,Manager,0
TXN-009763,ACCT-1023,2025-06-03 14:01:45,100.58,Marriott,Dallas,Personal Care,Online,39,Retired,0
TXN-009764,ACCT-1063,2025-06-09 16:44:43,93.88,Airbnb,Austin,Shopping,Phone,70,Driver,0
TXN-009765,ACCT-1131,2025-09-09 11:12:37,120.32,Home Depot,Phoenix,Shopping,Online,34,Lawyer,0
TXN-009766,ACCT-1013,2025-08-03 15:52:53,403.0,McDonalds,Dallas,Entertainment,Mobile App,45,Driver,0
TXN-009767,ACCT-1119,2025-01-11 13:12:37,40.18,Safeway,Boston,Entertainment,Online,41,Designer,0
TXN-009768,ACCT-1133,2025-03-27 15:17:20,29.08,Grubhub,Nashville,Shopping,Mobile App,19,Student,0
TXN-009769,ACCT-1159,2025-12-01 18:17:44,197.19,Marriott,San Diego,Shopping,Online,39,Student,0
TXN-009770,ACCT-1195,2025-02-16 13:02:22,279.23,DoorDash,Houston,Transportation,In-Store,46,Retired,0
TXN-009771,ACCT-1083,2025-01-30 16:04:15,157.87,Netflix,Detroit,Shopping,Online,52,Freelancer,0
TXN-009772,ACCT-1163,2025-06-18 07:16:29,310.63,Zara,Seattle,Shopping,Online,48,Teacher,0
TXN-009773,ACCT-1137,2025-11-14 14:02:18,251.7,Home Depot,Miami,Dining,Online,41,Lawyer,0
TXN-009774,ACCT-1103,2025-10-06 19:17:14,24.73,Chevron,Houston,Subscriptions,Online,23,Sales Rep,0
TXN-009775,ACCT-1162,2025-11-03 15:19:20,455.84,CVS Pharmacy,Denver,Education,Online,58,Retired,0
TXN-009776,ACCT-1194,2025-10-10 08:06:59,310.54,Zara,San Diego,Healthcare,Online,84,Lawyer,0
TXN-009777,ACCT-1046,2025-12-19 09:51:14,156.33,Target,Atlanta,Groceries,Phone,27,Driver,0
TXN-009778,ACCT-1018,2025-01-10 20:54:39,55.87,Costco,Seattle,Education,In-Store,28,Retired,0
TXN-009779,ACCT-1115,2025-02-19 12:42:07,88.01,Hilton,San Francisco,Entertainment,Mobile App,40,Sales Rep,0
TXN-009780,ACCT-1091,2025-04-11 18:12:18,100.32,Whole Foods,Miami,Entertainment,Mobile App,36,Manager,0
TXN-009781,ACCT-1199,2025-11-04 11:35:37,196.72,Shell Gas,Houston,Utilities,Mobile App,33,Chef,0
TXN-009782,ACCT-1109,2025-10-24 21:29:38,63.42,Shell Gas,Nashville,Transportation,Phone,42,Student,0
TXN-009783,ACCT-1173,2025-08-18 11:52:51,242.75,Spotify,Chicago,Groceries,Mobile App,44,Retired,0
TXN-009784,ACCT-1117,2025-07-28 20:45:33,149.0,Uber,Houston,Gas,Online,56,Teacher,0
TXN-009785,ACCT-1116,2025-05-07 12:11:07,53.68,Costco,Boston,Utilities,In-Store,19,Lawyer,0
TXN-009786,ACCT-1154,2025-01-18 13:30:06,184.76,Whole Foods,San Diego,Education,Mobile App,34,Teacher,0
TXN-009787,ACCT-1159,2025-12-06 15:07:02,186.08,Spotify,Portland,Dining,Online,39,Student,0
TXN-009788,ACCT-1013,2025-07-29 11:41:39,200.86,DoorDash,Houston,Dining,Online,45,Driver,0
TXN-009789,ACCT-1156,2025-03-17 19:41:35,19.2,Grubhub,Atlanta,Entertainment,Online,18,Sales Rep,0
TXN-009790,ACCT-1016,2025-07-17 08:08:26,201.09,Marriott,Atlanta,Healthcare,ATM,26,Driver,0
TXN-009791,ACCT-1154,2025-10-19 14:45:04,96.22,CVS Pharmacy,San Diego,Shopping,In-Store,34,Teacher,0
TXN-009792,ACCT-1068,2025-04-20 09:32:45,18.08,Trader Joes,Atlanta,Groceries,Online,22,Accountant,0
TXN-009793,ACCT-1110,2025-05-05 17:21:08,122.51,Kroger,San Francisco,Travel,Online,34,Analyst,0
TXN-009794,ACCT-1033,2025-08-07 19:28:54,120.05,Best Buy,Miami,Transportation,Online,43,Teacher,0
TXN-009795,ACCT-1072,2025-08-19 12:19:37,269.16,Walmart,San Diego,Healthcare,Online,53,Analyst,0
TXN-009796,ACCT-1132,2025-10-10 12:31:07,150.38,Chevron,Miami,Gas,Mobile App,54,Manager,0
TXN-009797,ACCT-1038,2025-01-23 11:14:24,107.28,Walgreens,San Diego,Subscriptions,Mobile App,42,Nurse,0
TXN-009798,ACCT-1040,2025-08-11 11:29:10,201.31,Best Buy,Miami,Travel,Mobile App,29,Driver,0
TXN-009799,ACCT-1093,2025-11-13 10:19:29,25.21,Apple Store,Boston,Shopping,In-Store,41,Chef,0
